cible_debit_J+0,cible_debit_J+1,cible_debit_J+2,cible_debit_J+3,cible_debit_J+4,cible_debit_J+5,cible_debit_J+6,cible_debit_J+7,cible_debit_J+8,cible_debit_J+9,cible_debit_J+10,cible_debit_J+11,cible_debit_J+12,cible_debit_J+13,cible_debit_J+14,cible_debit_J+15
3632.9380201791064,3240.8714052684463,3567.2590352459933,3448.5960738905214,3417.8869519114965,3464.5385058182283,3487.024057105209,3616.1389484063875,3590.837608643446,3773.645938296479,3465.7887008564335,3671.6093126452515,3605.6813050190785,3795.237915127858,3528.3962082973494,3728.1652218963204
3240.8714052684463,3567.2590352459933,3448.5960738905214,3417.8869519114965,3464.5385058182283,3487.024057105209,3616.1389484063875,3590.837608643446,3773.645938296479,3465.7887008564335,3671.6093126452515,3605.6813050190785,3795.237915127858,3528.3962082973494,3728.1652218963204,3805.6587477573094
3567.2590352459933,3448.5960738905214,3417.8869519114965,3464.5385058182283,3487.024057105209,3616.1389484063875,3590.837608643446,3773.645938296479,3465.7887008564335,3671.6093126452515,3605.6813050190785,3795.237915127858,3528.3962082973494,3728.1652218963204,3805.6587477573094,3658.0892067112864
3448.5960738905214,3417.8869519114965,3464.5385058182283,3487.024057105209,3616.1389484063875,3590.837608643446,3773.645938296479,3465.7887008564335,3671.6093126452515,3605.6813050190785,3795.237915127858,3528.3962082973494,3728.1652218963204,3805.6587477573094,3658.0892067112864,3926.6735724047
3417.8869519114965,3464.5385058182283,3487.024057105209,3616.1389484063875,3590.837608643446,3773.645938296479,3465.7887008564335,3671.6093126452515,3605.6813050190785,3795.237915127858,3528.3962082973494,3728.1652218963204,3805.6587477573094,3658.0892067112864,3926.6735724047,3867.4142425340183
3464.5385058182283,3487.024057105209,3616.1389484063875,3590.837608643446,3773.645938296479,3465.7887008564335,3671.6093126452515,3605.6813050190785,3795.237915127858,3528.3962082973494,3728.1652218963204,3805.6587477573094,3658.0892067112864,3926.6735724047,3867.4142425340183,3971.3680687843557
3487.024057105209,3616.1389484063875,3590.837608643446,3773.645938296479,3465.7887008564335,3671.6093126452515,3605.6813050190785,3795.237915127858,3528.3962082973494,3728.1652218963204,3805.6587477573094,3658.0892067112864,3926.6735724047,3867.4142425340183,3971.3680687843557,3987.4827207449257
3616.1389484063875,3590.837608643446,3773.645938296479,3465.7887008564335,3671.6093126452515,3605.6813050190785,3795.237915127858,3528.3962082973494,3728.1652218963204,3805.6587477573094,3658.0892067112864,3926.6735724047,3867.4142425340183,3971.3680687843557,3987.4827207449257,3814.1967932028447
3590.837608643446,3773.645938296479,3465.7887008564335,3671.6093126452515,3605.6813050190785,3795.237915127858,3528.3962082973494,3728.1652218963204,3805.6587477573094,3658.0892067112864,3926.6735724047,3867.4142425340183,3971.3680687843557,3987.4827207449257,3814.1967932028447,3852.750759610868
3773.645938296479,3465.7887008564335,3671.6093126452515,3605.6813050190785,3795.237915127858,3528.3962082973494,3728.1652218963204,3805.6587477573094,3658.0892067112864,3926.6735724047,3867.4142425340183,3971.3680687843557,3987.4827207449257,3814.1967932028447,3852.750759610868,3932.2692216529254
3465.7887008564335,3671.6093126452515,3605.6813050190785,3795.237915127858,3528.3962082973494,3728.1652218963204,3805.6587477573094,3658.0892067112864,3926.6735724047,3867.4142425340183,3971.3680687843557,3987.4827207449257,3814.1967932028447,3852.750759610868,3932.2692216529254,4047.1886872598816
3671.6093126452515,3605.6813050190785,3795.237915127858,3528.3962082973494,3728.1652218963204,3805.6587477573094,3658.0892067112864,3926.6735724047,3867.4142425340183,3971.3680687843557,3987.4827207449257,3814.1967932028447,3852.750759610868,3932.2692216529254,4047.1886872598816,4076.991941546012
3605.6813050190785,3795.237915127858,3528.3962082973494,3728.1652218963204,3805.6587477573094,3658.0892067112864,3926.6735724047,3867.4142425340183,3971.3680687843557,3987.4827207449257,3814.1967932028447,3852.750759610868,3932.2692216529254,4047.1886872598816,4076.991941546012,3940.135705411056
3795.237915127858,3528.3962082973494,3728.1652218963204,3805.6587477573094,3658.0892067112864,3926.6735724047,3867.4142425340183,3971.3680687843557,3987.4827207449257,3814.1967932028447,3852.750759610868,3932.2692216529254,4047.1886872598816,4076.991941546012,3940.135705411056,3969.2942519922
3528.3962082973494,3728.1652218963204,3805.6587477573094,3658.0892067112864,3926.6735724047,3867.4142425340183,3971.3680687843557,3987.4827207449257,3814.1967932028447,3852.750759610868,3932.2692216529254,4047.1886872598816,4076.991941546012,3940.135705411056,3969.2942519922,3968.8366593316814
3728.1652218963204,3805.6587477573094,3658.0892067112864,3926.6735724047,3867.4142425340183,3971.3680687843557,3987.4827207449257,3814.1967932028447,3852.750759610868,3932.2692216529254,4047.1886872598816,4076.991941546012,3940.135705411056,3969.2942519922,3968.8366593316814,4008.4898050449883
3805.6587477573094,3658.0892067112864,3926.6735724047,3867.4142425340183,3971.3680687843557,3987.4827207449257,3814.1967932028447,3852.750759610868,3932.2692216529254,4047.1886872598816,4076.991941546012,3940.135705411056,3969.2942519922,3968.8366593316814,4008.4898050449883,4061.1002504091357
3658.0892067112864,3926.6735724047,3867.4142425340183,3971.3680687843557,3987.4827207449257,3814.1967932028447,3852.750759610868,3932.2692216529254,4047.1886872598816,4076.991941546012,3940.135705411056,3969.2942519922,3968.8366593316814,4008.4898050449883,4061.1002504091357,4089.369006430385
3926.6735724047,3867.4142425340183,3971.3680687843557,3987.4827207449257,3814.1967932028447,3852.750759610868,3932.2692216529254,4047.1886872598816,4076.991941546012,3940.135705411056,3969.2942519922,3968.8366593316814,4008.4898050449883,4061.1002504091357,4089.369006430385,4325.693618648391
3867.4142425340183,3971.3680687843557,3987.4827207449257,3814.1967932028447,3852.750759610868,3932.2692216529254,4047.1886872598816,4076.991941546012,3940.135705411056,3969.2942519922,3968.8366593316814,4008.4898050449883,4061.1002504091357,4089.369006430385,4325.693618648391,4086.242075267378
3971.3680687843557,3987.4827207449257,3814.1967932028447,3852.750759610868,3932.2692216529254,4047.1886872598816,4076.991941546012,3940.135705411056,3969.2942519922,3968.8366593316814,4008.4898050449883,4061.1002504091357,4089.369006430385,4325.693618648391,4086.242075267378,4124.673852185455
3987.4827207449257,3814.1967932028447,3852.750759610868,3932.2692216529254,4047.1886872598816,4076.991941546012,3940.135705411056,3969.2942519922,3968.8366593316814,4008.4898050449883,4061.1002504091357,4089.369006430385,4325.693618648391,4086.242075267378,4124.673852185455,4215.72655653448
3814.1967932028447,3852.750759610868,3932.2692216529254,4047.1886872598816,4076.991941546012,3940.135705411056,3969.2942519922,3968.8366593316814,4008.4898050449883,4061.1002504091357,4089.369006430385,4325.693618648391,4086.242075267378,4124.673852185455,4215.72655653448,4090.537688810329
3852.750759610868,3932.2692216529254,4047.1886872598816,4076.991941546012,3940.135705411056,3969.2942519922,3968.8366593316814,4008.4898050449883,4061.1002504091357,4089.369006430385,4325.693618648391,4086.242075267378,4124.673852185455,4215.72655653448,4090.537688810329,4164.607781555194
3932.2692216529254,4047.1886872598816,4076.991941546012,3940.135705411056,3969.2942519922,3968.8366593316814,4008.4898050449883,4061.1002504091357,4089.369006430385,4325.693618648391,4086.242075267378,4124.673852185455,4215.72655653448,4090.537688810329,4164.607781555194,4218.0722112339445
4047.1886872598816,4076.991941546012,3940.135705411056,3969.2942519922,3968.8366593316814,4008.4898050449883,4061.1002504091357,4089.369006430385,4325.693618648391,4086.242075267378,4124.673852185455,4215.72655653448,4090.537688810329,4164.607781555194,4218.0722112339445,4309.064771421061
4076.991941546012,3940.135705411056,3969.2942519922,3968.8366593316814,4008.4898050449883,4061.1002504091357,4089.369006430385,4325.693618648391,4086.242075267378,4124.673852185455,4215.72655653448,4090.537688810329,4164.607781555194,4218.0722112339445,4309.064771421061,4114.594039343511
3940.135705411056,3969.2942519922,3968.8366593316814,4008.4898050449883,4061.1002504091357,4089.369006430385,4325.693618648391,4086.242075267378,4124.673852185455,4215.72655653448,4090.537688810329,4164.607781555194,4218.0722112339445,4309.064771421061,4114.594039343511,4397.519050140472
3969.2942519922,3968.8366593316814,4008.4898050449883,4061.1002504091357,4089.369006430385,4325.693618648391,4086.242075267378,4124.673852185455,4215.72655653448,4090.537688810329,4164.607781555194,4218.0722112339445,4309.064771421061,4114.594039343511,4397.519050140472,4238.929982632061
3968.8366593316814,4008.4898050449883,4061.1002504091357,4089.369006430385,4325.693618648391,4086.242075267378,4124.673852185455,4215.72655653448,4090.537688810329,4164.607781555194,4218.0722112339445,4309.064771421061,4114.594039343511,4397.519050140472,4238.929982632061,4304.5439270482
4008.4898050449883,4061.1002504091357,4089.369006430385,4325.693618648391,4086.242075267378,4124.673852185455,4215.72655653448,4090.537688810329,4164.607781555194,4218.0722112339445,4309.064771421061,4114.594039343511,4397.519050140472,4238.929982632061,4304.5439270482,4385.356658815263
4061.1002504091357,4089.369006430385,4325.693618648391,4086.242075267378,4124.673852185455,4215.72655653448,4090.537688810329,4164.607781555194,4218.0722112339445,4309.064771421061,4114.594039343511,4397.519050140472,4238.929982632061,4304.5439270482,4385.356658815263,4379.387781460648
4089.369006430385,4325.693618648391,4086.242075267378,4124.673852185455,4215.72655653448,4090.537688810329,4164.607781555194,4218.0722112339445,4309.064771421061,4114.594039343511,4397.519050140472,4238.929982632061,4304.5439270482,4385.356658815263,4379.387781460648,4431.503709660546
4325.693618648391,4086.242075267378,4124.673852185455,4215.72655653448,4090.537688810329,4164.607781555194,4218.0722112339445,4309.064771421061,4114.594039343511,4397.519050140472,4238.929982632061,4304.5439270482,4385.356658815263,4379.387781460648,4431.503709660546,4354.780073838519
4086.242075267378,4124.673852185455,4215.72655653448,4090.537688810329,4164.607781555194,4218.0722112339445,4309.064771421061,4114.594039343511,4397.519050140472,4238.929982632061,4304.5439270482,4385.356658815263,4379.387781460648,4431.503709660546,4354.780073838519,4346.982951992087
4124.673852185455,4215.72655653448,4090.537688810329,4164.607781555194,4218.0722112339445,4309.064771421061,4114.594039343511,4397.519050140472,4238.929982632061,4304.5439270482,4385.356658815263,4379.387781460648,4431.503709660546,4354.780073838519,4346.982951992087,4391.676962074657
4215.72655653448,4090.537688810329,4164.607781555194,4218.0722112339445,4309.064771421061,4114.594039343511,4397.519050140472,4238.929982632061,4304.5439270482,4385.356658815263,4379.387781460648,4431.503709660546,4354.780073838519,4346.982951992087,4391.676962074657,4271.139935451333
4090.537688810329,4164.607781555194,4218.0722112339445,4309.064771421061,4114.594039343511,4397.519050140472,4238.929982632061,4304.5439270482,4385.356658815263,4379.387781460648,4431.503709660546,4354.780073838519,4346.982951992087,4391.676962074657,4271.139935451333,4502.406962113784
4164.607781555194,4218.0722112339445,4309.064771421061,4114.594039343511,4397.519050140472,4238.929982632061,4304.5439270482,4385.356658815263,4379.387781460648,4431.503709660546,4354.780073838519,4346.982951992087,4391.676962074657,4271.139935451333,4502.406962113784,4313.3176944628285
4218.0722112339445,4309.064771421061,4114.594039343511,4397.519050140472,4238.929982632061,4304.5439270482,4385.356658815263,4379.387781460648,4431.503709660546,4354.780073838519,4346.982951992087,4391.676962074657,4271.139935451333,4502.406962113784,4313.3176944628285,4274.288448688622
4309.064771421061,4114.594039343511,4397.519050140472,4238.929982632061,4304.5439270482,4385.356658815263,4379.387781460648,4431.503709660546,4354.780073838519,4346.982951992087,4391.676962074657,4271.139935451333,4502.406962113784,4313.3176944628285,4274.288448688622,4614.995857023446
4114.594039343511,4397.519050140472,4238.929982632061,4304.5439270482,4385.356658815263,4379.387781460648,4431.503709660546,4354.780073838519,4346.982951992087,4391.676962074657,4271.139935451333,4502.406962113784,4313.3176944628285,4274.288448688622,4614.995857023446,4404.335576418413
4397.519050140472,4238.929982632061,4304.5439270482,4385.356658815263,4379.387781460648,4431.503709660546,4354.780073838519,4346.982951992087,4391.676962074657,4271.139935451333,4502.406962113784,4313.3176944628285,4274.288448688622,4614.995857023446,4404.335576418413,4308.27307146088
4238.929982632061,4304.5439270482,4385.356658815263,4379.387781460648,4431.503709660546,4354.780073838519,4346.982951992087,4391.676962074657,4271.139935451333,4502.406962113784,4313.3176944628285,4274.288448688622,4614.995857023446,4404.335576418413,4308.27307146088,4619.195987777408
4304.5439270482,4385.356658815263,4379.387781460648,4431.503709660546,4354.780073838519,4346.982951992087,4391.676962074657,4271.139935451333,4502.406962113784,4313.3176944628285,4274.288448688622,4614.995857023446,4404.335576418413,4308.27307146088,4619.195987777408,4408.356875893736
4385.356658815263,4379.387781460648,4431.503709660546,4354.780073838519,4346.982951992087,4391.676962074657,4271.139935451333,4502.406962113784,4313.3176944628285,4274.288448688622,4614.995857023446,4404.335576418413,4308.27307146088,4619.195987777408,4408.356875893736,4554.468327500061
4379.387781460648,4431.503709660546,4354.780073838519,4346.982951992087,4391.676962074657,4271.139935451333,4502.406962113784,4313.3176944628285,4274.288448688622,4614.995857023446,4404.335576418413,4308.27307146088,4619.195987777408,4408.356875893736,4554.468327500061,4371.8159231161935
4431.503709660546,4354.780073838519,4346.982951992087,4391.676962074657,4271.139935451333,4502.406962113784,4313.3176944628285,4274.288448688622,4614.995857023446,4404.335576418413,4308.27307146088,4619.195987777408,4408.356875893736,4554.468327500061,4371.8159231161935,4435.960351747025
4354.780073838519,4346.982951992087,4391.676962074657,4271.139935451333,4502.406962113784,4313.3176944628285,4274.288448688622,4614.995857023446,4404.335576418413,4308.27307146088,4619.195987777408,4408.356875893736,4554.468327500061,4371.8159231161935,4435.960351747025,4297.62669137486
4346.982951992087,4391.676962074657,4271.139935451333,4502.406962113784,4313.3176944628285,4274.288448688622,4614.995857023446,4404.335576418413,4308.27307146088,4619.195987777408,4408.356875893736,4554.468327500061,4371.8159231161935,4435.960351747025,4297.62669137486,4280.793008774041
4391.676962074657,4271.139935451333,4502.406962113784,4313.3176944628285,4274.288448688622,4614.995857023446,4404.335576418413,4308.27307146088,4619.195987777408,4408.356875893736,4554.468327500061,4371.8159231161935,4435.960351747025,4297.62669137486,4280.793008774041,4378.815307942276
4271.139935451333,4502.406962113784,4313.3176944628285,4274.288448688622,4614.995857023446,4404.335576418413,4308.27307146088,4619.195987777408,4408.356875893736,4554.468327500061,4371.8159231161935,4435.960351747025,4297.62669137486,4280.793008774041,4378.815307942276,4472.989779083403
4502.406962113784,4313.3176944628285,4274.288448688622,4614.995857023446,4404.335576418413,4308.27307146088,4619.195987777408,4408.356875893736,4554.468327500061,4371.8159231161935,4435.960351747025,4297.62669137486,4280.793008774041,4378.815307942276,4472.989779083403,4564.488975469211
4313.3176944628285,4274.288448688622,4614.995857023446,4404.335576418413,4308.27307146088,4619.195987777408,4408.356875893736,4554.468327500061,4371.8159231161935,4435.960351747025,4297.62669137486,4280.793008774041,4378.815307942276,4472.989779083403,4564.488975469211,4730.769834309735
4274.288448688622,4614.995857023446,4404.335576418413,4308.27307146088,4619.195987777408,4408.356875893736,4554.468327500061,4371.8159231161935,4435.960351747025,4297.62669137486,4280.793008774041,4378.815307942276,4472.989779083403,4564.488975469211,4730.769834309735,4387.978497543902
4614.995857023446,4404.335576418413,4308.27307146088,4619.195987777408,4408.356875893736,4554.468327500061,4371.8159231161935,4435.960351747025,4297.62669137486,4280.793008774041,4378.815307942276,4472.989779083403,4564.488975469211,4730.769834309735,4387.978497543902,4594.644580241972
4404.335576418413,4308.27307146088,4619.195987777408,4408.356875893736,4554.468327500061,4371.8159231161935,4435.960351747025,4297.62669137486,4280.793008774041,4378.815307942276,4472.989779083403,4564.488975469211,4730.769834309735,4387.978497543902,4594.644580241972,4435.4401857674275
4308.27307146088,4619.195987777408,4408.356875893736,4554.468327500061,4371.8159231161935,4435.960351747025,4297.62669137486,4280.793008774041,4378.815307942276,4472.989779083403,4564.488975469211,4730.769834309735,4387.978497543902,4594.644580241972,4435.4401857674275,4482.312429090428
4619.195987777408,4408.356875893736,4554.468327500061,4371.8159231161935,4435.960351747025,4297.62669137486,4280.793008774041,4378.815307942276,4472.989779083403,4564.488975469211,4730.769834309735,4387.978497543902,4594.644580241972,4435.4401857674275,4482.312429090428,4350.694122272239
4408.356875893736,4554.468327500061,4371.8159231161935,4435.960351747025,4297.62669137486,4280.793008774041,4378.815307942276,4472.989779083403,4564.488975469211,4730.769834309735,4387.978497543902,4594.644580241972,4435.4401857674275,4482.312429090428,4350.694122272239,4351.719111851818
4554.468327500061,4371.8159231161935,4435.960351747025,4297.62669137486,4280.793008774041,4378.815307942276,4472.989779083403,4564.488975469211,4730.769834309735,4387.978497543902,4594.644580241972,4435.4401857674275,4482.312429090428,4350.694122272239,4351.719111851818,4422.132265696027
4371.8159231161935,4435.960351747025,4297.62669137486,4280.793008774041,4378.815307942276,4472.989779083403,4564.488975469211,4730.769834309735,4387.978497543902,4594.644580241972,4435.4401857674275,4482.312429090428,4350.694122272239,4351.719111851818,4422.132265696027,4380.584036464246
4435.960351747025,4297.62669137486,4280.793008774041,4378.815307942276,4472.989779083403,4564.488975469211,4730.769834309735,4387.978497543902,4594.644580241972,4435.4401857674275,4482.312429090428,4350.694122272239,4351.719111851818,4422.132265696027,4380.584036464246,4499.012589254195
4297.62669137486,4280.793008774041,4378.815307942276,4472.989779083403,4564.488975469211,4730.769834309735,4387.978497543902,4594.644580241972,4435.4401857674275,4482.312429090428,4350.694122272239,4351.719111851818,4422.132265696027,4380.584036464246,4499.012589254195,4428.145824447434
4280.793008774041,4378.815307942276,4472.989779083403,4564.488975469211,4730.769834309735,4387.978497543902,4594.644580241972,4435.4401857674275,4482.312429090428,4350.694122272239,4351.719111851818,4422.132265696027,4380.584036464246,4499.012589254195,4428.145824447434,4622.0528208481865
4378.815307942276,4472.989779083403,4564.488975469211,4730.769834309735,4387.978497543902,4594.644580241972,4435.4401857674275,4482.312429090428,4350.694122272239,4351.719111851818,4422.132265696027,4380.584036464246,4499.012589254195,4428.145824447434,4622.0528208481865,4510.427945860239
4472.989779083403,4564.488975469211,4730.769834309735,4387.978497543902,4594.644580241972,4435.4401857674275,4482.312429090428,4350.694122272239,4351.719111851818,4422.132265696027,4380.584036464246,4499.012589254195,4428.145824447434,4622.0528208481865,4510.427945860239,4509.350223086316
4564.488975469211,4730.769834309735,4387.978497543902,4594.644580241972,4435.4401857674275,4482.312429090428,4350.694122272239,4351.719111851818,4422.132265696027,4380.584036464246,4499.012589254195,4428.145824447434,4622.0528208481865,4510.427945860239,4509.350223086316,4603.828602108124
4730.769834309735,4387.978497543902,4594.644580241972,4435.4401857674275,4482.312429090428,4350.694122272239,4351.719111851818,4422.132265696027,4380.584036464246,4499.012589254195,4428.145824447434,4622.0528208481865,4510.427945860239,4509.350223086316,4603.828602108124,4538.714047071758
4387.978497543902,4594.644580241972,4435.4401857674275,4482.312429090428,4350.694122272239,4351.719111851818,4422.132265696027,4380.584036464246,4499.012589254195,4428.145824447434,4622.0528208481865,4510.427945860239,4509.350223086316,4603.828602108124,4538.714047071758,4479.547261422275
4594.644580241972,4435.4401857674275,4482.312429090428,4350.694122272239,4351.719111851818,4422.132265696027,4380.584036464246,4499.012589254195,4428.145824447434,4622.0528208481865,4510.427945860239,4509.350223086316,4603.828602108124,4538.714047071758,4479.547261422275,4470.147036345652
4435.4401857674275,4482.312429090428,4350.694122272239,4351.719111851818,4422.132265696027,4380.584036464246,4499.012589254195,4428.145824447434,4622.0528208481865,4510.427945860239,4509.350223086316,4603.828602108124,4538.714047071758,4479.547261422275,4470.147036345652,4462.625596863058
4482.312429090428,4350.694122272239,4351.719111851818,4422.132265696027,4380.584036464246,4499.012589254195,4428.145824447434,4622.0528208481865,4510.427945860239,4509.350223086316,4603.828602108124,4538.714047071758,4479.547261422275,4470.147036345652,4462.625596863058,4577.457350749324
4350.694122272239,4351.719111851818,4422.132265696027,4380.584036464246,4499.012589254195,4428.145824447434,4622.0528208481865,4510.427945860239,4509.350223086316,4603.828602108124,4538.714047071758,4479.547261422275,4470.147036345652,4462.625596863058,4577.457350749324,4542.723478299068
4351.719111851818,4422.132265696027,4380.584036464246,4499.012589254195,4428.145824447434,4622.0528208481865,4510.427945860239,4509.350223086316,4603.828602108124,4538.714047071758,4479.547261422275,4470.147036345652,4462.625596863058,4577.457350749324,4542.723478299068,4495.203129973613
4422.132265696027,4380.584036464246,4499.012589254195,4428.145824447434,4622.0528208481865,4510.427945860239,4509.350223086316,4603.828602108124,4538.714047071758,4479.547261422275,4470.147036345652,4462.625596863058,4577.457350749324,4542.723478299068,4495.203129973613,4532.259057883235
4380.584036464246,4499.012589254195,4428.145824447434,4622.0528208481865,4510.427945860239,4509.350223086316,4603.828602108124,4538.714047071758,4479.547261422275,4470.147036345652,4462.625596863058,4577.457350749324,4542.723478299068,4495.203129973613,4532.259057883235,4391.257804819561
4499.012589254195,4428.145824447434,4622.0528208481865,4510.427945860239,4509.350223086316,4603.828602108124,4538.714047071758,4479.547261422275,4470.147036345652,4462.625596863058,4577.457350749324,4542.723478299068,4495.203129973613,4532.259057883235,4391.257804819561,4489.720615517936
4428.145824447434,4622.0528208481865,4510.427945860239,4509.350223086316,4603.828602108124,4538.714047071758,4479.547261422275,4470.147036345652,4462.625596863058,4577.457350749324,4542.723478299068,4495.203129973613,4532.259057883235,4391.257804819561,4489.720615517936,4289.866458789724
4622.0528208481865,4510.427945860239,4509.350223086316,4603.828602108124,4538.714047071758,4479.547261422275,4470.147036345652,4462.625596863058,4577.457350749324,4542.723478299068,4495.203129973613,4532.259057883235,4391.257804819561,4489.720615517936,4289.866458789724,4557.884884885511
4510.427945860239,4509.350223086316,4603.828602108124,4538.714047071758,4479.547261422275,4470.147036345652,4462.625596863058,4577.457350749324,4542.723478299068,4495.203129973613,4532.259057883235,4391.257804819561,4489.720615517936,4289.866458789724,4557.884884885511,4423.79952482137
4509.350223086316,4603.828602108124,4538.714047071758,4479.547261422275,4470.147036345652,4462.625596863058,4577.457350749324,4542.723478299068,4495.203129973613,4532.259057883235,4391.257804819561,4489.720615517936,4289.866458789724,4557.884884885511,4423.79952482137,4424.35220777371
4603.828602108124,4538.714047071758,4479.547261422275,4470.147036345652,4462.625596863058,4577.457350749324,4542.723478299068,4495.203129973613,4532.259057883235,4391.257804819561,4489.720615517936,4289.866458789724,4557.884884885511,4423.79952482137,4424.35220777371,4456.753439197837
4538.714047071758,4479.547261422275,4470.147036345652,4462.625596863058,4577.457350749324,4542.723478299068,4495.203129973613,4532.259057883235,4391.257804819561,4489.720615517936,4289.866458789724,4557.884884885511,4423.79952482137,4424.35220777371,4456.753439197837,4386.232904056663
4479.547261422275,4470.147036345652,4462.625596863058,4577.457350749324,4542.723478299068,4495.203129973613,4532.259057883235,4391.257804819561,4489.720615517936,4289.866458789724,4557.884884885511,4423.79952482137,4424.35220777371,4456.753439197837,4386.232904056663,4351.771383935058
4470.147036345652,4462.625596863058,4577.457350749324,4542.723478299068,4495.203129973613,4532.259057883235,4391.257804819561,4489.720615517936,4289.866458789724,4557.884884885511,4423.79952482137,4424.35220777371,4456.753439197837,4386.232904056663,4351.771383935058,4485.731415207136
4462.625596863058,4577.457350749324,4542.723478299068,4495.203129973613,4532.259057883235,4391.257804819561,4489.720615517936,4289.866458789724,4557.884884885511,4423.79952482137,4424.35220777371,4456.753439197837,4386.232904056663,4351.771383935058,4485.731415207136,4367.494356454591
4577.457350749324,4542.723478299068,4495.203129973613,4532.259057883235,4391.257804819561,4489.720615517936,4289.866458789724,4557.884884885511,4423.79952482137,4424.35220777371,4456.753439197837,4386.232904056663,4351.771383935058,4485.731415207136,4367.494356454591,4253.097220139766
4542.723478299068,4495.203129973613,4532.259057883235,4391.257804819561,4489.720615517936,4289.866458789724,4557.884884885511,4423.79952482137,4424.35220777371,4456.753439197837,4386.232904056663,4351.771383935058,4485.731415207136,4367.494356454591,4253.097220139766,4377.007463321857
4495.203129973613,4532.259057883235,4391.257804819561,4489.720615517936,4289.866458789724,4557.884884885511,4423.79952482137,4424.35220777371,4456.753439197837,4386.232904056663,4351.771383935058,4485.731415207136,4367.494356454591,4253.097220139766,4377.007463321857,4150.512240426471
4532.259057883235,4391.257804819561,4489.720615517936,4289.866458789724,4557.884884885511,4423.79952482137,4424.35220777371,4456.753439197837,4386.232904056663,4351.771383935058,4485.731415207136,4367.494356454591,4253.097220139766,4377.007463321857,4150.512240426471,4474.160328931008
4391.257804819561,4489.720615517936,4289.866458789724,4557.884884885511,4423.79952482137,4424.35220777371,4456.753439197837,4386.232904056663,4351.771383935058,4485.731415207136,4367.494356454591,4253.097220139766,4377.007463321857,4150.512240426471,4474.160328931008,4278.687536955555
4489.720615517936,4289.866458789724,4557.884884885511,4423.79952482137,4424.35220777371,4456.753439197837,4386.232904056663,4351.771383935058,4485.731415207136,4367.494356454591,4253.097220139766,4377.007463321857,4150.512240426471,4474.160328931008,4278.687536955555,4287.200148229191
4289.866458789724,4557.884884885511,4423.79952482137,4424.35220777371,4456.753439197837,4386.232904056663,4351.771383935058,4485.731415207136,4367.494356454591,4253.097220139766,4377.007463321857,4150.512240426471,4474.160328931008,4278.687536955555,4287.200148229191,4494.820377993285
4557.884884885511,4423.79952482137,4424.35220777371,4456.753439197837,4386.232904056663,4351.771383935058,4485.731415207136,4367.494356454591,4253.097220139766,4377.007463321857,4150.512240426471,4474.160328931008,4278.687536955555,4287.200148229191,4494.820377993285,4470.273478963302
4423.79952482137,4424.35220777371,4456.753439197837,4386.232904056663,4351.771383935058,4485.731415207136,4367.494356454591,4253.097220139766,4377.007463321857,4150.512240426471,4474.160328931008,4278.687536955555,4287.200148229191,4494.820377993285,4470.273478963302,4252.36467386611
4424.35220777371,4456.753439197837,4386.232904056663,4351.771383935058,4485.731415207136,4367.494356454591,4253.097220139766,4377.007463321857,4150.512240426471,4474.160328931008,4278.687536955555,4287.200148229191,4494.820377993285,4470.273478963302,4252.36467386611,4288.588107795268
4456.753439197837,4386.232904056663,4351.771383935058,4485.731415207136,4367.494356454591,4253.097220139766,4377.007463321857,4150.512240426471,4474.160328931008,4278.687536955555,4287.200148229191,4494.820377993285,4470.273478963302,4252.36467386611,4288.588107795268,4320.074102984062
4386.232904056663,4351.771383935058,4485.731415207136,4367.494356454591,4253.097220139766,4377.007463321857,4150.512240426471,4474.160328931008,4278.687536955555,4287.200148229191,4494.820377993285,4470.273478963302,4252.36467386611,4288.588107795268,4320.074102984062,4363.854489827945
4351.771383935058,4485.731415207136,4367.494356454591,4253.097220139766,4377.007463321857,4150.512240426471,4474.160328931008,4278.687536955555,4287.200148229191,4494.820377993285,4470.273478963302,4252.36467386611,4288.588107795268,4320.074102984062,4363.854489827945,4166.785559186939
4485.731415207136,4367.494356454591,4253.097220139766,4377.007463321857,4150.512240426471,4474.160328931008,4278.687536955555,4287.200148229191,4494.820377993285,4470.273478963302,4252.36467386611,4288.588107795268,4320.074102984062,4363.854489827945,4166.785559186939,4177.314180603033
4367.494356454591,4253.097220139766,4377.007463321857,4150.512240426471,4474.160328931008,4278.687536955555,4287.200148229191,4494.820377993285,4470.273478963302,4252.36467386611,4288.588107795268,4320.074102984062,4363.854489827945,4166.785559186939,4177.314180603033,4269.800507879342
4253.097220139766,4377.007463321857,4150.512240426471,4474.160328931008,4278.687536955555,4287.200148229191,4494.820377993285,4470.273478963302,4252.36467386611,4288.588107795268,4320.074102984062,4363.854489827945,4166.785559186939,4177.314180603033,4269.800507879342,4157.5015268470725
4377.007463321857,4150.512240426471,4474.160328931008,4278.687536955555,4287.200148229191,4494.820377993285,4470.273478963302,4252.36467386611,4288.588107795268,4320.074102984062,4363.854489827945,4166.785559186939,4177.314180603033,4269.800507879342,4157.5015268470725,4188.871346359294
4150.512240426471,4474.160328931008,4278.687536955555,4287.200148229191,4494.820377993285,4470.273478963302,4252.36467386611,4288.588107795268,4320.074102984062,4363.854489827945,4166.785559186939,4177.314180603033,4269.800507879342,4157.5015268470725,4188.871346359294,4156.952697972952
4474.160328931008,4278.687536955555,4287.200148229191,4494.820377993285,4470.273478963302,4252.36467386611,4288.588107795268,4320.074102984062,4363.854489827945,4166.785559186939,4177.314180603033,4269.800507879342,4157.5015268470725,4188.871346359294,4156.952697972952,3964.6966211034865
4278.687536955555,4287.200148229191,4494.820377993285,4470.273478963302,4252.36467386611,4288.588107795268,4320.074102984062,4363.854489827945,4166.785559186939,4177.314180603033,4269.800507879342,4157.5015268470725,4188.871346359294,4156.952697972952,3964.6966211034865,3974.1957321845184
4287.200148229191,4494.820377993285,4470.273478963302,4252.36467386611,4288.588107795268,4320.074102984062,4363.854489827945,4166.785559186939,4177.314180603033,4269.800507879342,4157.5015268470725,4188.871346359294,4156.952697972952,3964.6966211034865,3974.1957321845184,3777.5442687470118
4494.820377993285,4470.273478963302,4252.36467386611,4288.588107795268,4320.074102984062,4363.854489827945,4166.785559186939,4177.314180603033,4269.800507879342,4157.5015268470725,4188.871346359294,4156.952697972952,3964.6966211034865,3974.1957321845184,3777.5442687470118,3996.946153214019
4470.273478963302,4252.36467386611,4288.588107795268,4320.074102984062,4363.854489827945,4166.785559186939,4177.314180603033,4269.800507879342,4157.5015268470725,4188.871346359294,4156.952697972952,3964.6966211034865,3974.1957321845184,3777.5442687470118,3996.946153214019,4137.81932714496
4252.36467386611,4288.588107795268,4320.074102984062,4363.854489827945,4166.785559186939,4177.314180603033,4269.800507879342,4157.5015268470725,4188.871346359294,4156.952697972952,3964.6966211034865,3974.1957321845184,3777.5442687470118,3996.946153214019,4137.81932714496,3873.6951899289998
4288.588107795268,4320.074102984062,4363.854489827945,4166.785559186939,4177.314180603033,4269.800507879342,4157.5015268470725,4188.871346359294,4156.952697972952,3964.6966211034865,3974.1957321845184,3777.5442687470118,3996.946153214019,4137.81932714496,3873.6951899289998,4088.3851379485886
4320.074102984062,4363.854489827945,4166.785559186939,4177.314180603033,4269.800507879342,4157.5015268470725,4188.871346359294,4156.952697972952,3964.6966211034865,3974.1957321845184,3777.5442687470118,3996.946153214019,4137.81932714496,3873.6951899289998,4088.3851379485886,4045.0627537739206
4363.854489827945,4166.785559186939,4177.314180603033,4269.800507879342,4157.5015268470725,4188.871346359294,4156.952697972952,3964.6966211034865,3974.1957321845184,3777.5442687470118,3996.946153214019,4137.81932714496,3873.6951899289998,4088.3851379485886,4045.0627537739206,3919.4476009794853
4166.785559186939,4177.314180603033,4269.800507879342,4157.5015268470725,4188.871346359294,4156.952697972952,3964.6966211034865,3974.1957321845184,3777.5442687470118,3996.946153214019,4137.81932714496,3873.6951899289998,4088.3851379485886,4045.0627537739206,3919.4476009794853,3903.7206362277525
4177.314180603033,4269.800507879342,4157.5015268470725,4188.871346359294,4156.952697972952,3964.6966211034865,3974.1957321845184,3777.5442687470118,3996.946153214019,4137.81932714496,3873.6951899289998,4088.3851379485886,4045.0627537739206,3919.4476009794853,3903.7206362277525,3892.047444934396
4269.800507879342,4157.5015268470725,4188.871346359294,4156.952697972952,3964.6966211034865,3974.1957321845184,3777.5442687470118,3996.946153214019,4137.81932714496,3873.6951899289998,4088.3851379485886,4045.0627537739206,3919.4476009794853,3903.7206362277525,3892.047444934396,3776.6762496900633
4157.5015268470725,4188.871346359294,4156.952697972952,3964.6966211034865,3974.1957321845184,3777.5442687470118,3996.946153214019,4137.81932714496,3873.6951899289998,4088.3851379485886,4045.0627537739206,3919.4476009794853,3903.7206362277525,3892.047444934396,3776.6762496900633,3813.3173988794047
4188.871346359294,4156.952697972952,3964.6966211034865,3974.1957321845184,3777.5442687470118,3996.946153214019,4137.81932714496,3873.6951899289998,4088.3851379485886,4045.0627537739206,3919.4476009794853,3903.7206362277525,3892.047444934396,3776.6762496900633,3813.3173988794047,3815.410478644968
4156.952697972952,3964.6966211034865,3974.1957321845184,3777.5442687470118,3996.946153214019,4137.81932714496,3873.6951899289998,4088.3851379485886,4045.0627537739206,3919.4476009794853,3903.7206362277525,3892.047444934396,3776.6762496900633,3813.3173988794047,3815.410478644968,3859.534502835109
3964.6966211034865,3974.1957321845184,3777.5442687470118,3996.946153214019,4137.81932714496,3873.6951899289998,4088.3851379485886,4045.0627537739206,3919.4476009794853,3903.7206362277525,3892.047444934396,3776.6762496900633,3813.3173988794047,3815.410478644968,3859.534502835109,3855.5595499415526
3974.1957321845184,3777.5442687470118,3996.946153214019,4137.81932714496,3873.6951899289998,4088.3851379485886,4045.0627537739206,3919.4476009794853,3903.7206362277525,3892.047444934396,3776.6762496900633,3813.3173988794047,3815.410478644968,3859.534502835109,3855.5595499415526,3679.9122745202385
3777.5442687470118,3996.946153214019,4137.81932714496,3873.6951899289998,4088.3851379485886,4045.0627537739206,3919.4476009794853,3903.7206362277525,3892.047444934396,3776.6762496900633,3813.3173988794047,3815.410478644968,3859.534502835109,3855.5595499415526,3679.9122745202385,3814.342032271811
3996.946153214019,4137.81932714496,3873.6951899289998,4088.3851379485886,4045.0627537739206,3919.4476009794853,3903.7206362277525,3892.047444934396,3776.6762496900633,3813.3173988794047,3815.410478644968,3859.534502835109,3855.5595499415526,3679.9122745202385,3814.342032271811,3631.351759879529
4137.81932714496,3873.6951899289998,4088.3851379485886,4045.0627537739206,3919.4476009794853,3903.7206362277525,3892.047444934396,3776.6762496900633,3813.3173988794047,3815.410478644968,3859.534502835109,3855.5595499415526,3679.9122745202385,3814.342032271811,3631.351759879529,3669.405410813632
3873.6951899289998,4088.3851379485886,4045.0627537739206,3919.4476009794853,3903.7206362277525,3892.047444934396,3776.6762496900633,3813.3173988794047,3815.410478644968,3859.534502835109,3855.5595499415526,3679.9122745202385,3814.342032271811,3631.351759879529,3669.405410813632,3700.202763517668
4088.3851379485886,4045.0627537739206,3919.4476009794853,3903.7206362277525,3892.047444934396,3776.6762496900633,3813.3173988794047,3815.410478644968,3859.534502835109,3855.5595499415526,3679.9122745202385,3814.342032271811,3631.351759879529,3669.405410813632,3700.202763517668,3637.74578508088
4045.0627537739206,3919.4476009794853,3903.7206362277525,3892.047444934396,3776.6762496900633,3813.3173988794047,3815.410478644968,3859.534502835109,3855.5595499415526,3679.9122745202385,3814.342032271811,3631.351759879529,3669.405410813632,3700.202763517668,3637.74578508088,3603.884548986377
3919.4476009794853,3903.7206362277525,3892.047444934396,3776.6762496900633,3813.3173988794047,3815.410478644968,3859.534502835109,3855.5595499415526,3679.9122745202385,3814.342032271811,3631.351759879529,3669.405410813632,3700.202763517668,3637.74578508088,3603.884548986377,3619.911808935754
3903.7206362277525,3892.047444934396,3776.6762496900633,3813.3173988794047,3815.410478644968,3859.534502835109,3855.5595499415526,3679.9122745202385,3814.342032271811,3631.351759879529,3669.405410813632,3700.202763517668,3637.74578508088,3603.884548986377,3619.911808935754,3513.8993607413518
3892.047444934396,3776.6762496900633,3813.3173988794047,3815.410478644968,3859.534502835109,3855.5595499415526,3679.9122745202385,3814.342032271811,3631.351759879529,3669.405410813632,3700.202763517668,3637.74578508088,3603.884548986377,3619.911808935754,3513.8993607413518,3479.9558043087673
3776.6762496900633,3813.3173988794047,3815.410478644968,3859.534502835109,3855.5595499415526,3679.9122745202385,3814.342032271811,3631.351759879529,3669.405410813632,3700.202763517668,3637.74578508088,3603.884548986377,3619.911808935754,3513.8993607413518,3479.9558043087673,3500.692820997286
3813.3173988794047,3815.410478644968,3859.534502835109,3855.5595499415526,3679.9122745202385,3814.342032271811,3631.351759879529,3669.405410813632,3700.202763517668,3637.74578508088,3603.884548986377,3619.911808935754,3513.8993607413518,3479.9558043087673,3500.692820997286,3592.958962942136
3815.410478644968,3859.534502835109,3855.5595499415526,3679.9122745202385,3814.342032271811,3631.351759879529,3669.405410813632,3700.202763517668,3637.74578508088,3603.884548986377,3619.911808935754,3513.8993607413518,3479.9558043087673,3500.692820997286,3592.958962942136,3462.2456230574803
3859.534502835109,3855.5595499415526,3679.9122745202385,3814.342032271811,3631.351759879529,3669.405410813632,3700.202763517668,3637.74578508088,3603.884548986377,3619.911808935754,3513.8993607413518,3479.9558043087673,3500.692820997286,3592.958962942136,3462.2456230574803,3638.305359333704
3855.5595499415526,3679.9122745202385,3814.342032271811,3631.351759879529,3669.405410813632,3700.202763517668,3637.74578508088,3603.884548986377,3619.911808935754,3513.8993607413518,3479.9558043087673,3500.692820997286,3592.958962942136,3462.2456230574803,3638.305359333704,3444.5868211979414
3679.9122745202385,3814.342032271811,3631.351759879529,3669.405410813632,3700.202763517668,3637.74578508088,3603.884548986377,3619.911808935754,3513.8993607413518,3479.9558043087673,3500.692820997286,3592.958962942136,3462.2456230574803,3638.305359333704,3444.5868211979414,3100.9046798920294
3814.342032271811,3631.351759879529,3669.405410813632,3700.202763517668,3637.74578508088,3603.884548986377,3619.911808935754,3513.8993607413518,3479.9558043087673,3500.692820997286,3592.958962942136,3462.2456230574803,3638.305359333704,3444.5868211979414,3100.9046798920294,3329.4543431548987
3631.351759879529,3669.405410813632,3700.202763517668,3637.74578508088,3603.884548986377,3619.911808935754,3513.8993607413518,3479.9558043087673,3500.692820997286,3592.958962942136,3462.2456230574803,3638.305359333704,3444.5868211979414,3100.9046798920294,3329.4543431548987,3514.867796751049
3669.405410813632,3700.202763517668,3637.74578508088,3603.884548986377,3619.911808935754,3513.8993607413518,3479.9558043087673,3500.692820997286,3592.958962942136,3462.2456230574803,3638.305359333704,3444.5868211979414,3100.9046798920294,3329.4543431548987,3514.867796751049,3323.850556068539
3700.202763517668,3637.74578508088,3603.884548986377,3619.911808935754,3513.8993607413518,3479.9558043087673,3500.692820997286,3592.958962942136,3462.2456230574803,3638.305359333704,3444.5868211979414,3100.9046798920294,3329.4543431548987,3514.867796751049,3323.850556068539,3254.188546683347
3637.74578508088,3603.884548986377,3619.911808935754,3513.8993607413518,3479.9558043087673,3500.692820997286,3592.958962942136,3462.2456230574803,3638.305359333704,3444.5868211979414,3100.9046798920294,3329.4543431548987,3514.867796751049,3323.850556068539,3254.188546683347,3185.273707487247
3603.884548986377,3619.911808935754,3513.8993607413518,3479.9558043087673,3500.692820997286,3592.958962942136,3462.2456230574803,3638.305359333704,3444.5868211979414,3100.9046798920294,3329.4543431548987,3514.867796751049,3323.850556068539,3254.188546683347,3185.273707487247,3379.606552809748
3619.911808935754,3513.8993607413518,3479.9558043087673,3500.692820997286,3592.958962942136,3462.2456230574803,3638.305359333704,3444.5868211979414,3100.9046798920294,3329.4543431548987,3514.867796751049,3323.850556068539,3254.188546683347,3185.273707487247,3379.606552809748,3322.023152904387
3513.8993607413518,3479.9558043087673,3500.692820997286,3592.958962942136,3462.2456230574803,3638.305359333704,3444.5868211979414,3100.9046798920294,3329.4543431548987,3514.867796751049,3323.850556068539,3254.188546683347,3185.273707487247,3379.606552809748,3322.023152904387,3263.392498710156
3479.9558043087673,3500.692820997286,3592.958962942136,3462.2456230574803,3638.305359333704,3444.5868211979414,3100.9046798920294,3329.4543431548987,3514.867796751049,3323.850556068539,3254.188546683347,3185.273707487247,3379.606552809748,3322.023152904387,3263.392498710156,3213.3894659130224
3500.692820997286,3592.958962942136,3462.2456230574803,3638.305359333704,3444.5868211979414,3100.9046798920294,3329.4543431548987,3514.867796751049,3323.850556068539,3254.188546683347,3185.273707487247,3379.606552809748,3322.023152904387,3263.392498710156,3213.3894659130224,3289.0096781231496
3592.958962942136,3462.2456230574803,3638.305359333704,3444.5868211979414,3100.9046798920294,3329.4543431548987,3514.867796751049,3323.850556068539,3254.188546683347,3185.273707487247,3379.606552809748,3322.023152904387,3263.392498710156,3213.3894659130224,3289.0096781231496,3201.3361201252224
3462.2456230574803,3638.305359333704,3444.5868211979414,3100.9046798920294,3329.4543431548987,3514.867796751049,3323.850556068539,3254.188546683347,3185.273707487247,3379.606552809748,3322.023152904387,3263.392498710156,3213.3894659130224,3289.0096781231496,3201.3361201252224,2970.4975287089596
3638.305359333704,3444.5868211979414,3100.9046798920294,3329.4543431548987,3514.867796751049,3323.850556068539,3254.188546683347,3185.273707487247,3379.606552809748,3322.023152904387,3263.392498710156,3213.3894659130224,3289.0096781231496,3201.3361201252224,2970.4975287089596,3144.5558806527147
3444.5868211979414,3100.9046798920294,3329.4543431548987,3514.867796751049,3323.850556068539,3254.188546683347,3185.273707487247,3379.606552809748,3322.023152904387,3263.392498710156,3213.3894659130224,3289.0096781231496,3201.3361201252224,2970.4975287089596,3144.5558806527147,3058.8880808720205
3100.9046798920294,3329.4543431548987,3514.867796751049,3323.850556068539,3254.188546683347,3185.273707487247,3379.606552809748,3322.023152904387,3263.392498710156,3213.3894659130224,3289.0096781231496,3201.3361201252224,2970.4975287089596,3144.5558806527147,3058.8880808720205,3005.094982274516
3329.4543431548987,3514.867796751049,3323.850556068539,3254.188546683347,3185.273707487247,3379.606552809748,3322.023152904387,3263.392498710156,3213.3894659130224,3289.0096781231496,3201.3361201252224,2970.4975287089596,3144.5558806527147,3058.8880808720205,3005.094982274516,3066.6625165283936
3514.867796751049,3323.850556068539,3254.188546683347,3185.273707487247,3379.606552809748,3322.023152904387,3263.392498710156,3213.3894659130224,3289.0096781231496,3201.3361201252224,2970.4975287089596,3144.5558806527147,3058.8880808720205,3005.094982274516,3066.6625165283936,2967.3619596471276
3323.850556068539,3254.188546683347,3185.273707487247,3379.606552809748,3322.023152904387,3263.392498710156,3213.3894659130224,3289.0096781231496,3201.3361201252224,2970.4975287089596,3144.5558806527147,3058.8880808720205,3005.094982274516,3066.6625165283936,2967.3619596471276,2645.3779272852826
3254.188546683347,3185.273707487247,3379.606552809748,3322.023152904387,3263.392498710156,3213.3894659130224,3289.0096781231496,3201.3361201252224,2970.4975287089596,3144.5558806527147,3058.8880808720205,3005.094982274516,3066.6625165283936,2967.3619596471276,2645.3779272852826,3068.7004580056337
3185.273707487247,3379.606552809748,3322.023152904387,3263.392498710156,3213.3894659130224,3289.0096781231496,3201.3361201252224,2970.4975287089596,3144.5558806527147,3058.8880808720205,3005.094982274516,3066.6625165283936,2967.3619596471276,2645.3779272852826,3068.7004580056337,2990.9876355184274
3379.606552809748,3322.023152904387,3263.392498710156,3213.3894659130224,3289.0096781231496,3201.3361201252224,2970.4975287089596,3144.5558806527147,3058.8880808720205,3005.094982274516,3066.6625165283936,2967.3619596471276,2645.3779272852826,3068.7004580056337,2990.9876355184274,2849.244077370131
3322.023152904387,3263.392498710156,3213.3894659130224,3289.0096781231496,3201.3361201252224,2970.4975287089596,3144.5558806527147,3058.8880808720205,3005.094982274516,3066.6625165283936,2967.3619596471276,2645.3779272852826,3068.7004580056337,2990.9876355184274,2849.244077370131,2798.591684123542
3263.392498710156,3213.3894659130224,3289.0096781231496,3201.3361201252224,2970.4975287089596,3144.5558806527147,3058.8880808720205,3005.094982274516,3066.6625165283936,2967.3619596471276,2645.3779272852826,3068.7004580056337,2990.9876355184274,2849.244077370131,2798.591684123542,2832.8731174321397
3213.3894659130224,3289.0096781231496,3201.3361201252224,2970.4975287089596,3144.5558806527147,3058.8880808720205,3005.094982274516,3066.6625165283936,2967.3619596471276,2645.3779272852826,3068.7004580056337,2990.9876355184274,2849.244077370131,2798.591684123542,2832.8731174321397,2656.2019822064135
3289.0096781231496,3201.3361201252224,2970.4975287089596,3144.5558806527147,3058.8880808720205,3005.094982274516,3066.6625165283936,2967.3619596471276,2645.3779272852826,3068.7004580056337,2990.9876355184274,2849.244077370131,2798.591684123542,2832.8731174321397,2656.2019822064135,2789.778749471518
3201.3361201252224,2970.4975287089596,3144.5558806527147,3058.8880808720205,3005.094982274516,3066.6625165283936,2967.3619596471276,2645.3779272852826,3068.7004580056337,2990.9876355184274,2849.244077370131,2798.591684123542,2832.8731174321397,2656.2019822064135,2789.778749471518,2710.6865701415823
2970.4975287089596,3144.5558806527147,3058.8880808720205,3005.094982274516,3066.6625165283936,2967.3619596471276,2645.3779272852826,3068.7004580056337,2990.9876355184274,2849.244077370131,2798.591684123542,2832.8731174321397,2656.2019822064135,2789.778749471518,2710.6865701415823,2673.0580856922943
3144.5558806527147,3058.8880808720205,3005.094982274516,3066.6625165283936,2967.3619596471276,2645.3779272852826,3068.7004580056337,2990.9876355184274,2849.244077370131,2798.591684123542,2832.8731174321397,2656.2019822064135,2789.778749471518,2710.6865701415823,2673.0580856922943,2590.774511041848
3058.8880808720205,3005.094982274516,3066.6625165283936,2967.3619596471276,2645.3779272852826,3068.7004580056337,2990.9876355184274,2849.244077370131,2798.591684123542,2832.8731174321397,2656.2019822064135,2789.778749471518,2710.6865701415823,2673.0580856922943,2590.774511041848,2590.0497231022755
3005.094982274516,3066.6625165283936,2967.3619596471276,2645.3779272852826,3068.7004580056337,2990.9876355184274,2849.244077370131,2798.591684123542,2832.8731174321397,2656.2019822064135,2789.778749471518,2710.6865701415823,2673.0580856922943,2590.774511041848,2590.0497231022755,2743.471192149917
3066.6625165283936,2967.3619596471276,2645.3779272852826,3068.7004580056337,2990.9876355184274,2849.244077370131,2798.591684123542,2832.8731174321397,2656.2019822064135,2789.778749471518,2710.6865701415823,2673.0580856922943,2590.774511041848,2590.0497231022755,2743.471192149917,2741.380505516104
2967.3619596471276,2645.3779272852826,3068.7004580056337,2990.9876355184274,2849.244077370131,2798.591684123542,2832.8731174321397,2656.2019822064135,2789.778749471518,2710.6865701415823,2673.0580856922943,2590.774511041848,2590.0497231022755,2743.471192149917,2741.380505516104,2633.3150979909346
2645.3779272852826,3068.7004580056337,2990.9876355184274,2849.244077370131,2798.591684123542,2832.8731174321397,2656.2019822064135,2789.778749471518,2710.6865701415823,2673.0580856922943,2590.774511041848,2590.0497231022755,2743.471192149917,2741.380505516104,2633.3150979909346,2553.7539054691756
3068.7004580056337,2990.9876355184274,2849.244077370131,2798.591684123542,2832.8731174321397,2656.2019822064135,2789.778749471518,2710.6865701415823,2673.0580856922943,2590.774511041848,2590.0497231022755,2743.471192149917,2741.380505516104,2633.3150979909346,2553.7539054691756,2445.9242093168946
2990.9876355184274,2849.244077370131,2798.591684123542,2832.8731174321397,2656.2019822064135,2789.778749471518,2710.6865701415823,2673.0580856922943,2590.774511041848,2590.0497231022755,2743.471192149917,2741.380505516104,2633.3150979909346,2553.7539054691756,2445.9242093168946,2581.03487723103
2849.244077370131,2798.591684123542,2832.8731174321397,2656.2019822064135,2789.778749471518,2710.6865701415823,2673.0580856922943,2590.774511041848,2590.0497231022755,2743.471192149917,2741.380505516104,2633.3150979909346,2553.7539054691756,2445.9242093168946,2581.03487723103,2646.0433084649153
2798.591684123542,2832.8731174321397,2656.2019822064135,2789.778749471518,2710.6865701415823,2673.0580856922943,2590.774511041848,2590.0497231022755,2743.471192149917,2741.380505516104,2633.3150979909346,2553.7539054691756,2445.9242093168946,2581.03487723103,2646.0433084649153,2299.3418849391855
2832.8731174321397,2656.2019822064135,2789.778749471518,2710.6865701415823,2673.0580856922943,2590.774511041848,2590.0497231022755,2743.471192149917,2741.380505516104,2633.3150979909346,2553.7539054691756,2445.9242093168946,2581.03487723103,2646.0433084649153,2299.3418849391855,2554.22036218539
2656.2019822064135,2789.778749471518,2710.6865701415823,2673.0580856922943,2590.774511041848,2590.0497231022755,2743.471192149917,2741.380505516104,2633.3150979909346,2553.7539054691756,2445.9242093168946,2581.03487723103,2646.0433084649153,2299.3418849391855,2554.22036218539,2196.396279810431
2789.778749471518,2710.6865701415823,2673.0580856922943,2590.774511041848,2590.0497231022755,2743.471192149917,2741.380505516104,2633.3150979909346,2553.7539054691756,2445.9242093168946,2581.03487723103,2646.0433084649153,2299.3418849391855,2554.22036218539,2196.396279810431,2355.3048643337825
2710.6865701415823,2673.0580856922943,2590.774511041848,2590.0497231022755,2743.471192149917,2741.380505516104,2633.3150979909346,2553.7539054691756,2445.9242093168946,2581.03487723103,2646.0433084649153,2299.3418849391855,2554.22036218539,2196.396279810431,2355.3048643337825,2404.291474239424
2673.0580856922943,2590.774511041848,2590.0497231022755,2743.471192149917,2741.380505516104,2633.3150979909346,2553.7539054691756,2445.9242093168946,2581.03487723103,2646.0433084649153,2299.3418849391855,2554.22036218539,2196.396279810431,2355.3048643337825,2404.291474239424,2206.041206014127
2590.774511041848,2590.0497231022755,2743.471192149917,2741.380505516104,2633.3150979909346,2553.7539054691756,2445.9242093168946,2581.03487723103,2646.0433084649153,2299.3418849391855,2554.22036218539,2196.396279810431,2355.3048643337825,2404.291474239424,2206.041206014127,2167.7462983329115
2590.0497231022755,2743.471192149917,2741.380505516104,2633.3150979909346,2553.7539054691756,2445.9242093168946,2581.03487723103,2646.0433084649153,2299.3418849391855,2554.22036218539,2196.396279810431,2355.3048643337825,2404.291474239424,2206.041206014127,2167.7462983329115,2315.1195904350257
2743.471192149917,2741.380505516104,2633.3150979909346,2553.7539054691756,2445.9242093168946,2581.03487723103,2646.0433084649153,2299.3418849391855,2554.22036218539,2196.396279810431,2355.3048643337825,2404.291474239424,2206.041206014127,2167.7462983329115,2315.1195904350257,2361.5387206364503
2741.380505516104,2633.3150979909346,2553.7539054691756,2445.9242093168946,2581.03487723103,2646.0433084649153,2299.3418849391855,2554.22036218539,2196.396279810431,2355.3048643337825,2404.291474239424,2206.041206014127,2167.7462983329115,2315.1195904350257,2361.5387206364503,2203.8517910232463
2633.3150979909346,2553.7539054691756,2445.9242093168946,2581.03487723103,2646.0433084649153,2299.3418849391855,2554.22036218539,2196.396279810431,2355.3048643337825,2404.291474239424,2206.041206014127,2167.7462983329115,2315.1195904350257,2361.5387206364503,2203.8517910232463,2363.5376993109503
2553.7539054691756,2445.9242093168946,2581.03487723103,2646.0433084649153,2299.3418849391855,2554.22036218539,2196.396279810431,2355.3048643337825,2404.291474239424,2206.041206014127,2167.7462983329115,2315.1195904350257,2361.5387206364503,2203.8517910232463,2363.5376993109503,2129.1358008360935
2445.9242093168946,2581.03487723103,2646.0433084649153,2299.3418849391855,2554.22036218539,2196.396279810431,2355.3048643337825,2404.291474239424,2206.041206014127,2167.7462983329115,2315.1195904350257,2361.5387206364503,2203.8517910232463,2363.5376993109503,2129.1358008360935,2360.777280901763
2581.03487723103,2646.0433084649153,2299.3418849391855,2554.22036218539,2196.396279810431,2355.3048643337825,2404.291474239424,2206.041206014127,2167.7462983329115,2315.1195904350257,2361.5387206364503,2203.8517910232463,2363.5376993109503,2129.1358008360935,2360.777280901763,2175.837844731278
2646.0433084649153,2299.3418849391855,2554.22036218539,2196.396279810431,2355.3048643337825,2404.291474239424,2206.041206014127,2167.7462983329115,2315.1195904350257,2361.5387206364503,2203.8517910232463,2363.5376993109503,2129.1358008360935,2360.777280901763,2175.837844731278,2166.0303236265822
2299.3418849391855,2554.22036218539,2196.396279810431,2355.3048643337825,2404.291474239424,2206.041206014127,2167.7462983329115,2315.1195904350257,2361.5387206364503,2203.8517910232463,2363.5376993109503,2129.1358008360935,2360.777280901763,2175.837844731278,2166.0303236265822,2182.9499605392325
2554.22036218539,2196.396279810431,2355.3048643337825,2404.291474239424,2206.041206014127,2167.7462983329115,2315.1195904350257,2361.5387206364503,2203.8517910232463,2363.5376993109503,2129.1358008360935,2360.777280901763,2175.837844731278,2166.0303236265822,2182.9499605392325,2132.775448389269
2196.396279810431,2355.3048643337825,2404.291474239424,2206.041206014127,2167.7462983329115,2315.1195904350257,2361.5387206364503,2203.8517910232463,2363.5376993109503,2129.1358008360935,2360.777280901763,2175.837844731278,2166.0303236265822,2182.9499605392325,2132.775448389269,2264.7332910507257
2355.3048643337825,2404.291474239424,2206.041206014127,2167.7462983329115,2315.1195904350257,2361.5387206364503,2203.8517910232463,2363.5376993109503,2129.1358008360935,2360.777280901763,2175.837844731278,2166.0303236265822,2182.9499605392325,2132.775448389269,2264.7332910507257,2280.5582615783383
2404.291474239424,2206.041206014127,2167.7462983329115,2315.1195904350257,2361.5387206364503,2203.8517910232463,2363.5376993109503,2129.1358008360935,2360.777280901763,2175.837844731278,2166.0303236265822,2182.9499605392325,2132.775448389269,2264.7332910507257,2280.5582615783383,2094.5546176347843
2206.041206014127,2167.7462983329115,2315.1195904350257,2361.5387206364503,2203.8517910232463,2363.5376993109503,2129.1358008360935,2360.777280901763,2175.837844731278,2166.0303236265822,2182.9499605392325,2132.775448389269,2264.7332910507257,2280.5582615783383,2094.5546176347843,2003.689339031317
2167.7462983329115,2315.1195904350257,2361.5387206364503,2203.8517910232463,2363.5376993109503,2129.1358008360935,2360.777280901763,2175.837844731278,2166.0303236265822,2182.9499605392325,2132.775448389269,2264.7332910507257,2280.5582615783383,2094.5546176347843,2003.689339031317,1883.2566463031176
2315.1195904350257,2361.5387206364503,2203.8517910232463,2363.5376993109503,2129.1358008360935,2360.777280901763,2175.837844731278,2166.0303236265822,2182.9499605392325,2132.775448389269,2264.7332910507257,2280.5582615783383,2094.5546176347843,2003.689339031317,1883.2566463031176,1906.331802875152
2361.5387206364503,2203.8517910232463,2363.5376993109503,2129.1358008360935,2360.777280901763,2175.837844731278,2166.0303236265822,2182.9499605392325,2132.775448389269,2264.7332910507257,2280.5582615783383,2094.5546176347843,2003.689339031317,1883.2566463031176,1906.331802875152,1963.8979645870636
2203.8517910232463,2363.5376993109503,2129.1358008360935,2360.777280901763,2175.837844731278,2166.0303236265822,2182.9499605392325,2132.775448389269,2264.7332910507257,2280.5582615783383,2094.5546176347843,2003.689339031317,1883.2566463031176,1906.331802875152,1963.8979645870636,1934.3500030748962
2363.5376993109503,2129.1358008360935,2360.777280901763,2175.837844731278,2166.0303236265822,2182.9499605392325,2132.775448389269,2264.7332910507257,2280.5582615783383,2094.5546176347843,2003.689339031317,1883.2566463031176,1906.331802875152,1963.8979645870636,1934.3500030748962,1921.9396162145763
2129.1358008360935,2360.777280901763,2175.837844731278,2166.0303236265822,2182.9499605392325,2132.775448389269,2264.7332910507257,2280.5582615783383,2094.5546176347843,2003.689339031317,1883.2566463031176,1906.331802875152,1963.8979645870636,1934.3500030748962,1921.9396162145763,1908.9526315133471
2360.777280901763,2175.837844731278,2166.0303236265822,2182.9499605392325,2132.775448389269,2264.7332910507257,2280.5582615783383,2094.5546176347843,2003.689339031317,1883.2566463031176,1906.331802875152,1963.8979645870636,1934.3500030748962,1921.9396162145763,1908.9526315133471,1940.4655768181437
2175.837844731278,2166.0303236265822,2182.9499605392325,2132.775448389269,2264.7332910507257,2280.5582615783383,2094.5546176347843,2003.689339031317,1883.2566463031176,1906.331802875152,1963.8979645870636,1934.3500030748962,1921.9396162145763,1908.9526315133471,1940.4655768181437,1738.6348993809888
2166.0303236265822,2182.9499605392325,2132.775448389269,2264.7332910507257,2280.5582615783383,2094.5546176347843,2003.689339031317,1883.2566463031176,1906.331802875152,1963.8979645870636,1934.3500030748962,1921.9396162145763,1908.9526315133471,1940.4655768181437,1738.6348993809888,1754.2813616154158
2182.9499605392325,2132.775448389269,2264.7332910507257,2280.5582615783383,2094.5546176347843,2003.689339031317,1883.2566463031176,1906.331802875152,1963.8979645870636,1934.3500030748962,1921.9396162145763,1908.9526315133471,1940.4655768181437,1738.6348993809888,1754.2813616154158,1952.484598695666
2132.775448389269,2264.7332910507257,2280.5582615783383,2094.5546176347843,2003.689339031317,1883.2566463031176,1906.331802875152,1963.8979645870636,1934.3500030748962,1921.9396162145763,1908.9526315133471,1940.4655768181437,1738.6348993809888,1754.2813616154158,1952.484598695666,1907.928528891168
2264.7332910507257,2280.5582615783383,2094.5546176347843,2003.689339031317,1883.2566463031176,1906.331802875152,1963.8979645870636,1934.3500030748962,1921.9396162145763,1908.9526315133471,1940.4655768181437,1738.6348993809888,1754.2813616154158,1952.484598695666,1907.928528891168,1754.6758553516574
2280.5582615783383,2094.5546176347843,2003.689339031317,1883.2566463031176,1906.331802875152,1963.8979645870636,1934.3500030748962,1921.9396162145763,1908.9526315133471,1940.4655768181437,1738.6348993809888,1754.2813616154158,1952.484598695666,1907.928528891168,1754.6758553516574,1922.2947923969568
2094.5546176347843,2003.689339031317,1883.2566463031176,1906.331802875152,1963.8979645870636,1934.3500030748962,1921.9396162145763,1908.9526315133471,1940.4655768181437,1738.6348993809888,1754.2813616154158,1952.484598695666,1907.928528891168,1754.6758553516574,1922.2947923969568,1709.98689727891
2003.689339031317,1883.2566463031176,1906.331802875152,1963.8979645870636,1934.3500030748962,1921.9396162145763,1908.9526315133471,1940.4655768181437,1738.6348993809888,1754.2813616154158,1952.484598695666,1907.928528891168,1754.6758553516574,1922.2947923969568,1709.98689727891,1737.673164877612
1883.2566463031176,1906.331802875152,1963.8979645870636,1934.3500030748962,1921.9396162145763,1908.9526315133471,1940.4655768181437,1738.6348993809888,1754.2813616154158,1952.484598695666,1907.928528891168,1754.6758553516574,1922.2947923969568,1709.98689727891,1737.673164877612,1565.8977082219487
1906.331802875152,1963.8979645870636,1934.3500030748962,1921.9396162145763,1908.9526315133471,1940.4655768181437,1738.6348993809888,1754.2813616154158,1952.484598695666,1907.928528891168,1754.6758553516574,1922.2947923969568,1709.98689727891,1737.673164877612,1565.8977082219487,1819.119838192601
1963.8979645870636,1934.3500030748962,1921.9396162145763,1908.9526315133471,1940.4655768181437,1738.6348993809888,1754.2813616154158,1952.484598695666,1907.928528891168,1754.6758553516574,1922.2947923969568,1709.98689727891,1737.673164877612,1565.8977082219487,1819.119838192601,1719.8698082174799
1934.3500030748962,1921.9396162145763,1908.9526315133471,1940.4655768181437,1738.6348993809888,1754.2813616154158,1952.484598695666,1907.928528891168,1754.6758553516574,1922.2947923969568,1709.98689727891,1737.673164877612,1565.8977082219487,1819.119838192601,1719.8698082174799,1814.439086945179
1921.9396162145763,1908.9526315133471,1940.4655768181437,1738.6348993809888,1754.2813616154158,1952.484598695666,1907.928528891168,1754.6758553516574,1922.2947923969568,1709.98689727891,1737.673164877612,1565.8977082219487,1819.119838192601,1719.8698082174799,1814.439086945179,1765.4855824395788
1908.9526315133471,1940.4655768181437,1738.6348993809888,1754.2813616154158,1952.484598695666,1907.928528891168,1754.6758553516574,1922.2947923969568,1709.98689727891,1737.673164877612,1565.8977082219487,1819.119838192601,1719.8698082174799,1814.439086945179,1765.4855824395788,1691.9908656414789
1940.4655768181437,1738.6348993809888,1754.2813616154158,1952.484598695666,1907.928528891168,1754.6758553516574,1922.2947923969568,1709.98689727891,1737.673164877612,1565.8977082219487,1819.119838192601,1719.8698082174799,1814.439086945179,1765.4855824395788,1691.9908656414789,1686.5191007128337
1738.6348993809888,1754.2813616154158,1952.484598695666,1907.928528891168,1754.6758553516574,1922.2947923969568,1709.98689727891,1737.673164877612,1565.8977082219487,1819.119838192601,1719.8698082174799,1814.439086945179,1765.4855824395788,1691.9908656414789,1686.5191007128337,1778.3936116661782
1754.2813616154158,1952.484598695666,1907.928528891168,1754.6758553516574,1922.2947923969568,1709.98689727891,1737.673164877612,1565.8977082219487,1819.119838192601,1719.8698082174799,1814.439086945179,1765.4855824395788,1691.9908656414789,1686.5191007128337,1778.3936116661782,1631.3707439998334
1952.484598695666,1907.928528891168,1754.6758553516574,1922.2947923969568,1709.98689727891,1737.673164877612,1565.8977082219487,1819.119838192601,1719.8698082174799,1814.439086945179,1765.4855824395788,1691.9908656414789,1686.5191007128337,1778.3936116661782,1631.3707439998334,1621.68979086874
1907.928528891168,1754.6758553516574,1922.2947923969568,1709.98689727891,1737.673164877612,1565.8977082219487,1819.119838192601,1719.8698082174799,1814.439086945179,1765.4855824395788,1691.9908656414789,1686.5191007128337,1778.3936116661782,1631.3707439998334,1621.68979086874,1633.4057973727508
1754.6758553516574,1922.2947923969568,1709.98689727891,1737.673164877612,1565.8977082219487,1819.119838192601,1719.8698082174799,1814.439086945179,1765.4855824395788,1691.9908656414789,1686.5191007128337,1778.3936116661782,1631.3707439998334,1621.68979086874,1633.4057973727508,1697.1368209482396
1922.2947923969568,1709.98689727891,1737.673164877612,1565.8977082219487,1819.119838192601,1719.8698082174799,1814.439086945179,1765.4855824395788,1691.9908656414789,1686.5191007128337,1778.3936116661782,1631.3707439998334,1621.68979086874,1633.4057973727508,1697.1368209482396,1699.3675656343678
1709.98689727891,1737.673164877612,1565.8977082219487,1819.119838192601,1719.8698082174799,1814.439086945179,1765.4855824395788,1691.9908656414789,1686.5191007128337,1778.3936116661782,1631.3707439998334,1621.68979086874,1633.4057973727508,1697.1368209482396,1699.3675656343678,1789.6973757502228
1737.673164877612,1565.8977082219487,1819.119838192601,1719.8698082174799,1814.439086945179,1765.4855824395788,1691.9908656414789,1686.5191007128337,1778.3936116661782,1631.3707439998334,1621.68979086874,1633.4057973727508,1697.1368209482396,1699.3675656343678,1789.6973757502228,1581.4674048993277
1565.8977082219487,1819.119838192601,1719.8698082174799,1814.439086945179,1765.4855824395788,1691.9908656414789,1686.5191007128337,1778.3936116661782,1631.3707439998334,1621.68979086874,1633.4057973727508,1697.1368209482396,1699.3675656343678,1789.6973757502228,1581.4674048993277,1707.7401098012076
1819.119838192601,1719.8698082174799,1814.439086945179,1765.4855824395788,1691.9908656414789,1686.5191007128337,1778.3936116661782,1631.3707439998334,1621.68979086874,1633.4057973727508,1697.1368209482396,1699.3675656343678,1789.6973757502228,1581.4674048993277,1707.7401098012076,1508.262819277041
1719.8698082174799,1814.439086945179,1765.4855824395788,1691.9908656414789,1686.5191007128337,1778.3936116661782,1631.3707439998334,1621.68979086874,1633.4057973727508,1697.1368209482396,1699.3675656343678,1789.6973757502228,1581.4674048993277,1707.7401098012076,1508.262819277041,1626.7232158154707
1814.439086945179,1765.4855824395788,1691.9908656414789,1686.5191007128337,1778.3936116661782,1631.3707439998334,1621.68979086874,1633.4057973727508,1697.1368209482396,1699.3675656343678,1789.6973757502228,1581.4674048993277,1707.7401098012076,1508.262819277041,1626.7232158154707,1571.9887605613515
1765.4855824395788,1691.9908656414789,1686.5191007128337,1778.3936116661782,1631.3707439998334,1621.68979086874,1633.4057973727508,1697.1368209482396,1699.3675656343678,1789.6973757502228,1581.4674048993277,1707.7401098012076,1508.262819277041,1626.7232158154707,1571.9887605613515,1726.4417992553008
1691.9908656414789,1686.5191007128337,1778.3936116661782,1631.3707439998334,1621.68979086874,1633.4057973727508,1697.1368209482396,1699.3675656343678,1789.6973757502228,1581.4674048993277,1707.7401098012076,1508.262819277041,1626.7232158154707,1571.9887605613515,1726.4417992553008,1607.7409257341458
1686.5191007128337,1778.3936116661782,1631.3707439998334,1621.68979086874,1633.4057973727508,1697.1368209482396,1699.3675656343678,1789.6973757502228,1581.4674048993277,1707.7401098012076,1508.262819277041,1626.7232158154707,1571.9887605613515,1726.4417992553008,1607.7409257341458,1496.250939510933
1778.3936116661782,1631.3707439998334,1621.68979086874,1633.4057973727508,1697.1368209482396,1699.3675656343678,1789.6973757502228,1581.4674048993277,1707.7401098012076,1508.262819277041,1626.7232158154707,1571.9887605613515,1726.4417992553008,1607.7409257341458,1496.250939510933,1593.5656229225433
1631.3707439998334,1621.68979086874,1633.4057973727508,1697.1368209482396,1699.3675656343678,1789.6973757502228,1581.4674048993277,1707.7401098012076,1508.262819277041,1626.7232158154707,1571.9887605613515,1726.4417992553008,1607.7409257341458,1496.250939510933,1593.5656229225433,1565.4571923031465
1621.68979086874,1633.4057973727508,1697.1368209482396,1699.3675656343678,1789.6973757502228,1581.4674048993277,1707.7401098012076,1508.262819277041,1626.7232158154707,1571.9887605613515,1726.4417992553008,1607.7409257341458,1496.250939510933,1593.5656229225433,1565.4571923031465,1494.6393163996997
1633.4057973727508,1697.1368209482396,1699.3675656343678,1789.6973757502228,1581.4674048993277,1707.7401098012076,1508.262819277041,1626.7232158154707,1571.9887605613515,1726.4417992553008,1607.7409257341458,1496.250939510933,1593.5656229225433,1565.4571923031465,1494.6393163996997,1492.7880117411814
1697.1368209482396,1699.3675656343678,1789.6973757502228,1581.4674048993277,1707.7401098012076,1508.262819277041,1626.7232158154707,1571.9887605613515,1726.4417992553008,1607.7409257341458,1496.250939510933,1593.5656229225433,1565.4571923031465,1494.6393163996997,1492.7880117411814,1424.1924928182407
1699.3675656343678,1789.6973757502228,1581.4674048993277,1707.7401098012076,1508.262819277041,1626.7232158154707,1571.9887605613515,1726.4417992553008,1607.7409257341458,1496.250939510933,1593.5656229225433,1565.4571923031465,1494.6393163996997,1492.7880117411814,1424.1924928182407,1791.1023738168228
1789.6973757502228,1581.4674048993277,1707.7401098012076,1508.262819277041,1626.7232158154707,1571.9887605613515,1726.4417992553008,1607.7409257341458,1496.250939510933,1593.5656229225433,1565.4571923031465,1494.6393163996997,1492.7880117411814,1424.1924928182407,1791.1023738168228,1526.1076757724293
1581.4674048993277,1707.7401098012076,1508.262819277041,1626.7232158154707,1571.9887605613515,1726.4417992553008,1607.7409257341458,1496.250939510933,1593.5656229225433,1565.4571923031465,1494.6393163996997,1492.7880117411814,1424.1924928182407,1791.1023738168228,1526.1076757724293,1607.6727855920199
1707.7401098012076,1508.262819277041,1626.7232158154707,1571.9887605613515,1726.4417992553008,1607.7409257341458,1496.250939510933,1593.5656229225433,1565.4571923031465,1494.6393163996997,1492.7880117411814,1424.1924928182407,1791.1023738168228,1526.1076757724293,1607.6727855920199,1391.7406022758817
1508.262819277041,1626.7232158154707,1571.9887605613515,1726.4417992553008,1607.7409257341458,1496.250939510933,1593.5656229225433,1565.4571923031465,1494.6393163996997,1492.7880117411814,1424.1924928182407,1791.1023738168228,1526.1076757724293,1607.6727855920199,1391.7406022758817,1398.2281998137164
1626.7232158154707,1571.9887605613515,1726.4417992553008,1607.7409257341458,1496.250939510933,1593.5656229225433,1565.4571923031465,1494.6393163996997,1492.7880117411814,1424.1924928182407,1791.1023738168228,1526.1076757724293,1607.6727855920199,1391.7406022758817,1398.2281998137164,1490.4456534223787
1571.9887605613515,1726.4417992553008,1607.7409257341458,1496.250939510933,1593.5656229225433,1565.4571923031465,1494.6393163996997,1492.7880117411814,1424.1924928182407,1791.1023738168228,1526.1076757724293,1607.6727855920199,1391.7406022758817,1398.2281998137164,1490.4456534223787,1490.2679156005063
1726.4417992553008,1607.7409257341458,1496.250939510933,1593.5656229225433,1565.4571923031465,1494.6393163996997,1492.7880117411814,1424.1924928182407,1791.1023738168228,1526.1076757724293,1607.6727855920199,1391.7406022758817,1398.2281998137164,1490.4456534223787,1490.2679156005063,1585.2211688159748
1607.7409257341458,1496.250939510933,1593.5656229225433,1565.4571923031465,1494.6393163996997,1492.7880117411814,1424.1924928182407,1791.1023738168228,1526.1076757724293,1607.6727855920199,1391.7406022758817,1398.2281998137164,1490.4456534223787,1490.2679156005063,1585.2211688159748,1404.8778980767895
1496.250939510933,1593.5656229225433,1565.4571923031465,1494.6393163996997,1492.7880117411814,1424.1924928182407,1791.1023738168228,1526.1076757724293,1607.6727855920199,1391.7406022758817,1398.2281998137164,1490.4456534223787,1490.2679156005063,1585.2211688159748,1404.8778980767895,1559.9526671295216
1593.5656229225433,1565.4571923031465,1494.6393163996997,1492.7880117411814,1424.1924928182407,1791.1023738168228,1526.1076757724293,1607.6727855920199,1391.7406022758817,1398.2281998137164,1490.4456534223787,1490.2679156005063,1585.2211688159748,1404.8778980767895,1559.9526671295216,1658.6364419046124
1565.4571923031465,1494.6393163996997,1492.7880117411814,1424.1924928182407,1791.1023738168228,1526.1076757724293,1607.6727855920199,1391.7406022758817,1398.2281998137164,1490.4456534223787,1490.2679156005063,1585.2211688159748,1404.8778980767895,1559.9526671295216,1658.6364419046124,1417.2968410087801
1494.6393163996997,1492.7880117411814,1424.1924928182407,1791.1023738168228,1526.1076757724293,1607.6727855920199,1391.7406022758817,1398.2281998137164,1490.4456534223787,1490.2679156005063,1585.2211688159748,1404.8778980767895,1559.9526671295216,1658.6364419046124,1417.2968410087801,1601.7307629776492
1492.7880117411814,1424.1924928182407,1791.1023738168228,1526.1076757724293,1607.6727855920199,1391.7406022758817,1398.2281998137164,1490.4456534223787,1490.2679156005063,1585.2211688159748,1404.8778980767895,1559.9526671295216,1658.6364419046124,1417.2968410087801,1601.7307629776492,1417.1596660283994
1424.1924928182407,1791.1023738168228,1526.1076757724293,1607.6727855920199,1391.7406022758817,1398.2281998137164,1490.4456534223787,1490.2679156005063,1585.2211688159748,1404.8778980767895,1559.9526671295216,1658.6364419046124,1417.2968410087801,1601.7307629776492,1417.1596660283994,1550.7528897463735
1791.1023738168228,1526.1076757724293,1607.6727855920199,1391.7406022758817,1398.2281998137164,1490.4456534223787,1490.2679156005063,1585.2211688159748,1404.8778980767895,1559.9526671295216,1658.6364419046124,1417.2968410087801,1601.7307629776492,1417.1596660283994,1550.7528897463735,1555.8226043431364
1526.1076757724293,1607.6727855920199,1391.7406022758817,1398.2281998137164,1490.4456534223787,1490.2679156005063,1585.2211688159748,1404.8778980767895,1559.9526671295216,1658.6364419046124,1417.2968410087801,1601.7307629776492,1417.1596660283994,1550.7528897463735,1555.8226043431364,1697.0198021476845
1607.6727855920199,1391.7406022758817,1398.2281998137164,1490.4456534223787,1490.2679156005063,1585.2211688159748,1404.8778980767895,1559.9526671295216,1658.6364419046124,1417.2968410087801,1601.7307629776492,1417.1596660283994,1550.7528897463735,1555.8226043431364,1697.0198021476845,1458.4337141992505
1391.7406022758817,1398.2281998137164,1490.4456534223787,1490.2679156005063,1585.2211688159748,1404.8778980767895,1559.9526671295216,1658.6364419046124,1417.2968410087801,1601.7307629776492,1417.1596660283994,1550.7528897463735,1555.8226043431364,1697.0198021476845,1458.4337141992505,1549.0018727366873
1398.2281998137164,1490.4456534223787,1490.2679156005063,1585.2211688159748,1404.8778980767895,1559.9526671295216,1658.6364419046124,1417.2968410087801,1601.7307629776492,1417.1596660283994,1550.7528897463735,1555.8226043431364,1697.0198021476845,1458.4337141992505,1549.0018727366873,1641.6293899042605
1490.4456534223787,1490.2679156005063,1585.2211688159748,1404.8778980767895,1559.9526671295216,1658.6364419046124,1417.2968410087801,1601.7307629776492,1417.1596660283994,1550.7528897463735,1555.8226043431364,1697.0198021476845,1458.4337141992505,1549.0018727366873,1641.6293899042605,1425.5880410352652
1490.2679156005063,1585.2211688159748,1404.8778980767895,1559.9526671295216,1658.6364419046124,1417.2968410087801,1601.7307629776492,1417.1596660283994,1550.7528897463735,1555.8226043431364,1697.0198021476845,1458.4337141992505,1549.0018727366873,1641.6293899042605,1425.5880410352652,1547.8443977883587
1585.2211688159748,1404.8778980767895,1559.9526671295216,1658.6364419046124,1417.2968410087801,1601.7307629776492,1417.1596660283994,1550.7528897463735,1555.8226043431364,1697.0198021476845,1458.4337141992505,1549.0018727366873,1641.6293899042605,1425.5880410352652,1547.8443977883587,1468.1319878397387
1404.8778980767895,1559.9526671295216,1658.6364419046124,1417.2968410087801,1601.7307629776492,1417.1596660283994,1550.7528897463735,1555.8226043431364,1697.0198021476845,1458.4337141992505,1549.0018727366873,1641.6293899042605,1425.5880410352652,1547.8443977883587,1468.1319878397387,1491.7569221554052
1559.9526671295216,1658.6364419046124,1417.2968410087801,1601.7307629776492,1417.1596660283994,1550.7528897463735,1555.8226043431364,1697.0198021476845,1458.4337141992505,1549.0018727366873,1641.6293899042605,1425.5880410352652,1547.8443977883587,1468.1319878397387,1491.7569221554052,1637.3952670901153
1658.6364419046124,1417.2968410087801,1601.7307629776492,1417.1596660283994,1550.7528897463735,1555.8226043431364,1697.0198021476845,1458.4337141992505,1549.0018727366873,1641.6293899042605,1425.5880410352652,1547.8443977883587,1468.1319878397387,1491.7569221554052,1637.3952670901153,1646.9260606445698
1417.2968410087801,1601.7307629776492,1417.1596660283994,1550.7528897463735,1555.8226043431364,1697.0198021476845,1458.4337141992505,1549.0018727366873,1641.6293899042605,1425.5880410352652,1547.8443977883587,1468.1319878397387,1491.7569221554052,1637.3952670901153,1646.9260606445698,1842.7397347148333
1601.7307629776492,1417.1596660283994,1550.7528897463735,1555.8226043431364,1697.0198021476845,1458.4337141992505,1549.0018727366873,1641.6293899042605,1425.5880410352652,1547.8443977883587,1468.1319878397387,1491.7569221554052,1637.3952670901153,1646.9260606445698,1842.7397347148333,1731.195090538523
1417.1596660283994,1550.7528897463735,1555.8226043431364,1697.0198021476845,1458.4337141992505,1549.0018727366873,1641.6293899042605,1425.5880410352652,1547.8443977883587,1468.1319878397387,1491.7569221554052,1637.3952670901153,1646.9260606445698,1842.7397347148333,1731.195090538523,1731.3272387735976
1550.7528897463735,1555.8226043431364,1697.0198021476845,1458.4337141992505,1549.0018727366873,1641.6293899042605,1425.5880410352652,1547.8443977883587,1468.1319878397387,1491.7569221554052,1637.3952670901153,1646.9260606445698,1842.7397347148333,1731.195090538523,1731.3272387735976,1595.0644744162496
1555.8226043431364,1697.0198021476845,1458.4337141992505,1549.0018727366873,1641.6293899042605,1425.5880410352652,1547.8443977883587,1468.1319878397387,1491.7569221554052,1637.3952670901153,1646.9260606445698,1842.7397347148333,1731.195090538523,1731.3272387735976,1595.0644744162496,1591.4145349584621
1697.0198021476845,1458.4337141992505,1549.0018727366873,1641.6293899042605,1425.5880410352652,1547.8443977883587,1468.1319878397387,1491.7569221554052,1637.3952670901153,1646.9260606445698,1842.7397347148333,1731.195090538523,1731.3272387735976,1595.0644744162496,1591.4145349584621,1645.284113511781
1458.4337141992505,1549.0018727366873,1641.6293899042605,1425.5880410352652,1547.8443977883587,1468.1319878397387,1491.7569221554052,1637.3952670901153,1646.9260606445698,1842.7397347148333,1731.195090538523,1731.3272387735976,1595.0644744162496,1591.4145349584621,1645.284113511781,1414.5867906631454
1549.0018727366873,1641.6293899042605,1425.5880410352652,1547.8443977883587,1468.1319878397387,1491.7569221554052,1637.3952670901153,1646.9260606445698,1842.7397347148333,1731.195090538523,1731.3272387735976,1595.0644744162496,1591.4145349584621,1645.284113511781,1414.5867906631454,1818.7237322278913
1641.6293899042605,1425.5880410352652,1547.8443977883587,1468.1319878397387,1491.7569221554052,1637.3952670901153,1646.9260606445698,1842.7397347148333,1731.195090538523,1731.3272387735976,1595.0644744162496,1591.4145349584621,1645.284113511781,1414.5867906631454,1818.7237322278913,1597.169397581895
1425.5880410352652,1547.8443977883587,1468.1319878397387,1491.7569221554052,1637.3952670901153,1646.9260606445698,1842.7397347148333,1731.195090538523,1731.3272387735976,1595.0644744162496,1591.4145349584621,1645.284113511781,1414.5867906631454,1818.7237322278913,1597.169397581895,1569.897108621174
1547.8443977883587,1468.1319878397387,1491.7569221554052,1637.3952670901153,1646.9260606445698,1842.7397347148333,1731.195090538523,1731.3272387735976,1595.0644744162496,1591.4145349584621,1645.284113511781,1414.5867906631454,1818.7237322278913,1597.169397581895,1569.897108621174,1642.1147605128053
1468.1319878397387,1491.7569221554052,1637.3952670901153,1646.9260606445698,1842.7397347148333,1731.195090538523,1731.3272387735976,1595.0644744162496,1591.4145349584621,1645.284113511781,1414.5867906631454,1818.7237322278913,1597.169397581895,1569.897108621174,1642.1147605128053,1787.8391168291337
1491.7569221554052,1637.3952670901153,1646.9260606445698,1842.7397347148333,1731.195090538523,1731.3272387735976,1595.0644744162496,1591.4145349584621,1645.284113511781,1414.5867906631454,1818.7237322278913,1597.169397581895,1569.897108621174,1642.1147605128053,1787.8391168291337,1837.4448057746274
1637.3952670901153,1646.9260606445698,1842.7397347148333,1731.195090538523,1731.3272387735976,1595.0644744162496,1591.4145349584621,1645.284113511781,1414.5867906631454,1818.7237322278913,1597.169397581895,1569.897108621174,1642.1147605128053,1787.8391168291337,1837.4448057746274,1688.598995350343
1646.9260606445698,1842.7397347148333,1731.195090538523,1731.3272387735976,1595.0644744162496,1591.4145349584621,1645.284113511781,1414.5867906631454,1818.7237322278913,1597.169397581895,1569.897108621174,1642.1147605128053,1787.8391168291337,1837.4448057746274,1688.598995350343,1783.4448825598415
1842.7397347148333,1731.195090538523,1731.3272387735976,1595.0644744162496,1591.4145349584621,1645.284113511781,1414.5867906631454,1818.7237322278913,1597.169397581895,1569.897108621174,1642.1147605128053,1787.8391168291337,1837.4448057746274,1688.598995350343,1783.4448825598415,1748.0635795723285
1731.195090538523,1731.3272387735976,1595.0644744162496,1591.4145349584621,1645.284113511781,1414.5867906631454,1818.7237322278913,1597.169397581895,1569.897108621174,1642.1147605128053,1787.8391168291337,1837.4448057746274,1688.598995350343,1783.4448825598415,1748.0635795723285,1668.4635125929517
1731.3272387735976,1595.0644744162496,1591.4145349584621,1645.284113511781,1414.5867906631454,1818.7237322278913,1597.169397581895,1569.897108621174,1642.1147605128053,1787.8391168291337,1837.4448057746274,1688.598995350343,1783.4448825598415,1748.0635795723285,1668.4635125929517,1799.7655161672888
1595.0644744162496,1591.4145349584621,1645.284113511781,1414.5867906631454,1818.7237322278913,1597.169397581895,1569.897108621174,1642.1147605128053,1787.8391168291337,1837.4448057746274,1688.598995350343,1783.4448825598415,1748.0635795723285,1668.4635125929517,1799.7655161672888,1800.5919588059903
1591.4145349584621,1645.284113511781,1414.5867906631454,1818.7237322278913,1597.169397581895,1569.897108621174,1642.1147605128053,1787.8391168291337,1837.4448057746274,1688.598995350343,1783.4448825598415,1748.0635795723285,1668.4635125929517,1799.7655161672888,1800.5919588059903,1659.5000872658632
1645.284113511781,1414.5867906631454,1818.7237322278913,1597.169397581895,1569.897108621174,1642.1147605128053,1787.8391168291337,1837.4448057746274,1688.598995350343,1783.4448825598415,1748.0635795723285,1668.4635125929517,1799.7655161672888,1800.5919588059903,1659.5000872658632,1939.0836895406403
1414.5867906631454,1818.7237322278913,1597.169397581895,1569.897108621174,1642.1147605128053,1787.8391168291337,1837.4448057746274,1688.598995350343,1783.4448825598415,1748.0635795723285,1668.4635125929517,1799.7655161672888,1800.5919588059903,1659.5000872658632,1939.0836895406403,1688.0250669935515
1818.7237322278913,1597.169397581895,1569.897108621174,1642.1147605128053,1787.8391168291337,1837.4448057746274,1688.598995350343,1783.4448825598415,1748.0635795723285,1668.4635125929517,1799.7655161672888,1800.5919588059903,1659.5000872658632,1939.0836895406403,1688.0250669935515,1885.0471676840477
1597.169397581895,1569.897108621174,1642.1147605128053,1787.8391168291337,1837.4448057746274,1688.598995350343,1783.4448825598415,1748.0635795723285,1668.4635125929517,1799.7655161672888,1800.5919588059903,1659.5000872658632,1939.0836895406403,1688.0250669935515,1885.0471676840477,1773.4850539744734
1569.897108621174,1642.1147605128053,1787.8391168291337,1837.4448057746274,1688.598995350343,1783.4448825598415,1748.0635795723285,1668.4635125929517,1799.7655161672888,1800.5919588059903,1659.5000872658632,1939.0836895406403,1688.0250669935515,1885.0471676840477,1773.4850539744734,1814.2461336008446
1642.1147605128053,1787.8391168291337,1837.4448057746274,1688.598995350343,1783.4448825598415,1748.0635795723285,1668.4635125929517,1799.7655161672888,1800.5919588059903,1659.5000872658632,1939.0836895406403,1688.0250669935515,1885.0471676840477,1773.4850539744734,1814.2461336008446,1842.921119224669
1787.8391168291337,1837.4448057746274,1688.598995350343,1783.4448825598415,1748.0635795723285,1668.4635125929517,1799.7655161672888,1800.5919588059903,1659.5000872658632,1939.0836895406403,1688.0250669935515,1885.0471676840477,1773.4850539744734,1814.2461336008446,1842.921119224669,2001.485166411954
1837.4448057746274,1688.598995350343,1783.4448825598415,1748.0635795723285,1668.4635125929517,1799.7655161672888,1800.5919588059903,1659.5000872658632,1939.0836895406403,1688.0250669935515,1885.0471676840477,1773.4850539744734,1814.2461336008446,1842.921119224669,2001.485166411954,1823.7111668377067
1688.598995350343,1783.4448825598415,1748.0635795723285,1668.4635125929517,1799.7655161672888,1800.5919588059903,1659.5000872658632,1939.0836895406403,1688.0250669935515,1885.0471676840477,1773.4850539744734,1814.2461336008446,1842.921119224669,2001.485166411954,1823.7111668377067,1948.5360267472106
1783.4448825598415,1748.0635795723285,1668.4635125929517,1799.7655161672888,1800.5919588059903,1659.5000872658632,1939.0836895406403,1688.0250669935515,1885.0471676840477,1773.4850539744734,1814.2461336008446,1842.921119224669,2001.485166411954,1823.7111668377067,1948.5360267472106,2141.5612524915714
1748.0635795723285,1668.4635125929517,1799.7655161672888,1800.5919588059903,1659.5000872658632,1939.0836895406403,1688.0250669935515,1885.0471676840477,1773.4850539744734,1814.2461336008446,1842.921119224669,2001.485166411954,1823.7111668377067,1948.5360267472106,2141.5612524915714,1935.8175200569267
1668.4635125929517,1799.7655161672888,1800.5919588059903,1659.5000872658632,1939.0836895406403,1688.0250669935515,1885.0471676840477,1773.4850539744734,1814.2461336008446,1842.921119224669,2001.485166411954,1823.7111668377067,1948.5360267472106,2141.5612524915714,1935.8175200569267,2021.5854781822115
1799.7655161672888,1800.5919588059903,1659.5000872658632,1939.0836895406403,1688.0250669935515,1885.0471676840477,1773.4850539744734,1814.2461336008446,1842.921119224669,2001.485166411954,1823.7111668377067,1948.5360267472106,2141.5612524915714,1935.8175200569267,2021.5854781822115,2110.8414242085664
1800.5919588059903,1659.5000872658632,1939.0836895406403,1688.0250669935515,1885.0471676840477,1773.4850539744734,1814.2461336008446,1842.921119224669,2001.485166411954,1823.7111668377067,1948.5360267472106,2141.5612524915714,1935.8175200569267,2021.5854781822115,2110.8414242085664,2006.0555871742004
1659.5000872658632,1939.0836895406403,1688.0250669935515,1885.0471676840477,1773.4850539744734,1814.2461336008446,1842.921119224669,2001.485166411954,1823.7111668377067,1948.5360267472106,2141.5612524915714,1935.8175200569267,2021.5854781822115,2110.8414242085664,2006.0555871742004,2132.076908043474
1939.0836895406403,1688.0250669935515,1885.0471676840477,1773.4850539744734,1814.2461336008446,1842.921119224669,2001.485166411954,1823.7111668377067,1948.5360267472106,2141.5612524915714,1935.8175200569267,2021.5854781822115,2110.8414242085664,2006.0555871742004,2132.076908043474,2038.9536260386235
1688.0250669935515,1885.0471676840477,1773.4850539744734,1814.2461336008446,1842.921119224669,2001.485166411954,1823.7111668377067,1948.5360267472106,2141.5612524915714,1935.8175200569267,2021.5854781822115,2110.8414242085664,2006.0555871742004,2132.076908043474,2038.9536260386235,2195.797145961439
1885.0471676840477,1773.4850539744734,1814.2461336008446,1842.921119224669,2001.485166411954,1823.7111668377067,1948.5360267472106,2141.5612524915714,1935.8175200569267,2021.5854781822115,2110.8414242085664,2006.0555871742004,2132.076908043474,2038.9536260386235,2195.797145961439,2153.090758064456
1773.4850539744734,1814.2461336008446,1842.921119224669,2001.485166411954,1823.7111668377067,1948.5360267472106,2141.5612524915714,1935.8175200569267,2021.5854781822115,2110.8414242085664,2006.0555871742004,2132.076908043474,2038.9536260386235,2195.797145961439,2153.090758064456,2074.5221243207534
1814.2461336008446,1842.921119224669,2001.485166411954,1823.7111668377067,1948.5360267472106,2141.5612524915714,1935.8175200569267,2021.5854781822115,2110.8414242085664,2006.0555871742004,2132.076908043474,2038.9536260386235,2195.797145961439,2153.090758064456,2074.5221243207534,2330.61606519204
1842.921119224669,2001.485166411954,1823.7111668377067,1948.5360267472106,2141.5612524915714,1935.8175200569267,2021.5854781822115,2110.8414242085664,2006.0555871742004,2132.076908043474,2038.9536260386235,2195.797145961439,2153.090758064456,2074.5221243207534,2330.61606519204,2202.0099321981866
2001.485166411954,1823.7111668377067,1948.5360267472106,2141.5612524915714,1935.8175200569267,2021.5854781822115,2110.8414242085664,2006.0555871742004,2132.076908043474,2038.9536260386235,2195.797145961439,2153.090758064456,2074.5221243207534,2330.61606519204,2202.0099321981866,2205.5450320257737
1823.7111668377067,1948.5360267472106,2141.5612524915714,1935.8175200569267,2021.5854781822115,2110.8414242085664,2006.0555871742004,2132.076908043474,2038.9536260386235,2195.797145961439,2153.090758064456,2074.5221243207534,2330.61606519204,2202.0099321981866,2205.5450320257737,2163.308885526897
1948.5360267472106,2141.5612524915714,1935.8175200569267,2021.5854781822115,2110.8414242085664,2006.0555871742004,2132.076908043474,2038.9536260386235,2195.797145961439,2153.090758064456,2074.5221243207534,2330.61606519204,2202.0099321981866,2205.5450320257737,2163.308885526897,2231.270529997474
2141.5612524915714,1935.8175200569267,2021.5854781822115,2110.8414242085664,2006.0555871742004,2132.076908043474,2038.9536260386235,2195.797145961439,2153.090758064456,2074.5221243207534,2330.61606519204,2202.0099321981866,2205.5450320257737,2163.308885526897,2231.270529997474,2291.3252642959114
1935.8175200569267,2021.5854781822115,2110.8414242085664,2006.0555871742004,2132.076908043474,2038.9536260386235,2195.797145961439,2153.090758064456,2074.5221243207534,2330.61606519204,2202.0099321981866,2205.5450320257737,2163.308885526897,2231.270529997474,2291.3252642959114,2341.0514886878022
2021.5854781822115,2110.8414242085664,2006.0555871742004,2132.076908043474,2038.9536260386235,2195.797145961439,2153.090758064456,2074.5221243207534,2330.61606519204,2202.0099321981866,2205.5450320257737,2163.308885526897,2231.270529997474,2291.3252642959114,2341.0514886878022,2456.779003727111
2110.8414242085664,2006.0555871742004,2132.076908043474,2038.9536260386235,2195.797145961439,2153.090758064456,2074.5221243207534,2330.61606519204,2202.0099321981866,2205.5450320257737,2163.308885526897,2231.270529997474,2291.3252642959114,2341.0514886878022,2456.779003727111,2238.429880944582
2006.0555871742004,2132.076908043474,2038.9536260386235,2195.797145961439,2153.090758064456,2074.5221243207534,2330.61606519204,2202.0099321981866,2205.5450320257737,2163.308885526897,2231.270529997474,2291.3252642959114,2341.0514886878022,2456.779003727111,2238.429880944582,2358.763830145846
2132.076908043474,2038.9536260386235,2195.797145961439,2153.090758064456,2074.5221243207534,2330.61606519204,2202.0099321981866,2205.5450320257737,2163.308885526897,2231.270529997474,2291.3252642959114,2341.0514886878022,2456.779003727111,2238.429880944582,2358.763830145846,2536.979278376157
2038.9536260386235,2195.797145961439,2153.090758064456,2074.5221243207534,2330.61606519204,2202.0099321981866,2205.5450320257737,2163.308885526897,2231.270529997474,2291.3252642959114,2341.0514886878022,2456.779003727111,2238.429880944582,2358.763830145846,2536.979278376157,2459.365403481941
2195.797145961439,2153.090758064456,2074.5221243207534,2330.61606519204,2202.0099321981866,2205.5450320257737,2163.308885526897,2231.270529997474,2291.3252642959114,2341.0514886878022,2456.779003727111,2238.429880944582,2358.763830145846,2536.979278376157,2459.365403481941,2506.0032771570213
2153.090758064456,2074.5221243207534,2330.61606519204,2202.0099321981866,2205.5450320257737,2163.308885526897,2231.270529997474,2291.3252642959114,2341.0514886878022,2456.779003727111,2238.429880944582,2358.763830145846,2536.979278376157,2459.365403481941,2506.0032771570213,2648.646084914999
2074.5221243207534,2330.61606519204,2202.0099321981866,2205.5450320257737,2163.308885526897,2231.270529997474,2291.3252642959114,2341.0514886878022,2456.779003727111,2238.429880944582,2358.763830145846,2536.979278376157,2459.365403481941,2506.0032771570213,2648.646084914999,2547.4058010362637
2330.61606519204,2202.0099321981866,2205.5450320257737,2163.308885526897,2231.270529997474,2291.3252642959114,2341.0514886878022,2456.779003727111,2238.429880944582,2358.763830145846,2536.979278376157,2459.365403481941,2506.0032771570213,2648.646084914999,2547.4058010362637,2584.7441000708077
2202.0099321981866,2205.5450320257737,2163.308885526897,2231.270529997474,2291.3252642959114,2341.0514886878022,2456.779003727111,2238.429880944582,2358.763830145846,2536.979278376157,2459.365403481941,2506.0032771570213,2648.646084914999,2547.4058010362637,2584.7441000708077,2558.619141657858
2205.5450320257737,2163.308885526897,2231.270529997474,2291.3252642959114,2341.0514886878022,2456.779003727111,2238.429880944582,2358.763830145846,2536.979278376157,2459.365403481941,2506.0032771570213,2648.646084914999,2547.4058010362637,2584.7441000708077,2558.619141657858,2764.1963419512876
2163.308885526897,2231.270529997474,2291.3252642959114,2341.0514886878022,2456.779003727111,2238.429880944582,2358.763830145846,2536.979278376157,2459.365403481941,2506.0032771570213,2648.646084914999,2547.4058010362637,2584.7441000708077,2558.619141657858,2764.1963419512876,2717.2707107407855
2231.270529997474,2291.3252642959114,2341.0514886878022,2456.779003727111,2238.429880944582,2358.763830145846,2536.979278376157,2459.365403481941,2506.0032771570213,2648.646084914999,2547.4058010362637,2584.7441000708077,2558.619141657858,2764.1963419512876,2717.2707107407855,2565.080753856401
2291.3252642959114,2341.0514886878022,2456.779003727111,2238.429880944582,2358.763830145846,2536.979278376157,2459.365403481941,2506.0032771570213,2648.646084914999,2547.4058010362637,2584.7441000708077,2558.619141657858,2764.1963419512876,2717.2707107407855,2565.080753856401,2717.098094313593
2341.0514886878022,2456.779003727111,2238.429880944582,2358.763830145846,2536.979278376157,2459.365403481941,2506.0032771570213,2648.646084914999,2547.4058010362637,2584.7441000708077,2558.619141657858,2764.1963419512876,2717.2707107407855,2565.080753856401,2717.098094313593,2572.577492160405
2456.779003727111,2238.429880944582,2358.763830145846,2536.979278376157,2459.365403481941,2506.0032771570213,2648.646084914999,2547.4058010362637,2584.7441000708077,2558.619141657858,2764.1963419512876,2717.2707107407855,2565.080753856401,2717.098094313593,2572.577492160405,2821.349761563741
2238.429880944582,2358.763830145846,2536.979278376157,2459.365403481941,2506.0032771570213,2648.646084914999,2547.4058010362637,2584.7441000708077,2558.619141657858,2764.1963419512876,2717.2707107407855,2565.080753856401,2717.098094313593,2572.577492160405,2821.349761563741,2805.0878767272625
2358.763830145846,2536.979278376157,2459.365403481941,2506.0032771570213,2648.646084914999,2547.4058010362637,2584.7441000708077,2558.619141657858,2764.1963419512876,2717.2707107407855,2565.080753856401,2717.098094313593,2572.577492160405,2821.349761563741,2805.0878767272625,2747.305483381777
2536.979278376157,2459.365403481941,2506.0032771570213,2648.646084914999,2547.4058010362637,2584.7441000708077,2558.619141657858,2764.1963419512876,2717.2707107407855,2565.080753856401,2717.098094313593,2572.577492160405,2821.349761563741,2805.0878767272625,2747.305483381777,2748.542794068585
2459.365403481941,2506.0032771570213,2648.646084914999,2547.4058010362637,2584.7441000708077,2558.619141657858,2764.1963419512876,2717.2707107407855,2565.080753856401,2717.098094313593,2572.577492160405,2821.349761563741,2805.0878767272625,2747.305483381777,2748.542794068585,2634.7259589280993
2506.0032771570213,2648.646084914999,2547.4058010362637,2584.7441000708077,2558.619141657858,2764.1963419512876,2717.2707107407855,2565.080753856401,2717.098094313593,2572.577492160405,2821.349761563741,2805.0878767272625,2747.305483381777,2748.542794068585,2634.7259589280993,2916.1364666128825
2648.646084914999,2547.4058010362637,2584.7441000708077,2558.619141657858,2764.1963419512876,2717.2707107407855,2565.080753856401,2717.098094313593,2572.577492160405,2821.349761563741,2805.0878767272625,2747.305483381777,2748.542794068585,2634.7259589280993,2916.1364666128825,2853.668072868058
2547.4058010362637,2584.7441000708077,2558.619141657858,2764.1963419512876,2717.2707107407855,2565.080753856401,2717.098094313593,2572.577492160405,2821.349761563741,2805.0878767272625,2747.305483381777,2748.542794068585,2634.7259589280993,2916.1364666128825,2853.668072868058,2859.8647339294753
2584.7441000708077,2558.619141657858,2764.1963419512876,2717.2707107407855,2565.080753856401,2717.098094313593,2572.577492160405,2821.349761563741,2805.0878767272625,2747.305483381777,2748.542794068585,2634.7259589280993,2916.1364666128825,2853.668072868058,2859.8647339294753,2989.030419711602
2558.619141657858,2764.1963419512876,2717.2707107407855,2565.080753856401,2717.098094313593,2572.577492160405,2821.349761563741,2805.0878767272625,2747.305483381777,2748.542794068585,2634.7259589280993,2916.1364666128825,2853.668072868058,2859.8647339294753,2989.030419711602,2875.9316043819194
2764.1963419512876,2717.2707107407855,2565.080753856401,2717.098094313593,2572.577492160405,2821.349761563741,2805.0878767272625,2747.305483381777,2748.542794068585,2634.7259589280993,2916.1364666128825,2853.668072868058,2859.8647339294753,2989.030419711602,2875.9316043819194,2909.4393408167875
2717.2707107407855,2565.080753856401,2717.098094313593,2572.577492160405,2821.349761563741,2805.0878767272625,2747.305483381777,2748.542794068585,2634.7259589280993,2916.1364666128825,2853.668072868058,2859.8647339294753,2989.030419711602,2875.9316043819194,2909.4393408167875,2924.4010500175295
2565.080753856401,2717.098094313593,2572.577492160405,2821.349761563741,2805.0878767272625,2747.305483381777,2748.542794068585,2634.7259589280993,2916.1364666128825,2853.668072868058,2859.8647339294753,2989.030419711602,2875.9316043819194,2909.4393408167875,2924.4010500175295,2890.683114010846
2717.098094313593,2572.577492160405,2821.349761563741,2805.0878767272625,2747.305483381777,2748.542794068585,2634.7259589280993,2916.1364666128825,2853.668072868058,2859.8647339294753,2989.030419711602,2875.9316043819194,2909.4393408167875,2924.4010500175295,2890.683114010846,3292.6703724628305
2572.577492160405,2821.349761563741,2805.0878767272625,2747.305483381777,2748.542794068585,2634.7259589280993,2916.1364666128825,2853.668072868058,2859.8647339294753,2989.030419711602,2875.9316043819194,2909.4393408167875,2924.4010500175295,2890.683114010846,3292.6703724628305,3057.966764322868
2821.349761563741,2805.0878767272625,2747.305483381777,2748.542794068585,2634.7259589280993,2916.1364666128825,2853.668072868058,2859.8647339294753,2989.030419711602,2875.9316043819194,2909.4393408167875,2924.4010500175295,2890.683114010846,3292.6703724628305,3057.966764322868,3068.0815176980486
2805.0878767272625,2747.305483381777,2748.542794068585,2634.7259589280993,2916.1364666128825,2853.668072868058,2859.8647339294753,2989.030419711602,2875.9316043819194,2909.4393408167875,2924.4010500175295,2890.683114010846,3292.6703724628305,3057.966764322868,3068.0815176980486,3218.8239692683974
2747.305483381777,2748.542794068585,2634.7259589280993,2916.1364666128825,2853.668072868058,2859.8647339294753,2989.030419711602,2875.9316043819194,2909.4393408167875,2924.4010500175295,2890.683114010846,3292.6703724628305,3057.966764322868,3068.0815176980486,3218.8239692683974,2839.450787557892
2748.542794068585,2634.7259589280993,2916.1364666128825,2853.668072868058,2859.8647339294753,2989.030419711602,2875.9316043819194,2909.4393408167875,2924.4010500175295,2890.683114010846,3292.6703724628305,3057.966764322868,3068.0815176980486,3218.8239692683974,2839.450787557892,3176.861945922948
2634.7259589280993,2916.1364666128825,2853.668072868058,2859.8647339294753,2989.030419711602,2875.9316043819194,2909.4393408167875,2924.4010500175295,2890.683114010846,3292.6703724628305,3057.966764322868,3068.0815176980486,3218.8239692683974,2839.450787557892,3176.861945922948,3206.699432538413
2916.1364666128825,2853.668072868058,2859.8647339294753,2989.030419711602,2875.9316043819194,2909.4393408167875,2924.4010500175295,2890.683114010846,3292.6703724628305,3057.966764322868,3068.0815176980486,3218.8239692683974,2839.450787557892,3176.861945922948,3206.699432538413,3133.6711945101265
2853.668072868058,2859.8647339294753,2989.030419711602,2875.9316043819194,2909.4393408167875,2924.4010500175295,2890.683114010846,3292.6703724628305,3057.966764322868,3068.0815176980486,3218.8239692683974,2839.450787557892,3176.861945922948,3206.699432538413,3133.6711945101265,3302.081475927551
2859.8647339294753,2989.030419711602,2875.9316043819194,2909.4393408167875,2924.4010500175295,2890.683114010846,3292.6703724628305,3057.966764322868,3068.0815176980486,3218.8239692683974,2839.450787557892,3176.861945922948,3206.699432538413,3133.6711945101265,3302.081475927551,3078.6410390666247
2989.030419711602,2875.9316043819194,2909.4393408167875,2924.4010500175295,2890.683114010846,3292.6703724628305,3057.966764322868,3068.0815176980486,3218.8239692683974,2839.450787557892,3176.861945922948,3206.699432538413,3133.6711945101265,3302.081475927551,3078.6410390666247,3306.5432783037813
2875.9316043819194,2909.4393408167875,2924.4010500175295,2890.683114010846,3292.6703724628305,3057.966764322868,3068.0815176980486,3218.8239692683974,2839.450787557892,3176.861945922948,3206.699432538413,3133.6711945101265,3302.081475927551,3078.6410390666247,3306.5432783037813,3418.7551188087814
2909.4393408167875,2924.4010500175295,2890.683114010846,3292.6703724628305,3057.966764322868,3068.0815176980486,3218.8239692683974,2839.450787557892,3176.861945922948,3206.699432538413,3133.6711945101265,3302.081475927551,3078.6410390666247,3306.5432783037813,3418.7551188087814,3132.276673559519
2924.4010500175295,2890.683114010846,3292.6703724628305,3057.966764322868,3068.0815176980486,3218.8239692683974,2839.450787557892,3176.861945922948,3206.699432538413,3133.6711945101265,3302.081475927551,3078.6410390666247,3306.5432783037813,3418.7551188087814,3132.276673559519,3233.6186175326957
2890.683114010846,3292.6703724628305,3057.966764322868,3068.0815176980486,3218.8239692683974,2839.450787557892,3176.861945922948,3206.699432538413,3133.6711945101265,3302.081475927551,3078.6410390666247,3306.5432783037813,3418.7551188087814,3132.276673559519,3233.6186175326957,3386.4098710440244
3292.6703724628305,3057.966764322868,3068.0815176980486,3218.8239692683974,2839.450787557892,3176.861945922948,3206.699432538413,3133.6711945101265,3302.081475927551,3078.6410390666247,3306.5432783037813,3418.7551188087814,3132.276673559519,3233.6186175326957,3386.4098710440244,3423.7865828544536
3057.966764322868,3068.0815176980486,3218.8239692683974,2839.450787557892,3176.861945922948,3206.699432538413,3133.6711945101265,3302.081475927551,3078.6410390666247,3306.5432783037813,3418.7551188087814,3132.276673559519,3233.6186175326957,3386.4098710440244,3423.7865828544536,3384.177551277555
3068.0815176980486,3218.8239692683974,2839.450787557892,3176.861945922948,3206.699432538413,3133.6711945101265,3302.081475927551,3078.6410390666247,3306.5432783037813,3418.7551188087814,3132.276673559519,3233.6186175326957,3386.4098710440244,3423.7865828544536,3384.177551277555,3508.320435158433
3218.8239692683974,2839.450787557892,3176.861945922948,3206.699432538413,3133.6711945101265,3302.081475927551,3078.6410390666247,3306.5432783037813,3418.7551188087814,3132.276673559519,3233.6186175326957,3386.4098710440244,3423.7865828544536,3384.177551277555,3508.320435158433,3519.74364970245
2839.450787557892,3176.861945922948,3206.699432538413,3133.6711945101265,3302.081475927551,3078.6410390666247,3306.5432783037813,3418.7551188087814,3132.276673559519,3233.6186175326957,3386.4098710440244,3423.7865828544536,3384.177551277555,3508.320435158433,3519.74364970245,3383.816995897429
3176.861945922948,3206.699432538413,3133.6711945101265,3302.081475927551,3078.6410390666247,3306.5432783037813,3418.7551188087814,3132.276673559519,3233.6186175326957,3386.4098710440244,3423.7865828544536,3384.177551277555,3508.320435158433,3519.74364970245,3383.816995897429,3531.792883210673
3206.699432538413,3133.6711945101265,3302.081475927551,3078.6410390666247,3306.5432783037813,3418.7551188087814,3132.276673559519,3233.6186175326957,3386.4098710440244,3423.7865828544536,3384.177551277555,3508.320435158433,3519.74364970245,3383.816995897429,3531.792883210673,3437.236165237956
3133.6711945101265,3302.081475927551,3078.6410390666247,3306.5432783037813,3418.7551188087814,3132.276673559519,3233.6186175326957,3386.4098710440244,3423.7865828544536,3384.177551277555,3508.320435158433,3519.74364970245,3383.816995897429,3531.792883210673,3437.236165237956,3380.0753534382657
3302.081475927551,3078.6410390666247,3306.5432783037813,3418.7551188087814,3132.276673559519,3233.6186175326957,3386.4098710440244,3423.7865828544536,3384.177551277555,3508.320435158433,3519.74364970245,3383.816995897429,3531.792883210673,3437.236165237956,3380.0753534382657,3369.3372847025985
3078.6410390666247,3306.5432783037813,3418.7551188087814,3132.276673559519,3233.6186175326957,3386.4098710440244,3423.7865828544536,3384.177551277555,3508.320435158433,3519.74364970245,3383.816995897429,3531.792883210673,3437.236165237956,3380.0753534382657,3369.3372847025985,3736.070752436625
3306.5432783037813,3418.7551188087814,3132.276673559519,3233.6186175326957,3386.4098710440244,3423.7865828544536,3384.177551277555,3508.320435158433,3519.74364970245,3383.816995897429,3531.792883210673,3437.236165237956,3380.0753534382657,3369.3372847025985,3736.070752436625,3643.086781573203
3418.7551188087814,3132.276673559519,3233.6186175326957,3386.4098710440244,3423.7865828544536,3384.177551277555,3508.320435158433,3519.74364970245,3383.816995897429,3531.792883210673,3437.236165237956,3380.0753534382657,3369.3372847025985,3736.070752436625,3643.086781573203,3874.2072279250483
3132.276673559519,3233.6186175326957,3386.4098710440244,3423.7865828544536,3384.177551277555,3508.320435158433,3519.74364970245,3383.816995897429,3531.792883210673,3437.236165237956,3380.0753534382657,3369.3372847025985,3736.070752436625,3643.086781573203,3874.2072279250483,3554.558265339459
3233.6186175326957,3386.4098710440244,3423.7865828544536,3384.177551277555,3508.320435158433,3519.74364970245,3383.816995897429,3531.792883210673,3437.236165237956,3380.0753534382657,3369.3372847025985,3736.070752436625,3643.086781573203,3874.2072279250483,3554.558265339459,3687.6692614893077
3386.4098710440244,3423.7865828544536,3384.177551277555,3508.320435158433,3519.74364970245,3383.816995897429,3531.792883210673,3437.236165237956,3380.0753534382657,3369.3372847025985,3736.070752436625,3643.086781573203,3874.2072279250483,3554.558265339459,3687.6692614893077,3779.205043735004
3423.7865828544536,3384.177551277555,3508.320435158433,3519.74364970245,3383.816995897429,3531.792883210673,3437.236165237956,3380.0753534382657,3369.3372847025985,3736.070752436625,3643.086781573203,3874.2072279250483,3554.558265339459,3687.6692614893077,3779.205043735004,3753.046868518216
3384.177551277555,3508.320435158433,3519.74364970245,3383.816995897429,3531.792883210673,3437.236165237956,3380.0753534382657,3369.3372847025985,3736.070752436625,3643.086781573203,3874.2072279250483,3554.558265339459,3687.6692614893077,3779.205043735004,3753.046868518216,3839.413655159185
3508.320435158433,3519.74364970245,3383.816995897429,3531.792883210673,3437.236165237956,3380.0753534382657,3369.3372847025985,3736.070752436625,3643.086781573203,3874.2072279250483,3554.558265339459,3687.6692614893077,3779.205043735004,3753.046868518216,3839.413655159185,3825.672231408279
3519.74364970245,3383.816995897429,3531.792883210673,3437.236165237956,3380.0753534382657,3369.3372847025985,3736.070752436625,3643.086781573203,3874.2072279250483,3554.558265339459,3687.6692614893077,3779.205043735004,3753.046868518216,3839.413655159185,3825.672231408279,3771.1673946527653
3383.816995897429,3531.792883210673,3437.236165237956,3380.0753534382657,3369.3372847025985,3736.070752436625,3643.086781573203,3874.2072279250483,3554.558265339459,3687.6692614893077,3779.205043735004,3753.046868518216,3839.413655159185,3825.672231408279,3771.1673946527653,3620.9195629775713
3531.792883210673,3437.236165237956,3380.0753534382657,3369.3372847025985,3736.070752436625,3643.086781573203,3874.2072279250483,3554.558265339459,3687.6692614893077,3779.205043735004,3753.046868518216,3839.413655159185,3825.672231408279,3771.1673946527653,3620.9195629775713,3780.085750085666
3437.236165237956,3380.0753534382657,3369.3372847025985,3736.070752436625,3643.086781573203,3874.2072279250483,3554.558265339459,3687.6692614893077,3779.205043735004,3753.046868518216,3839.413655159185,3825.672231408279,3771.1673946527653,3620.9195629775713,3780.085750085666,4068.1316965352717
3380.0753534382657,3369.3372847025985,3736.070752436625,3643.086781573203,3874.2072279250483,3554.558265339459,3687.6692614893077,3779.205043735004,3753.046868518216,3839.413655159185,3825.672231408279,3771.1673946527653,3620.9195629775713,3780.085750085666,4068.1316965352717,3993.360192309452
3369.3372847025985,3736.070752436625,3643.086781573203,3874.2072279250483,3554.558265339459,3687.6692614893077,3779.205043735004,3753.046868518216,3839.413655159185,3825.672231408279,3771.1673946527653,3620.9195629775713,3780.085750085666,4068.1316965352717,3993.360192309452,4074.941295464644
3736.070752436625,3643.086781573203,3874.2072279250483,3554.558265339459,3687.6692614893077,3779.205043735004,3753.046868518216,3839.413655159185,3825.672231408279,3771.1673946527653,3620.9195629775713,3780.085750085666,4068.1316965352717,3993.360192309452,4074.941295464644,3898.75029975649
3643.086781573203,3874.2072279250483,3554.558265339459,3687.6692614893077,3779.205043735004,3753.046868518216,3839.413655159185,3825.672231408279,3771.1673946527653,3620.9195629775713,3780.085750085666,4068.1316965352717,3993.360192309452,4074.941295464644,3898.75029975649,3958.0825636775635
3874.2072279250483,3554.558265339459,3687.6692614893077,3779.205043735004,3753.046868518216,3839.413655159185,3825.672231408279,3771.1673946527653,3620.9195629775713,3780.085750085666,4068.1316965352717,3993.360192309452,4074.941295464644,3898.75029975649,3958.0825636775635,3909.128345842258
3554.558265339459,3687.6692614893077,3779.205043735004,3753.046868518216,3839.413655159185,3825.672231408279,3771.1673946527653,3620.9195629775713,3780.085750085666,4068.1316965352717,3993.360192309452,4074.941295464644,3898.75029975649,3958.0825636775635,3909.128345842258,4055.253368509614
3687.6692614893077,3779.205043735004,3753.046868518216,3839.413655159185,3825.672231408279,3771.1673946527653,3620.9195629775713,3780.085750085666,4068.1316965352717,3993.360192309452,4074.941295464644,3898.75029975649,3958.0825636775635,3909.128345842258,4055.253368509614,4041.26773962236
3779.205043735004,3753.046868518216,3839.413655159185,3825.672231408279,3771.1673946527653,3620.9195629775713,3780.085750085666,4068.1316965352717,3993.360192309452,4074.941295464644,3898.75029975649,3958.0825636775635,3909.128345842258,4055.253368509614,4041.26773962236,4098.954260337766
3753.046868518216,3839.413655159185,3825.672231408279,3771.1673946527653,3620.9195629775713,3780.085750085666,4068.1316965352717,3993.360192309452,4074.941295464644,3898.75029975649,3958.0825636775635,3909.128345842258,4055.253368509614,4041.26773962236,4098.954260337766,4248.137231271076
3839.413655159185,3825.672231408279,3771.1673946527653,3620.9195629775713,3780.085750085666,4068.1316965352717,3993.360192309452,4074.941295464644,3898.75029975649,3958.0825636775635,3909.128345842258,4055.253368509614,4041.26773962236,4098.954260337766,4248.137231271076,4006.1195814533926
3825.672231408279,3771.1673946527653,3620.9195629775713,3780.085750085666,4068.1316965352717,3993.360192309452,4074.941295464644,3898.75029975649,3958.0825636775635,3909.128345842258,4055.253368509614,4041.26773962236,4098.954260337766,4248.137231271076,4006.1195814533926,4181.035454541221
3771.1673946527653,3620.9195629775713,3780.085750085666,4068.1316965352717,3993.360192309452,4074.941295464644,3898.75029975649,3958.0825636775635,3909.128345842258,4055.253368509614,4041.26773962236,4098.954260337766,4248.137231271076,4006.1195814533926,4181.035454541221,3984.0767806581844
3620.9195629775713,3780.085750085666,4068.1316965352717,3993.360192309452,4074.941295464644,3898.75029975649,3958.0825636775635,3909.128345842258,4055.253368509614,4041.26773962236,4098.954260337766,4248.137231271076,4006.1195814533926,4181.035454541221,3984.0767806581844,4251.545575157871
3780.085750085666,4068.1316965352717,3993.360192309452,4074.941295464644,3898.75029975649,3958.0825636775635,3909.128345842258,4055.253368509614,4041.26773962236,4098.954260337766,4248.137231271076,4006.1195814533926,4181.035454541221,3984.0767806581844,4251.545575157871,4113.368055871448
4068.1316965352717,3993.360192309452,4074.941295464644,3898.75029975649,3958.0825636775635,3909.128345842258,4055.253368509614,4041.26773962236,4098.954260337766,4248.137231271076,4006.1195814533926,4181.035454541221,3984.0767806581844,4251.545575157871,4113.368055871448,4166.37171426493
3993.360192309452,4074.941295464644,3898.75029975649,3958.0825636775635,3909.128345842258,4055.253368509614,4041.26773962236,4098.954260337766,4248.137231271076,4006.1195814533926,4181.035454541221,3984.0767806581844,4251.545575157871,4113.368055871448,4166.37171426493,4202.915896765957
4074.941295464644,3898.75029975649,3958.0825636775635,3909.128345842258,4055.253368509614,4041.26773962236,4098.954260337766,4248.137231271076,4006.1195814533926,4181.035454541221,3984.0767806581844,4251.545575157871,4113.368055871448,4166.37171426493,4202.915896765957,4369.241200602254
3898.75029975649,3958.0825636775635,3909.128345842258,4055.253368509614,4041.26773962236,4098.954260337766,4248.137231271076,4006.1195814533926,4181.035454541221,3984.0767806581844,4251.545575157871,4113.368055871448,4166.37171426493,4202.915896765957,4369.241200602254,4216.337904848077
3958.0825636775635,3909.128345842258,4055.253368509614,4041.26773962236,4098.954260337766,4248.137231271076,4006.1195814533926,4181.035454541221,3984.0767806581844,4251.545575157871,4113.368055871448,4166.37171426493,4202.915896765957,4369.241200602254,4216.337904848077,4184.250726856746
3909.128345842258,4055.253368509614,4041.26773962236,4098.954260337766,4248.137231271076,4006.1195814533926,4181.035454541221,3984.0767806581844,4251.545575157871,4113.368055871448,4166.37171426493,4202.915896765957,4369.241200602254,4216.337904848077,4184.250726856746,4129.7579207538065
4055.253368509614,4041.26773962236,4098.954260337766,4248.137231271076,4006.1195814533926,4181.035454541221,3984.0767806581844,4251.545575157871,4113.368055871448,4166.37171426493,4202.915896765957,4369.241200602254,4216.337904848077,4184.250726856746,4129.7579207538065,4289.615197945594
4041.26773962236,4098.954260337766,4248.137231271076,4006.1195814533926,4181.035454541221,3984.0767806581844,4251.545575157871,4113.368055871448,4166.37171426493,4202.915896765957,4369.241200602254,4216.337904848077,4184.250726856746,4129.7579207538065,4289.615197945594,4189.931233778673
4098.954260337766,4248.137231271076,4006.1195814533926,4181.035454541221,3984.0767806581844,4251.545575157871,4113.368055871448,4166.37171426493,4202.915896765957,4369.241200602254,4216.337904848077,4184.250726856746,4129.7579207538065,4289.615197945594,4189.931233778673,4238.13489772601
4248.137231271076,4006.1195814533926,4181.035454541221,3984.0767806581844,4251.545575157871,4113.368055871448,4166.37171426493,4202.915896765957,4369.241200602254,4216.337904848077,4184.250726856746,4129.7579207538065,4289.615197945594,4189.931233778673,4238.13489772601,4298.585970432225
4006.1195814533926,4181.035454541221,3984.0767806581844,4251.545575157871,4113.368055871448,4166.37171426493,4202.915896765957,4369.241200602254,4216.337904848077,4184.250726856746,4129.7579207538065,4289.615197945594,4189.931233778673,4238.13489772601,4298.585970432225,4380.596767122633
4181.035454541221,3984.0767806581844,4251.545575157871,4113.368055871448,4166.37171426493,4202.915896765957,4369.241200602254,4216.337904848077,4184.250726856746,4129.7579207538065,4289.615197945594,4189.931233778673,4238.13489772601,4298.585970432225,4380.596767122633,4253.760357101573
3984.0767806581844,4251.545575157871,4113.368055871448,4166.37171426493,4202.915896765957,4369.241200602254,4216.337904848077,4184.250726856746,4129.7579207538065,4289.615197945594,4189.931233778673,4238.13489772601,4298.585970432225,4380.596767122633,4253.760357101573,4403.829689821867
4251.545575157871,4113.368055871448,4166.37171426493,4202.915896765957,4369.241200602254,4216.337904848077,4184.250726856746,4129.7579207538065,4289.615197945594,4189.931233778673,4238.13489772601,4298.585970432225,4380.596767122633,4253.760357101573,4403.829689821867,4524.955360147834
4113.368055871448,4166.37171426493,4202.915896765957,4369.241200602254,4216.337904848077,4184.250726856746,4129.7579207538065,4289.615197945594,4189.931233778673,4238.13489772601,4298.585970432225,4380.596767122633,4253.760357101573,4403.829689821867,4524.955360147834,4209.5481123641985
4166.37171426493,4202.915896765957,4369.241200602254,4216.337904848077,4184.250726856746,4129.7579207538065,4289.615197945594,4189.931233778673,4238.13489772601,4298.585970432225,4380.596767122633,4253.760357101573,4403.829689821867,4524.955360147834,4209.5481123641985,4505.1205634873895
4202.915896765957,4369.241200602254,4216.337904848077,4184.250726856746,4129.7579207538065,4289.615197945594,4189.931233778673,4238.13489772601,4298.585970432225,4380.596767122633,4253.760357101573,4403.829689821867,4524.955360147834,4209.5481123641985,4505.1205634873895,4594.153336734863
4369.241200602254,4216.337904848077,4184.250726856746,4129.7579207538065,4289.615197945594,4189.931233778673,4238.13489772601,4298.585970432225,4380.596767122633,4253.760357101573,4403.829689821867,4524.955360147834,4209.5481123641985,4505.1205634873895,4594.153336734863,4329.11209529001
4216.337904848077,4184.250726856746,4129.7579207538065,4289.615197945594,4189.931233778673,4238.13489772601,4298.585970432225,4380.596767122633,4253.760357101573,4403.829689821867,4524.955360147834,4209.5481123641985,4505.1205634873895,4594.153336734863,4329.11209529001,4458.727912836345
4184.250726856746,4129.7579207538065,4289.615197945594,4189.931233778673,4238.13489772601,4298.585970432225,4380.596767122633,4253.760357101573,4403.829689821867,4524.955360147834,4209.5481123641985,4505.1205634873895,4594.153336734863,4329.11209529001,4458.727912836345,4268.537951216128
4129.7579207538065,4289.615197945594,4189.931233778673,4238.13489772601,4298.585970432225,4380.596767122633,4253.760357101573,4403.829689821867,4524.955360147834,4209.5481123641985,4505.1205634873895,4594.153336734863,4329.11209529001,4458.727912836345,4268.537951216128,4448.197103291537
4289.615197945594,4189.931233778673,4238.13489772601,4298.585970432225,4380.596767122633,4253.760357101573,4403.829689821867,4524.955360147834,4209.5481123641985,4505.1205634873895,4594.153336734863,4329.11209529001,4458.727912836345,4268.537951216128,4448.197103291537,4389.404003633499
4189.931233778673,4238.13489772601,4298.585970432225,4380.596767122633,4253.760357101573,4403.829689821867,4524.955360147834,4209.5481123641985,4505.1205634873895,4594.153336734863,4329.11209529001,4458.727912836345,4268.537951216128,4448.197103291537,4389.404003633499,4459.83686171601
4238.13489772601,4298.585970432225,4380.596767122633,4253.760357101573,4403.829689821867,4524.955360147834,4209.5481123641985,4505.1205634873895,4594.153336734863,4329.11209529001,4458.727912836345,4268.537951216128,4448.197103291537,4389.404003633499,4459.83686171601,4344.376976783075
4298.585970432225,4380.596767122633,4253.760357101573,4403.829689821867,4524.955360147834,4209.5481123641985,4505.1205634873895,4594.153336734863,4329.11209529001,4458.727912836345,4268.537951216128,4448.197103291537,4389.404003633499,4459.83686171601,4344.376976783075,4360.306483116313
4380.596767122633,4253.760357101573,4403.829689821867,4524.955360147834,4209.5481123641985,4505.1205634873895,4594.153336734863,4329.11209529001,4458.727912836345,4268.537951216128,4448.197103291537,4389.404003633499,4459.83686171601,4344.376976783075,4360.306483116313,4403.667496819461
4253.760357101573,4403.829689821867,4524.955360147834,4209.5481123641985,4505.1205634873895,4594.153336734863,4329.11209529001,4458.727912836345,4268.537951216128,4448.197103291537,4389.404003633499,4459.83686171601,4344.376976783075,4360.306483116313,4403.667496819461,4382.622822168551
4403.829689821867,4524.955360147834,4209.5481123641985,4505.1205634873895,4594.153336734863,4329.11209529001,4458.727912836345,4268.537951216128,4448.197103291537,4389.404003633499,4459.83686171601,4344.376976783075,4360.306483116313,4403.667496819461,4382.622822168551,4396.841429122007
4524.955360147834,4209.5481123641985,4505.1205634873895,4594.153336734863,4329.11209529001,4458.727912836345,4268.537951216128,4448.197103291537,4389.404003633499,4459.83686171601,4344.376976783075,4360.306483116313,4403.667496819461,4382.622822168551,4396.841429122007,4442.981844963211
4209.5481123641985,4505.1205634873895,4594.153336734863,4329.11209529001,4458.727912836345,4268.537951216128,4448.197103291537,4389.404003633499,4459.83686171601,4344.376976783075,4360.306483116313,4403.667496819461,4382.622822168551,4396.841429122007,4442.981844963211,4356.200430191327
4505.1205634873895,4594.153336734863,4329.11209529001,4458.727912836345,4268.537951216128,4448.197103291537,4389.404003633499,4459.83686171601,4344.376976783075,4360.306483116313,4403.667496819461,4382.622822168551,4396.841429122007,4442.981844963211,4356.200430191327,4456.316025185393
4594.153336734863,4329.11209529001,4458.727912836345,4268.537951216128,4448.197103291537,4389.404003633499,4459.83686171601,4344.376976783075,4360.306483116313,4403.667496819461,4382.622822168551,4396.841429122007,4442.981844963211,4356.200430191327,4456.316025185393,4522.332031477736
4329.11209529001,4458.727912836345,4268.537951216128,4448.197103291537,4389.404003633499,4459.83686171601,4344.376976783075,4360.306483116313,4403.667496819461,4382.622822168551,4396.841429122007,4442.981844963211,4356.200430191327,4456.316025185393,4522.332031477736,4245.586909256209
4458.727912836345,4268.537951216128,4448.197103291537,4389.404003633499,4459.83686171601,4344.376976783075,4360.306483116313,4403.667496819461,4382.622822168551,4396.841429122007,4442.981844963211,4356.200430191327,4456.316025185393,4522.332031477736,4245.586909256209,4499.116638086284
4268.537951216128,4448.197103291537,4389.404003633499,4459.83686171601,4344.376976783075,4360.306483116313,4403.667496819461,4382.622822168551,4396.841429122007,4442.981844963211,4356.200430191327,4456.316025185393,4522.332031477736,4245.586909256209,4499.116638086284,4406.642965137162
4448.197103291537,4389.404003633499,4459.83686171601,4344.376976783075,4360.306483116313,4403.667496819461,4382.622822168551,4396.841429122007,4442.981844963211,4356.200430191327,4456.316025185393,4522.332031477736,4245.586909256209,4499.116638086284,4406.642965137162,4370.6407841490045
4389.404003633499,4459.83686171601,4344.376976783075,4360.306483116313,4403.667496819461,4382.622822168551,4396.841429122007,4442.981844963211,4356.200430191327,4456.316025185393,4522.332031477736,4245.586909256209,4499.116638086284,4406.642965137162,4370.6407841490045,4349.0639614510865
4459.83686171601,4344.376976783075,4360.306483116313,4403.667496819461,4382.622822168551,4396.841429122007,4442.981844963211,4356.200430191327,4456.316025185393,4522.332031477736,4245.586909256209,4499.116638086284,4406.642965137162,4370.6407841490045,4349.0639614510865,4398.966932814602
4344.376976783075,4360.306483116313,4403.667496819461,4382.622822168551,4396.841429122007,4442.981844963211,4356.200430191327,4456.316025185393,4522.332031477736,4245.586909256209,4499.116638086284,4406.642965137162,4370.6407841490045,4349.0639614510865,4398.966932814602,4409.501760194069
4360.306483116313,4403.667496819461,4382.622822168551,4396.841429122007,4442.981844963211,4356.200430191327,4456.316025185393,4522.332031477736,4245.586909256209,4499.116638086284,4406.642965137162,4370.6407841490045,4349.0639614510865,4398.966932814602,4409.501760194069,4518.2293373002
4403.667496819461,4382.622822168551,4396.841429122007,4442.981844963211,4356.200430191327,4456.316025185393,4522.332031477736,4245.586909256209,4499.116638086284,4406.642965137162,4370.6407841490045,4349.0639614510865,4398.966932814602,4409.501760194069,4518.2293373002,4356.690095445802
4382.622822168551,4396.841429122007,4442.981844963211,4356.200430191327,4456.316025185393,4522.332031477736,4245.586909256209,4499.116638086284,4406.642965137162,4370.6407841490045,4349.0639614510865,4398.966932814602,4409.501760194069,4518.2293373002,4356.690095445802,4586.215538957303
4396.841429122007,4442.981844963211,4356.200430191327,4456.316025185393,4522.332031477736,4245.586909256209,4499.116638086284,4406.642965137162,4370.6407841490045,4349.0639614510865,4398.966932814602,4409.501760194069,4518.2293373002,4356.690095445802,4586.215538957303,4398.6778122545375
4442.981844963211,4356.200430191327,4456.316025185393,4522.332031477736,4245.586909256209,4499.116638086284,4406.642965137162,4370.6407841490045,4349.0639614510865,4398.966932814602,4409.501760194069,4518.2293373002,4356.690095445802,4586.215538957303,4398.6778122545375,4547.228609748836
4356.200430191327,4456.316025185393,4522.332031477736,4245.586909256209,4499.116638086284,4406.642965137162,4370.6407841490045,4349.0639614510865,4398.966932814602,4409.501760194069,4518.2293373002,4356.690095445802,4586.215538957303,4398.6778122545375,4547.228609748836,4585.585633346246
4456.316025185393,4522.332031477736,4245.586909256209,4499.116638086284,4406.642965137162,4370.6407841490045,4349.0639614510865,4398.966932814602,4409.501760194069,4518.2293373002,4356.690095445802,4586.215538957303,4398.6778122545375,4547.228609748836,4585.585633346246,4352.0430067567995
4522.332031477736,4245.586909256209,4499.116638086284,4406.642965137162,4370.6407841490045,4349.0639614510865,4398.966932814602,4409.501760194069,4518.2293373002,4356.690095445802,4586.215538957303,4398.6778122545375,4547.228609748836,4585.585633346246,4352.0430067567995,4578.8139828083495
4245.586909256209,4499.116638086284,4406.642965137162,4370.6407841490045,4349.0639614510865,4398.966932814602,4409.501760194069,4518.2293373002,4356.690095445802,4586.215538957303,4398.6778122545375,4547.228609748836,4585.585633346246,4352.0430067567995,4578.8139828083495,4687.675070415066
4499.116638086284,4406.642965137162,4370.6407841490045,4349.0639614510865,4398.966932814602,4409.501760194069,4518.2293373002,4356.690095445802,4586.215538957303,4398.6778122545375,4547.228609748836,4585.585633346246,4352.0430067567995,4578.8139828083495,4687.675070415066,4422.039937553267
4406.642965137162,4370.6407841490045,4349.0639614510865,4398.966932814602,4409.501760194069,4518.2293373002,4356.690095445802,4586.215538957303,4398.6778122545375,4547.228609748836,4585.585633346246,4352.0430067567995,4578.8139828083495,4687.675070415066,4422.039937553267,4521.363838485518
4370.6407841490045,4349.0639614510865,4398.966932814602,4409.501760194069,4518.2293373002,4356.690095445802,4586.215538957303,4398.6778122545375,4547.228609748836,4585.585633346246,4352.0430067567995,4578.8139828083495,4687.675070415066,4422.039937553267,4521.363838485518,4446.332838233786
4349.0639614510865,4398.966932814602,4409.501760194069,4518.2293373002,4356.690095445802,4586.215538957303,4398.6778122545375,4547.228609748836,4585.585633346246,4352.0430067567995,4578.8139828083495,4687.675070415066,4422.039937553267,4521.363838485518,4446.332838233786,4463.061985707086
4398.966932814602,4409.501760194069,4518.2293373002,4356.690095445802,4586.215538957303,4398.6778122545375,4547.228609748836,4585.585633346246,4352.0430067567995,4578.8139828083495,4687.675070415066,4422.039937553267,4521.363838485518,4446.332838233786,4463.061985707086,4431.116341339525
4409.501760194069,4518.2293373002,4356.690095445802,4586.215538957303,4398.6778122545375,4547.228609748836,4585.585633346246,4352.0430067567995,4578.8139828083495,4687.675070415066,4422.039937553267,4521.363838485518,4446.332838233786,4463.061985707086,4431.116341339525,4394.344731081592
4518.2293373002,4356.690095445802,4586.215538957303,4398.6778122545375,4547.228609748836,4585.585633346246,4352.0430067567995,4578.8139828083495,4687.675070415066,4422.039937553267,4521.363838485518,4446.332838233786,4463.061985707086,4431.116341339525,4394.344731081592,4511.237012192484
4356.690095445802,4586.215538957303,4398.6778122545375,4547.228609748836,4585.585633346246,4352.0430067567995,4578.8139828083495,4687.675070415066,4422.039937553267,4521.363838485518,4446.332838233786,4463.061985707086,4431.116341339525,4394.344731081592,4511.237012192484,4520.666400226397
4586.215538957303,4398.6778122545375,4547.228609748836,4585.585633346246,4352.0430067567995,4578.8139828083495,4687.675070415066,4422.039937553267,4521.363838485518,4446.332838233786,4463.061985707086,4431.116341339525,4394.344731081592,4511.237012192484,4520.666400226397,4425.537547479675
4398.6778122545375,4547.228609748836,4585.585633346246,4352.0430067567995,4578.8139828083495,4687.675070415066,4422.039937553267,4521.363838485518,4446.332838233786,4463.061985707086,4431.116341339525,4394.344731081592,4511.237012192484,4520.666400226397,4425.537547479675,4569.662873696191
4547.228609748836,4585.585633346246,4352.0430067567995,4578.8139828083495,4687.675070415066,4422.039937553267,4521.363838485518,4446.332838233786,4463.061985707086,4431.116341339525,4394.344731081592,4511.237012192484,4520.666400226397,4425.537547479675,4569.662873696191,4519.339646769508
4585.585633346246,4352.0430067567995,4578.8139828083495,4687.675070415066,4422.039937553267,4521.363838485518,4446.332838233786,4463.061985707086,4431.116341339525,4394.344731081592,4511.237012192484,4520.666400226397,4425.537547479675,4569.662873696191,4519.339646769508,4472.461645825521
4352.0430067567995,4578.8139828083495,4687.675070415066,4422.039937553267,4521.363838485518,4446.332838233786,4463.061985707086,4431.116341339525,4394.344731081592,4511.237012192484,4520.666400226397,4425.537547479675,4569.662873696191,4519.339646769508,4472.461645825521,4321.505780614826
4578.8139828083495,4687.675070415066,4422.039937553267,4521.363838485518,4446.332838233786,4463.061985707086,4431.116341339525,4394.344731081592,4511.237012192484,4520.666400226397,4425.537547479675,4569.662873696191,4519.339646769508,4472.461645825521,4321.505780614826,4574.341220368859
4687.675070415066,4422.039937553267,4521.363838485518,4446.332838233786,4463.061985707086,4431.116341339525,4394.344731081592,4511.237012192484,4520.666400226397,4425.537547479675,4569.662873696191,4519.339646769508,4472.461645825521,4321.505780614826,4574.341220368859,4506.614411716242
4422.039937553267,4521.363838485518,4446.332838233786,4463.061985707086,4431.116341339525,4394.344731081592,4511.237012192484,4520.666400226397,4425.537547479675,4569.662873696191,4519.339646769508,4472.461645825521,4321.505780614826,4574.341220368859,4506.614411716242,4149.330882878157
4521.363838485518,4446.332838233786,4463.061985707086,4431.116341339525,4394.344731081592,4511.237012192484,4520.666400226397,4425.537547479675,4569.662873696191,4519.339646769508,4472.461645825521,4321.505780614826,4574.341220368859,4506.614411716242,4149.330882878157,4242.800669567563
4446.332838233786,4463.061985707086,4431.116341339525,4394.344731081592,4511.237012192484,4520.666400226397,4425.537547479675,4569.662873696191,4519.339646769508,4472.461645825521,4321.505780614826,4574.341220368859,4506.614411716242,4149.330882878157,4242.800669567563,4294.852001511519
4463.061985707086,4431.116341339525,4394.344731081592,4511.237012192484,4520.666400226397,4425.537547479675,4569.662873696191,4519.339646769508,4472.461645825521,4321.505780614826,4574.341220368859,4506.614411716242,4149.330882878157,4242.800669567563,4294.852001511519,4425.087980437983
4431.116341339525,4394.344731081592,4511.237012192484,4520.666400226397,4425.537547479675,4569.662873696191,4519.339646769508,4472.461645825521,4321.505780614826,4574.341220368859,4506.614411716242,4149.330882878157,4242.800669567563,4294.852001511519,4425.087980437983,4443.87145466858
4394.344731081592,4511.237012192484,4520.666400226397,4425.537547479675,4569.662873696191,4519.339646769508,4472.461645825521,4321.505780614826,4574.341220368859,4506.614411716242,4149.330882878157,4242.800669567563,4294.852001511519,4425.087980437983,4443.87145466858,4278.310309614919
4511.237012192484,4520.666400226397,4425.537547479675,4569.662873696191,4519.339646769508,4472.461645825521,4321.505780614826,4574.341220368859,4506.614411716242,4149.330882878157,4242.800669567563,4294.852001511519,4425.087980437983,4443.87145466858,4278.310309614919,4319.1881240160355
4520.666400226397,4425.537547479675,4569.662873696191,4519.339646769508,4472.461645825521,4321.505780614826,4574.341220368859,4506.614411716242,4149.330882878157,4242.800669567563,4294.852001511519,4425.087980437983,4443.87145466858,4278.310309614919,4319.1881240160355,4351.290428229344
4425.537547479675,4569.662873696191,4519.339646769508,4472.461645825521,4321.505780614826,4574.341220368859,4506.614411716242,4149.330882878157,4242.800669567563,4294.852001511519,4425.087980437983,4443.87145466858,4278.310309614919,4319.1881240160355,4351.290428229344,4140.679321725268
4569.662873696191,4519.339646769508,4472.461645825521,4321.505780614826,4574.341220368859,4506.614411716242,4149.330882878157,4242.800669567563,4294.852001511519,4425.087980437983,4443.87145466858,4278.310309614919,4319.1881240160355,4351.290428229344,4140.679321725268,4313.501926130938
4519.339646769508,4472.461645825521,4321.505780614826,4574.341220368859,4506.614411716242,4149.330882878157,4242.800669567563,4294.852001511519,4425.087980437983,4443.87145466858,4278.310309614919,4319.1881240160355,4351.290428229344,4140.679321725268,4313.501926130938,4209.566839968251
4472.461645825521,4321.505780614826,4574.341220368859,4506.614411716242,4149.330882878157,4242.800669567563,4294.852001511519,4425.087980437983,4443.87145466858,4278.310309614919,4319.1881240160355,4351.290428229344,4140.679321725268,4313.501926130938,4209.566839968251,4244.134193070224
4321.505780614826,4574.341220368859,4506.614411716242,4149.330882878157,4242.800669567563,4294.852001511519,4425.087980437983,4443.87145466858,4278.310309614919,4319.1881240160355,4351.290428229344,4140.679321725268,4313.501926130938,4209.566839968251,4244.134193070224,4205.863063070609
4574.341220368859,4506.614411716242,4149.330882878157,4242.800669567563,4294.852001511519,4425.087980437983,4443.87145466858,4278.310309614919,4319.1881240160355,4351.290428229344,4140.679321725268,4313.501926130938,4209.566839968251,4244.134193070224,4205.863063070609,4077.2800200945903
4506.614411716242,4149.330882878157,4242.800669567563,4294.852001511519,4425.087980437983,4443.87145466858,4278.310309614919,4319.1881240160355,4351.290428229344,4140.679321725268,4313.501926130938,4209.566839968251,4244.134193070224,4205.863063070609,4077.2800200945903,4080.1714488019306
4149.330882878157,4242.800669567563,4294.852001511519,4425.087980437983,4443.87145466858,4278.310309614919,4319.1881240160355,4351.290428229344,4140.679321725268,4313.501926130938,4209.566839968251,4244.134193070224,4205.863063070609,4077.2800200945903,4080.1714488019306,4167.816504524013
4242.800669567563,4294.852001511519,4425.087980437983,4443.87145466858,4278.310309614919,4319.1881240160355,4351.290428229344,4140.679321725268,4313.501926130938,4209.566839968251,4244.134193070224,4205.863063070609,4077.2800200945903,4080.1714488019306,4167.816504524013,4160.204225705042
4294.852001511519,4425.087980437983,4443.87145466858,4278.310309614919,4319.1881240160355,4351.290428229344,4140.679321725268,4313.501926130938,4209.566839968251,4244.134193070224,4205.863063070609,4077.2800200945903,4080.1714488019306,4167.816504524013,4160.204225705042,4104.132376679421
4425.087980437983,4443.87145466858,4278.310309614919,4319.1881240160355,4351.290428229344,4140.679321725268,4313.501926130938,4209.566839968251,4244.134193070224,4205.863063070609,4077.2800200945903,4080.1714488019306,4167.816504524013,4160.204225705042,4104.132376679421,4219.662169768359
4443.87145466858,4278.310309614919,4319.1881240160355,4351.290428229344,4140.679321725268,4313.501926130938,4209.566839968251,4244.134193070224,4205.863063070609,4077.2800200945903,4080.1714488019306,4167.816504524013,4160.204225705042,4104.132376679421,4219.662169768359,4060.088065564039
4278.310309614919,4319.1881240160355,4351.290428229344,4140.679321725268,4313.501926130938,4209.566839968251,4244.134193070224,4205.863063070609,4077.2800200945903,4080.1714488019306,4167.816504524013,4160.204225705042,4104.132376679421,4219.662169768359,4060.088065564039,3956.4374533278024
4319.1881240160355,4351.290428229344,4140.679321725268,4313.501926130938,4209.566839968251,4244.134193070224,4205.863063070609,4077.2800200945903,4080.1714488019306,4167.816504524013,4160.204225705042,4104.132376679421,4219.662169768359,4060.088065564039,3956.4374533278024,4025.5203021932757
4351.290428229344,4140.679321725268,4313.501926130938,4209.566839968251,4244.134193070224,4205.863063070609,4077.2800200945903,4080.1714488019306,4167.816504524013,4160.204225705042,4104.132376679421,4219.662169768359,4060.088065564039,3956.4374533278024,4025.5203021932757,4024.1436871760743
4140.679321725268,4313.501926130938,4209.566839968251,4244.134193070224,4205.863063070609,4077.2800200945903,4080.1714488019306,4167.816504524013,4160.204225705042,4104.132376679421,4219.662169768359,4060.088065564039,3956.4374533278024,4025.5203021932757,4024.1436871760743,4009.8441100685677
4313.501926130938,4209.566839968251,4244.134193070224,4205.863063070609,4077.2800200945903,4080.1714488019306,4167.816504524013,4160.204225705042,4104.132376679421,4219.662169768359,4060.088065564039,3956.4374533278024,4025.5203021932757,4024.1436871760743,4009.8441100685677,4120.288773875463
4209.566839968251,4244.134193070224,4205.863063070609,4077.2800200945903,4080.1714488019306,4167.816504524013,4160.204225705042,4104.132376679421,4219.662169768359,4060.088065564039,3956.4374533278024,4025.5203021932757,4024.1436871760743,4009.8441100685677,4120.288773875463,4035.6961761205316
4244.134193070224,4205.863063070609,4077.2800200945903,4080.1714488019306,4167.816504524013,4160.204225705042,4104.132376679421,4219.662169768359,4060.088065564039,3956.4374533278024,4025.5203021932757,4024.1436871760743,4009.8441100685677,4120.288773875463,4035.6961761205316,4070.482860003728
4205.863063070609,4077.2800200945903,4080.1714488019306,4167.816504524013,4160.204225705042,4104.132376679421,4219.662169768359,4060.088065564039,3956.4374533278024,4025.5203021932757,4024.1436871760743,4009.8441100685677,4120.288773875463,4035.6961761205316,4070.482860003728,4007.5523894901175
4077.2800200945903,4080.1714488019306,4167.816504524013,4160.204225705042,4104.132376679421,4219.662169768359,4060.088065564039,3956.4374533278024,4025.5203021932757,4024.1436871760743,4009.8441100685677,4120.288773875463,4035.6961761205316,4070.482860003728,4007.5523894901175,3908.542592432064
4080.1714488019306,4167.816504524013,4160.204225705042,4104.132376679421,4219.662169768359,4060.088065564039,3956.4374533278024,4025.5203021932757,4024.1436871760743,4009.8441100685677,4120.288773875463,4035.6961761205316,4070.482860003728,4007.5523894901175,3908.542592432064,4008.382743268069
4167.816504524013,4160.204225705042,4104.132376679421,4219.662169768359,4060.088065564039,3956.4374533278024,4025.5203021932757,4024.1436871760743,4009.8441100685677,4120.288773875463,4035.6961761205316,4070.482860003728,4007.5523894901175,3908.542592432064,4008.382743268069,3857.895257264478
4160.204225705042,4104.132376679421,4219.662169768359,4060.088065564039,3956.4374533278024,4025.5203021932757,4024.1436871760743,4009.8441100685677,4120.288773875463,4035.6961761205316,4070.482860003728,4007.5523894901175,3908.542592432064,4008.382743268069,3857.895257264478,3887.8750522190267
4104.132376679421,4219.662169768359,4060.088065564039,3956.4374533278024,4025.5203021932757,4024.1436871760743,4009.8441100685677,4120.288773875463,4035.6961761205316,4070.482860003728,4007.5523894901175,3908.542592432064,4008.382743268069,3857.895257264478,3887.8750522190267,3741.700396971879
4219.662169768359,4060.088065564039,3956.4374533278024,4025.5203021932757,4024.1436871760743,4009.8441100685677,4120.288773875463,4035.6961761205316,4070.482860003728,4007.5523894901175,3908.542592432064,4008.382743268069,3857.895257264478,3887.8750522190267,3741.700396971879,3830.5402912489
4060.088065564039,3956.4374533278024,4025.5203021932757,4024.1436871760743,4009.8441100685677,4120.288773875463,4035.6961761205316,4070.482860003728,4007.5523894901175,3908.542592432064,4008.382743268069,3857.895257264478,3887.8750522190267,3741.700396971879,3830.5402912489,3766.2917720623427
3956.4374533278024,4025.5203021932757,4024.1436871760743,4009.8441100685677,4120.288773875463,4035.6961761205316,4070.482860003728,4007.5523894901175,3908.542592432064,4008.382743268069,3857.895257264478,3887.8750522190267,3741.700396971879,3830.5402912489,3766.2917720623427,3814.0424550767957
4025.5203021932757,4024.1436871760743,4009.8441100685677,4120.288773875463,4035.6961761205316,4070.482860003728,4007.5523894901175,3908.542592432064,4008.382743268069,3857.895257264478,3887.8750522190267,3741.700396971879,3830.5402912489,3766.2917720623427,3814.0424550767957,3936.380113753791
4024.1436871760743,4009.8441100685677,4120.288773875463,4035.6961761205316,4070.482860003728,4007.5523894901175,3908.542592432064,4008.382743268069,3857.895257264478,3887.8750522190267,3741.700396971879,3830.5402912489,3766.2917720623427,3814.0424550767957,3936.380113753791,3969.5154379083497
4009.8441100685677,4120.288773875463,4035.6961761205316,4070.482860003728,4007.5523894901175,3908.542592432064,4008.382743268069,3857.895257264478,3887.8750522190267,3741.700396971879,3830.5402912489,3766.2917720623427,3814.0424550767957,3936.380113753791,3969.5154379083497,3811.7043014125475
4120.288773875463,4035.6961761205316,4070.482860003728,4007.5523894901175,3908.542592432064,4008.382743268069,3857.895257264478,3887.8750522190267,3741.700396971879,3830.5402912489,3766.2917720623427,3814.0424550767957,3936.380113753791,3969.5154379083497,3811.7043014125475,3684.0968388224624
4035.6961761205316,4070.482860003728,4007.5523894901175,3908.542592432064,4008.382743268069,3857.895257264478,3887.8750522190267,3741.700396971879,3830.5402912489,3766.2917720623427,3814.0424550767957,3936.380113753791,3969.5154379083497,3811.7043014125475,3684.0968388224624,3746.5813128816394
4070.482860003728,4007.5523894901175,3908.542592432064,4008.382743268069,3857.895257264478,3887.8750522190267,3741.700396971879,3830.5402912489,3766.2917720623427,3814.0424550767957,3936.380113753791,3969.5154379083497,3811.7043014125475,3684.0968388224624,3746.5813128816394,3663.76912817011
4007.5523894901175,3908.542592432064,4008.382743268069,3857.895257264478,3887.8750522190267,3741.700396971879,3830.5402912489,3766.2917720623427,3814.0424550767957,3936.380113753791,3969.5154379083497,3811.7043014125475,3684.0968388224624,3746.5813128816394,3663.76912817011,3556.640515436842
3908.542592432064,4008.382743268069,3857.895257264478,3887.8750522190267,3741.700396971879,3830.5402912489,3766.2917720623427,3814.0424550767957,3936.380113753791,3969.5154379083497,3811.7043014125475,3684.0968388224624,3746.5813128816394,3663.76912817011,3556.640515436842,3587.526089439092
4008.382743268069,3857.895257264478,3887.8750522190267,3741.700396971879,3830.5402912489,3766.2917720623427,3814.0424550767957,3936.380113753791,3969.5154379083497,3811.7043014125475,3684.0968388224624,3746.5813128816394,3663.76912817011,3556.640515436842,3587.526089439092,3545.0321623975615
3857.895257264478,3887.8750522190267,3741.700396971879,3830.5402912489,3766.2917720623427,3814.0424550767957,3936.380113753791,3969.5154379083497,3811.7043014125475,3684.0968388224624,3746.5813128816394,3663.76912817011,3556.640515436842,3587.526089439092,3545.0321623975615,3485.6763942208822
3887.8750522190267,3741.700396971879,3830.5402912489,3766.2917720623427,3814.0424550767957,3936.380113753791,3969.5154379083497,3811.7043014125475,3684.0968388224624,3746.5813128816394,3663.76912817011,3556.640515436842,3587.526089439092,3545.0321623975615,3485.6763942208822,3660.059074381844
3741.700396971879,3830.5402912489,3766.2917720623427,3814.0424550767957,3936.380113753791,3969.5154379083497,3811.7043014125475,3684.0968388224624,3746.5813128816394,3663.76912817011,3556.640515436842,3587.526089439092,3545.0321623975615,3485.6763942208822,3660.059074381844,3443.704639826752
3830.5402912489,3766.2917720623427,3814.0424550767957,3936.380113753791,3969.5154379083497,3811.7043014125475,3684.0968388224624,3746.5813128816394,3663.76912817011,3556.640515436842,3587.526089439092,3545.0321623975615,3485.6763942208822,3660.059074381844,3443.704639826752,3423.6245882760622
3766.2917720623427,3814.0424550767957,3936.380113753791,3969.5154379083497,3811.7043014125475,3684.0968388224624,3746.5813128816394,3663.76912817011,3556.640515436842,3587.526089439092,3545.0321623975615,3485.6763942208822,3660.059074381844,3443.704639826752,3423.6245882760622,3519.138146944509
3814.0424550767957,3936.380113753791,3969.5154379083497,3811.7043014125475,3684.0968388224624,3746.5813128816394,3663.76912817011,3556.640515436842,3587.526089439092,3545.0321623975615,3485.6763942208822,3660.059074381844,3443.704639826752,3423.6245882760622,3519.138146944509,3354.6563931448773
3936.380113753791,3969.5154379083497,3811.7043014125475,3684.0968388224624,3746.5813128816394,3663.76912817011,3556.640515436842,3587.526089439092,3545.0321623975615,3485.6763942208822,3660.059074381844,3443.704639826752,3423.6245882760622,3519.138146944509,3354.6563931448773,3284.3116835894475
3969.5154379083497,3811.7043014125475,3684.0968388224624,3746.5813128816394,3663.76912817011,3556.640515436842,3587.526089439092,3545.0321623975615,3485.6763942208822,3660.059074381844,3443.704639826752,3423.6245882760622,3519.138146944509,3354.6563931448773,3284.3116835894475,3289.2617097429797
3811.7043014125475,3684.0968388224624,3746.5813128816394,3663.76912817011,3556.640515436842,3587.526089439092,3545.0321623975615,3485.6763942208822,3660.059074381844,3443.704639826752,3423.6245882760622,3519.138146944509,3354.6563931448773,3284.3116835894475,3289.2617097429797,3397.5601268054716
3684.0968388224624,3746.5813128816394,3663.76912817011,3556.640515436842,3587.526089439092,3545.0321623975615,3485.6763942208822,3660.059074381844,3443.704639826752,3423.6245882760622,3519.138146944509,3354.6563931448773,3284.3116835894475,3289.2617097429797,3397.5601268054716,3361.8805390866255
3746.5813128816394,3663.76912817011,3556.640515436842,3587.526089439092,3545.0321623975615,3485.6763942208822,3660.059074381844,3443.704639826752,3423.6245882760622,3519.138146944509,3354.6563931448773,3284.3116835894475,3289.2617097429797,3397.5601268054716,3361.8805390866255,3328.9313056050164
3663.76912817011,3556.640515436842,3587.526089439092,3545.0321623975615,3485.6763942208822,3660.059074381844,3443.704639826752,3423.6245882760622,3519.138146944509,3354.6563931448773,3284.3116835894475,3289.2617097429797,3397.5601268054716,3361.8805390866255,3328.9313056050164,3227.286010314137
3556.640515436842,3587.526089439092,3545.0321623975615,3485.6763942208822,3660.059074381844,3443.704639826752,3423.6245882760622,3519.138146944509,3354.6563931448773,3284.3116835894475,3289.2617097429797,3397.5601268054716,3361.8805390866255,3328.9313056050164,3227.286010314137,3157.0104931165233
3587.526089439092,3545.0321623975615,3485.6763942208822,3660.059074381844,3443.704639826752,3423.6245882760622,3519.138146944509,3354.6563931448773,3284.3116835894475,3289.2617097429797,3397.5601268054716,3361.8805390866255,3328.9313056050164,3227.286010314137,3157.0104931165233,3313.589655913805
3545.0321623975615,3485.6763942208822,3660.059074381844,3443.704639826752,3423.6245882760622,3519.138146944509,3354.6563931448773,3284.3116835894475,3289.2617097429797,3397.5601268054716,3361.8805390866255,3328.9313056050164,3227.286010314137,3157.0104931165233,3313.589655913805,3052.7725641945985
3485.6763942208822,3660.059074381844,3443.704639826752,3423.6245882760622,3519.138146944509,3354.6563931448773,3284.3116835894475,3289.2617097429797,3397.5601268054716,3361.8805390866255,3328.9313056050164,3227.286010314137,3157.0104931165233,3313.589655913805,3052.7725641945985,3150.5666857228666
3660.059074381844,3443.704639826752,3423.6245882760622,3519.138146944509,3354.6563931448773,3284.3116835894475,3289.2617097429797,3397.5601268054716,3361.8805390866255,3328.9313056050164,3227.286010314137,3157.0104931165233,3313.589655913805,3052.7725641945985,3150.5666857228666,3013.63841090516
3443.704639826752,3423.6245882760622,3519.138146944509,3354.6563931448773,3284.3116835894475,3289.2617097429797,3397.5601268054716,3361.8805390866255,3328.9313056050164,3227.286010314137,3157.0104931165233,3313.589655913805,3052.7725641945985,3150.5666857228666,3013.63841090516,3079.9206428967746
3423.6245882760622,3519.138146944509,3354.6563931448773,3284.3116835894475,3289.2617097429797,3397.5601268054716,3361.8805390866255,3328.9313056050164,3227.286010314137,3157.0104931165233,3313.589655913805,3052.7725641945985,3150.5666857228666,3013.63841090516,3079.9206428967746,3079.5745730112753
3519.138146944509,3354.6563931448773,3284.3116835894475,3289.2617097429797,3397.5601268054716,3361.8805390866255,3328.9313056050164,3227.286010314137,3157.0104931165233,3313.589655913805,3052.7725641945985,3150.5666857228666,3013.63841090516,3079.9206428967746,3079.5745730112753,3191.9278819280103
3354.6563931448773,3284.3116835894475,3289.2617097429797,3397.5601268054716,3361.8805390866255,3328.9313056050164,3227.286010314137,3157.0104931165233,3313.589655913805,3052.7725641945985,3150.5666857228666,3013.63841090516,3079.9206428967746,3079.5745730112753,3191.9278819280103,2756.6337247899064
3284.3116835894475,3289.2617097429797,3397.5601268054716,3361.8805390866255,3328.9313056050164,3227.286010314137,3157.0104931165233,3313.589655913805,3052.7725641945985,3150.5666857228666,3013.63841090516,3079.9206428967746,3079.5745730112753,3191.9278819280103,2756.6337247899064,3154.3422185391137
3289.2617097429797,3397.5601268054716,3361.8805390866255,3328.9313056050164,3227.286010314137,3157.0104931165233,3313.589655913805,3052.7725641945985,3150.5666857228666,3013.63841090516,3079.9206428967746,3079.5745730112753,3191.9278819280103,2756.6337247899064,3154.3422185391137,2903.5136472784634
3397.5601268054716,3361.8805390866255,3328.9313056050164,3227.286010314137,3157.0104931165233,3313.589655913805,3052.7725641945985,3150.5666857228666,3013.63841090516,3079.9206428967746,3079.5745730112753,3191.9278819280103,2756.6337247899064,3154.3422185391137,2903.5136472784634,2995.8023373184233
3361.8805390866255,3328.9313056050164,3227.286010314137,3157.0104931165233,3313.589655913805,3052.7725641945985,3150.5666857228666,3013.63841090516,3079.9206428967746,3079.5745730112753,3191.9278819280103,2756.6337247899064,3154.3422185391137,2903.5136472784634,2995.8023373184233,3021.1726362523104
3328.9313056050164,3227.286010314137,3157.0104931165233,3313.589655913805,3052.7725641945985,3150.5666857228666,3013.63841090516,3079.9206428967746,3079.5745730112753,3191.9278819280103,2756.6337247899064,3154.3422185391137,2903.5136472784634,2995.8023373184233,3021.1726362523104,2838.4618939333704
3227.286010314137,3157.0104931165233,3313.589655913805,3052.7725641945985,3150.5666857228666,3013.63841090516,3079.9206428967746,3079.5745730112753,3191.9278819280103,2756.6337247899064,3154.3422185391137,2903.5136472784634,2995.8023373184233,3021.1726362523104,2838.4618939333704,2880.477674962623
3157.0104931165233,3313.589655913805,3052.7725641945985,3150.5666857228666,3013.63841090516,3079.9206428967746,3079.5745730112753,3191.9278819280103,2756.6337247899064,3154.3422185391137,2903.5136472784634,2995.8023373184233,3021.1726362523104,2838.4618939333704,2880.477674962623,2912.9496590358904
3313.589655913805,3052.7725641945985,3150.5666857228666,3013.63841090516,3079.9206428967746,3079.5745730112753,3191.9278819280103,2756.6337247899064,3154.3422185391137,2903.5136472784634,2995.8023373184233,3021.1726362523104,2838.4618939333704,2880.477674962623,2912.9496590358904,2825.6863581191633
3052.7725641945985,3150.5666857228666,3013.63841090516,3079.9206428967746,3079.5745730112753,3191.9278819280103,2756.6337247899064,3154.3422185391137,2903.5136472784634,2995.8023373184233,3021.1726362523104,2838.4618939333704,2880.477674962623,2912.9496590358904,2825.6863581191633,2738.8776220995837
3150.5666857228666,3013.63841090516,3079.9206428967746,3079.5745730112753,3191.9278819280103,2756.6337247899064,3154.3422185391137,2903.5136472784634,2995.8023373184233,3021.1726362523104,2838.4618939333704,2880.477674962623,2912.9496590358904,2825.6863581191633,2738.8776220995837,2805.9190032352126
3013.63841090516,3079.9206428967746,3079.5745730112753,3191.9278819280103,2756.6337247899064,3154.3422185391137,2903.5136472784634,2995.8023373184233,3021.1726362523104,2838.4618939333704,2880.477674962623,2912.9496590358904,2825.6863581191633,2738.8776220995837,2805.9190032352126,2772.6123228787355
3079.9206428967746,3079.5745730112753,3191.9278819280103,2756.6337247899064,3154.3422185391137,2903.5136472784634,2995.8023373184233,3021.1726362523104,2838.4618939333704,2880.477674962623,2912.9496590358904,2825.6863581191633,2738.8776220995837,2805.9190032352126,2772.6123228787355,2586.417069972502
3079.5745730112753,3191.9278819280103,2756.6337247899064,3154.3422185391137,2903.5136472784634,2995.8023373184233,3021.1726362523104,2838.4618939333704,2880.477674962623,2912.9496590358904,2825.6863581191633,2738.8776220995837,2805.9190032352126,2772.6123228787355,2586.417069972502,2846.934729204783
3191.9278819280103,2756.6337247899064,3154.3422185391137,2903.5136472784634,2995.8023373184233,3021.1726362523104,2838.4618939333704,2880.477674962623,2912.9496590358904,2825.6863581191633,2738.8776220995837,2805.9190032352126,2772.6123228787355,2586.417069972502,2846.934729204783,2708.5000316346245
2756.6337247899064,3154.3422185391137,2903.5136472784634,2995.8023373184233,3021.1726362523104,2838.4618939333704,2880.477674962623,2912.9496590358904,2825.6863581191633,2738.8776220995837,2805.9190032352126,2772.6123228787355,2586.417069972502,2846.934729204783,2708.5000316346245,2418.601331136259
3154.3422185391137,2903.5136472784634,2995.8023373184233,3021.1726362523104,2838.4618939333704,2880.477674962623,2912.9496590358904,2825.6863581191633,2738.8776220995837,2805.9190032352126,2772.6123228787355,2586.417069972502,2846.934729204783,2708.5000316346245,2418.601331136259,2552.7962437148103
2903.5136472784634,2995.8023373184233,3021.1726362523104,2838.4618939333704,2880.477674962623,2912.9496590358904,2825.6863581191633,2738.8776220995837,2805.9190032352126,2772.6123228787355,2586.417069972502,2846.934729204783,2708.5000316346245,2418.601331136259,2552.7962437148103,2782.974289455588
2995.8023373184233,3021.1726362523104,2838.4618939333704,2880.477674962623,2912.9496590358904,2825.6863581191633,2738.8776220995837,2805.9190032352126,2772.6123228787355,2586.417069972502,2846.934729204783,2708.5000316346245,2418.601331136259,2552.7962437148103,2782.974289455588,2744.9999630176085
3021.1726362523104,2838.4618939333704,2880.477674962623,2912.9496590358904,2825.6863581191633,2738.8776220995837,2805.9190032352126,2772.6123228787355,2586.417069972502,2846.934729204783,2708.5000316346245,2418.601331136259,2552.7962437148103,2782.974289455588,2744.9999630176085,2588.61676807618
2838.4618939333704,2880.477674962623,2912.9496590358904,2825.6863581191633,2738.8776220995837,2805.9190032352126,2772.6123228787355,2586.417069972502,2846.934729204783,2708.5000316346245,2418.601331136259,2552.7962437148103,2782.974289455588,2744.9999630176085,2588.61676807618,2368.558476863978
2880.477674962623,2912.9496590358904,2825.6863581191633,2738.8776220995837,2805.9190032352126,2772.6123228787355,2586.417069972502,2846.934729204783,2708.5000316346245,2418.601331136259,2552.7962437148103,2782.974289455588,2744.9999630176085,2588.61676807618,2368.558476863978,2488.8864511242523
2912.9496590358904,2825.6863581191633,2738.8776220995837,2805.9190032352126,2772.6123228787355,2586.417069972502,2846.934729204783,2708.5000316346245,2418.601331136259,2552.7962437148103,2782.974289455588,2744.9999630176085,2588.61676807618,2368.558476863978,2488.8864511242523,2594.3632102229585
2825.6863581191633,2738.8776220995837,2805.9190032352126,2772.6123228787355,2586.417069972502,2846.934729204783,2708.5000316346245,2418.601331136259,2552.7962437148103,2782.974289455588,2744.9999630176085,2588.61676807618,2368.558476863978,2488.8864511242523,2594.3632102229585,2503.7159890277558
2738.8776220995837,2805.9190032352126,2772.6123228787355,2586.417069972502,2846.934729204783,2708.5000316346245,2418.601331136259,2552.7962437148103,2782.974289455588,2744.9999630176085,2588.61676807618,2368.558476863978,2488.8864511242523,2594.3632102229585,2503.7159890277558,2407.102674578335
2805.9190032352126,2772.6123228787355,2586.417069972502,2846.934729204783,2708.5000316346245,2418.601331136259,2552.7962437148103,2782.974289455588,2744.9999630176085,2588.61676807618,2368.558476863978,2488.8864511242523,2594.3632102229585,2503.7159890277558,2407.102674578335,2342.9991825737234
2772.6123228787355,2586.417069972502,2846.934729204783,2708.5000316346245,2418.601331136259,2552.7962437148103,2782.974289455588,2744.9999630176085,2588.61676807618,2368.558476863978,2488.8864511242523,2594.3632102229585,2503.7159890277558,2407.102674578335,2342.9991825737234,2475.6221415797636
2586.417069972502,2846.934729204783,2708.5000316346245,2418.601331136259,2552.7962437148103,2782.974289455588,2744.9999630176085,2588.61676807618,2368.558476863978,2488.8864511242523,2594.3632102229585,2503.7159890277558,2407.102674578335,2342.9991825737234,2475.6221415797636,2348.4248784165025
2846.934729204783,2708.5000316346245,2418.601331136259,2552.7962437148103,2782.974289455588,2744.9999630176085,2588.61676807618,2368.558476863978,2488.8864511242523,2594.3632102229585,2503.7159890277558,2407.102674578335,2342.9991825737234,2475.6221415797636,2348.4248784165025,2378.8021313710924
2708.5000316346245,2418.601331136259,2552.7962437148103,2782.974289455588,2744.9999630176085,2588.61676807618,2368.558476863978,2488.8864511242523,2594.3632102229585,2503.7159890277558,2407.102674578335,2342.9991825737234,2475.6221415797636,2348.4248784165025,2378.8021313710924,2372.622963442247
2418.601331136259,2552.7962437148103,2782.974289455588,2744.9999630176085,2588.61676807618,2368.558476863978,2488.8864511242523,2594.3632102229585,2503.7159890277558,2407.102674578335,2342.9991825737234,2475.6221415797636,2348.4248784165025,2378.8021313710924,2372.622963442247,2464.5704950654176
2552.7962437148103,2782.974289455588,2744.9999630176085,2588.61676807618,2368.558476863978,2488.8864511242523,2594.3632102229585,2503.7159890277558,2407.102674578335,2342.9991825737234,2475.6221415797636,2348.4248784165025,2378.8021313710924,2372.622963442247,2464.5704950654176,2296.2978495089305
2782.974289455588,2744.9999630176085,2588.61676807618,2368.558476863978,2488.8864511242523,2594.3632102229585,2503.7159890277558,2407.102674578335,2342.9991825737234,2475.6221415797636,2348.4248784165025,2378.8021313710924,2372.622963442247,2464.5704950654176,2296.2978495089305,2281.404162320493
2744.9999630176085,2588.61676807618,2368.558476863978,2488.8864511242523,2594.3632102229585,2503.7159890277558,2407.102674578335,2342.9991825737234,2475.6221415797636,2348.4248784165025,2378.8021313710924,2372.622963442247,2464.5704950654176,2296.2978495089305,2281.404162320493,2054.4974612084825
2588.61676807618,2368.558476863978,2488.8864511242523,2594.3632102229585,2503.7159890277558,2407.102674578335,2342.9991825737234,2475.6221415797636,2348.4248784165025,2378.8021313710924,2372.622963442247,2464.5704950654176,2296.2978495089305,2281.404162320493,2054.4974612084825,2322.497227045535
2368.558476863978,2488.8864511242523,2594.3632102229585,2503.7159890277558,2407.102674578335,2342.9991825737234,2475.6221415797636,2348.4248784165025,2378.8021313710924,2372.622963442247,2464.5704950654176,2296.2978495089305,2281.404162320493,2054.4974612084825,2322.497227045535,2278.4054165019456
2488.8864511242523,2594.3632102229585,2503.7159890277558,2407.102674578335,2342.9991825737234,2475.6221415797636,2348.4248784165025,2378.8021313710924,2372.622963442247,2464.5704950654176,2296.2978495089305,2281.404162320493,2054.4974612084825,2322.497227045535,2278.4054165019456,2166.53161786106
2594.3632102229585,2503.7159890277558,2407.102674578335,2342.9991825737234,2475.6221415797636,2348.4248784165025,2378.8021313710924,2372.622963442247,2464.5704950654176,2296.2978495089305,2281.404162320493,2054.4974612084825,2322.497227045535,2278.4054165019456,2166.53161786106,1919.372748940269
2503.7159890277558,2407.102674578335,2342.9991825737234,2475.6221415797636,2348.4248784165025,2378.8021313710924,2372.622963442247,2464.5704950654176,2296.2978495089305,2281.404162320493,2054.4974612084825,2322.497227045535,2278.4054165019456,2166.53161786106,1919.372748940269,2069.231347973308
2407.102674578335,2342.9991825737234,2475.6221415797636,2348.4248784165025,2378.8021313710924,2372.622963442247,2464.5704950654176,2296.2978495089305,2281.404162320493,2054.4974612084825,2322.497227045535,2278.4054165019456,2166.53161786106,1919.372748940269,2069.231347973308,2112.378995924314
2342.9991825737234,2475.6221415797636,2348.4248784165025,2378.8021313710924,2372.622963442247,2464.5704950654176,2296.2978495089305,2281.404162320493,2054.4974612084825,2322.497227045535,2278.4054165019456,2166.53161786106,1919.372748940269,2069.231347973308,2112.378995924314,2294.1508976852065
2475.6221415797636,2348.4248784165025,2378.8021313710924,2372.622963442247,2464.5704950654176,2296.2978495089305,2281.404162320493,2054.4974612084825,2322.497227045535,2278.4054165019456,2166.53161786106,1919.372748940269,2069.231347973308,2112.378995924314,2294.1508976852065,2123.1116568395096
2348.4248784165025,2378.8021313710924,2372.622963442247,2464.5704950654176,2296.2978495089305,2281.404162320493,2054.4974612084825,2322.497227045535,2278.4054165019456,2166.53161786106,1919.372748940269,2069.231347973308,2112.378995924314,2294.1508976852065,2123.1116568395096,2123.4659285466055
2378.8021313710924,2372.622963442247,2464.5704950654176,2296.2978495089305,2281.404162320493,2054.4974612084825,2322.497227045535,2278.4054165019456,2166.53161786106,1919.372748940269,2069.231347973308,2112.378995924314,2294.1508976852065,2123.1116568395096,2123.4659285466055,2106.433943605794
2372.622963442247,2464.5704950654176,2296.2978495089305,2281.404162320493,2054.4974612084825,2322.497227045535,2278.4054165019456,2166.53161786106,1919.372748940269,2069.231347973308,2112.378995924314,2294.1508976852065,2123.1116568395096,2123.4659285466055,2106.433943605794,2138.5508540313854
2464.5704950654176,2296.2978495089305,2281.404162320493,2054.4974612084825,2322.497227045535,2278.4054165019456,2166.53161786106,1919.372748940269,2069.231347973308,2112.378995924314,2294.1508976852065,2123.1116568395096,2123.4659285466055,2106.433943605794,2138.5508540313854,1872.2030569865196
2296.2978495089305,2281.404162320493,2054.4974612084825,2322.497227045535,2278.4054165019456,2166.53161786106,1919.372748940269,2069.231347973308,2112.378995924314,2294.1508976852065,2123.1116568395096,2123.4659285466055,2106.433943605794,2138.5508540313854,1872.2030569865196,1881.6975516580314
2281.404162320493,2054.4974612084825,2322.497227045535,2278.4054165019456,2166.53161786106,1919.372748940269,2069.231347973308,2112.378995924314,2294.1508976852065,2123.1116568395096,2123.4659285466055,2106.433943605794,2138.5508540313854,1872.2030569865196,1881.6975516580314,1830.139395303482
2054.4974612084825,2322.497227045535,2278.4054165019456,2166.53161786106,1919.372748940269,2069.231347973308,2112.378995924314,2294.1508976852065,2123.1116568395096,2123.4659285466055,2106.433943605794,2138.5508540313854,1872.2030569865196,1881.6975516580314,1830.139395303482,1901.5902931874398
2322.497227045535,2278.4054165019456,2166.53161786106,1919.372748940269,2069.231347973308,2112.378995924314,2294.1508976852065,2123.1116568395096,2123.4659285466055,2106.433943605794,2138.5508540313854,1872.2030569865196,1881.6975516580314,1830.139395303482,1901.5902931874398,1876.6896282029452
2278.4054165019456,2166.53161786106,1919.372748940269,2069.231347973308,2112.378995924314,2294.1508976852065,2123.1116568395096,2123.4659285466055,2106.433943605794,2138.5508540313854,1872.2030569865196,1881.6975516580314,1830.139395303482,1901.5902931874398,1876.6896282029452,1904.7729036489557
2166.53161786106,1919.372748940269,2069.231347973308,2112.378995924314,2294.1508976852065,2123.1116568395096,2123.4659285466055,2106.433943605794,2138.5508540313854,1872.2030569865196,1881.6975516580314,1830.139395303482,1901.5902931874398,1876.6896282029452,1904.7729036489557,1774.579407738731
1919.372748940269,2069.231347973308,2112.378995924314,2294.1508976852065,2123.1116568395096,2123.4659285466055,2106.433943605794,2138.5508540313854,1872.2030569865196,1881.6975516580314,1830.139395303482,1901.5902931874398,1876.6896282029452,1904.7729036489557,1774.579407738731,1869.561070038437
2069.231347973308,2112.378995924314,2294.1508976852065,2123.1116568395096,2123.4659285466055,2106.433943605794,2138.5508540313854,1872.2030569865196,1881.6975516580314,1830.139395303482,1901.5902931874398,1876.6896282029452,1904.7729036489557,1774.579407738731,1869.561070038437,1758.190538667143
2112.378995924314,2294.1508976852065,2123.1116568395096,2123.4659285466055,2106.433943605794,2138.5508540313854,1872.2030569865196,1881.6975516580314,1830.139395303482,1901.5902931874398,1876.6896282029452,1904.7729036489557,1774.579407738731,1869.561070038437,1758.190538667143,2039.1894632234828
2294.1508976852065,2123.1116568395096,2123.4659285466055,2106.433943605794,2138.5508540313854,1872.2030569865196,1881.6975516580314,1830.139395303482,1901.5902931874398,1876.6896282029452,1904.7729036489557,1774.579407738731,1869.561070038437,1758.190538667143,2039.1894632234828,1758.5375998517397
2123.1116568395096,2123.4659285466055,2106.433943605794,2138.5508540313854,1872.2030569865196,1881.6975516580314,1830.139395303482,1901.5902931874398,1876.6896282029452,1904.7729036489557,1774.579407738731,1869.561070038437,1758.190538667143,2039.1894632234828,1758.5375998517397,2051.254447090737
2123.4659285466055,2106.433943605794,2138.5508540313854,1872.2030569865196,1881.6975516580314,1830.139395303482,1901.5902931874398,1876.6896282029452,1904.7729036489557,1774.579407738731,1869.561070038437,1758.190538667143,2039.1894632234828,1758.5375998517397,2051.254447090737,1944.494942882747
2106.433943605794,2138.5508540313854,1872.2030569865196,1881.6975516580314,1830.139395303482,1901.5902931874398,1876.6896282029452,1904.7729036489557,1774.579407738731,1869.561070038437,1758.190538667143,2039.1894632234828,1758.5375998517397,2051.254447090737,1944.494942882747,1646.121310214099
2138.5508540313854,1872.2030569865196,1881.6975516580314,1830.139395303482,1901.5902931874398,1876.6896282029452,1904.7729036489557,1774.579407738731,1869.561070038437,1758.190538667143,2039.1894632234828,1758.5375998517397,2051.254447090737,1944.494942882747,1646.121310214099,1847.4802939427057
1872.2030569865196,1881.6975516580314,1830.139395303482,1901.5902931874398,1876.6896282029452,1904.7729036489557,1774.579407738731,1869.561070038437,1758.190538667143,2039.1894632234828,1758.5375998517397,2051.254447090737,1944.494942882747,1646.121310214099,1847.4802939427057,1798.3536223060544
1881.6975516580314,1830.139395303482,1901.5902931874398,1876.6896282029452,1904.7729036489557,1774.579407738731,1869.561070038437,1758.190538667143,2039.1894632234828,1758.5375998517397,2051.254447090737,1944.494942882747,1646.121310214099,1847.4802939427057,1798.3536223060544,1570.1172014635888
1830.139395303482,1901.5902931874398,1876.6896282029452,1904.7729036489557,1774.579407738731,1869.561070038437,1758.190538667143,2039.1894632234828,1758.5375998517397,2051.254447090737,1944.494942882747,1646.121310214099,1847.4802939427057,1798.3536223060544,1570.1172014635888,1771.4608357799887
1901.5902931874398,1876.6896282029452,1904.7729036489557,1774.579407738731,1869.561070038437,1758.190538667143,2039.1894632234828,1758.5375998517397,2051.254447090737,1944.494942882747,1646.121310214099,1847.4802939427057,1798.3536223060544,1570.1172014635888,1771.4608357799887,1688.5156545317445
1876.6896282029452,1904.7729036489557,1774.579407738731,1869.561070038437,1758.190538667143,2039.1894632234828,1758.5375998517397,2051.254447090737,1944.494942882747,1646.121310214099,1847.4802939427057,1798.3536223060544,1570.1172014635888,1771.4608357799887,1688.5156545317445,1719.9390961246615
1904.7729036489557,1774.579407738731,1869.561070038437,1758.190538667143,2039.1894632234828,1758.5375998517397,2051.254447090737,1944.494942882747,1646.121310214099,1847.4802939427057,1798.3536223060544,1570.1172014635888,1771.4608357799887,1688.5156545317445,1719.9390961246615,1587.463874980194
1774.579407738731,1869.561070038437,1758.190538667143,2039.1894632234828,1758.5375998517397,2051.254447090737,1944.494942882747,1646.121310214099,1847.4802939427057,1798.3536223060544,1570.1172014635888,1771.4608357799887,1688.5156545317445,1719.9390961246615,1587.463874980194,1654.9413841721741
1869.561070038437,1758.190538667143,2039.1894632234828,1758.5375998517397,2051.254447090737,1944.494942882747,1646.121310214099,1847.4802939427057,1798.3536223060544,1570.1172014635888,1771.4608357799887,1688.5156545317445,1719.9390961246615,1587.463874980194,1654.9413841721741,1691.1004988352508
1758.190538667143,2039.1894632234828,1758.5375998517397,2051.254447090737,1944.494942882747,1646.121310214099,1847.4802939427057,1798.3536223060544,1570.1172014635888,1771.4608357799887,1688.5156545317445,1719.9390961246615,1587.463874980194,1654.9413841721741,1691.1004988352508,1620.610187011849
2039.1894632234828,1758.5375998517397,2051.254447090737,1944.494942882747,1646.121310214099,1847.4802939427057,1798.3536223060544,1570.1172014635888,1771.4608357799887,1688.5156545317445,1719.9390961246615,1587.463874980194,1654.9413841721741,1691.1004988352508,1620.610187011849,1567.35142987995
1758.5375998517397,2051.254447090737,1944.494942882747,1646.121310214099,1847.4802939427057,1798.3536223060544,1570.1172014635888,1771.4608357799887,1688.5156545317445,1719.9390961246615,1587.463874980194,1654.9413841721741,1691.1004988352508,1620.610187011849,1567.35142987995,1602.2465729699238
2051.254447090737,1944.494942882747,1646.121310214099,1847.4802939427057,1798.3536223060544,1570.1172014635888,1771.4608357799887,1688.5156545317445,1719.9390961246615,1587.463874980194,1654.9413841721741,1691.1004988352508,1620.610187011849,1567.35142987995,1602.2465729699238,1510.2104534916166
1944.494942882747,1646.121310214099,1847.4802939427057,1798.3536223060544,1570.1172014635888,1771.4608357799887,1688.5156545317445,1719.9390961246615,1587.463874980194,1654.9413841721741,1691.1004988352508,1620.610187011849,1567.35142987995,1602.2465729699238,1510.2104534916166,1633.2906916345078
1646.121310214099,1847.4802939427057,1798.3536223060544,1570.1172014635888,1771.4608357799887,1688.5156545317445,1719.9390961246615,1587.463874980194,1654.9413841721741,1691.1004988352508,1620.610187011849,1567.35142987995,1602.2465729699238,1510.2104534916166,1633.2906916345078,1333.7259936687
1847.4802939427057,1798.3536223060544,1570.1172014635888,1771.4608357799887,1688.5156545317445,1719.9390961246615,1587.463874980194,1654.9413841721741,1691.1004988352508,1620.610187011849,1567.35142987995,1602.2465729699238,1510.2104534916166,1633.2906916345078,1333.7259936687,1732.5705503137797
1798.3536223060544,1570.1172014635888,1771.4608357799887,1688.5156545317445,1719.9390961246615,1587.463874980194,1654.9413841721741,1691.1004988352508,1620.610187011849,1567.35142987995,1602.2465729699238,1510.2104534916166,1633.2906916345078,1333.7259936687,1732.5705503137797,1579.9193807151996
1570.1172014635888,1771.4608357799887,1688.5156545317445,1719.9390961246615,1587.463874980194,1654.9413841721741,1691.1004988352508,1620.610187011849,1567.35142987995,1602.2465729699238,1510.2104534916166,1633.2906916345078,1333.7259936687,1732.5705503137797,1579.9193807151996,1613.3780568354364
1771.4608357799887,1688.5156545317445,1719.9390961246615,1587.463874980194,1654.9413841721741,1691.1004988352508,1620.610187011849,1567.35142987995,1602.2465729699238,1510.2104534916166,1633.2906916345078,1333.7259936687,1732.5705503137797,1579.9193807151996,1613.3780568354364,1644.2779628703552
1688.5156545317445,1719.9390961246615,1587.463874980194,1654.9413841721741,1691.1004988352508,1620.610187011849,1567.35142987995,1602.2465729699238,1510.2104534916166,1633.2906916345078,1333.7259936687,1732.5705503137797,1579.9193807151996,1613.3780568354364,1644.2779628703552,1427.4779527841451
1719.9390961246615,1587.463874980194,1654.9413841721741,1691.1004988352508,1620.610187011849,1567.35142987995,1602.2465729699238,1510.2104534916166,1633.2906916345078,1333.7259936687,1732.5705503137797,1579.9193807151996,1613.3780568354364,1644.2779628703552,1427.4779527841451,1773.6679694088923
1587.463874980194,1654.9413841721741,1691.1004988352508,1620.610187011849,1567.35142987995,1602.2465729699238,1510.2104534916166,1633.2906916345078,1333.7259936687,1732.5705503137797,1579.9193807151996,1613.3780568354364,1644.2779628703552,1427.4779527841451,1773.6679694088923,1427.4708051097061
1654.9413841721741,1691.1004988352508,1620.610187011849,1567.35142987995,1602.2465729699238,1510.2104534916166,1633.2906916345078,1333.7259936687,1732.5705503137797,1579.9193807151996,1613.3780568354364,1644.2779628703552,1427.4779527841451,1773.6679694088923,1427.4708051097061,1580.9253519270292
1691.1004988352508,1620.610187011849,1567.35142987995,1602.2465729699238,1510.2104534916166,1633.2906916345078,1333.7259936687,1732.5705503137797,1579.9193807151996,1613.3780568354364,1644.2779628703552,1427.4779527841451,1773.6679694088923,1427.4708051097061,1580.9253519270292,1561.6576957168995
1620.610187011849,1567.35142987995,1602.2465729699238,1510.2104534916166,1633.2906916345078,1333.7259936687,1732.5705503137797,1579.9193807151996,1613.3780568354364,1644.2779628703552,1427.4779527841451,1773.6679694088923,1427.4708051097061,1580.9253519270292,1561.6576957168995,1655.9493406880522
1567.35142987995,1602.2465729699238,1510.2104534916166,1633.2906916345078,1333.7259936687,1732.5705503137797,1579.9193807151996,1613.3780568354364,1644.2779628703552,1427.4779527841451,1773.6679694088923,1427.4708051097061,1580.9253519270292,1561.6576957168995,1655.9493406880522,1519.261602499343
1602.2465729699238,1510.2104534916166,1633.2906916345078,1333.7259936687,1732.5705503137797,1579.9193807151996,1613.3780568354364,1644.2779628703552,1427.4779527841451,1773.6679694088923,1427.4708051097061,1580.9253519270292,1561.6576957168995,1655.9493406880522,1519.261602499343,1375.1285288672007
1510.2104534916166,1633.2906916345078,1333.7259936687,1732.5705503137797,1579.9193807151996,1613.3780568354364,1644.2779628703552,1427.4779527841451,1773.6679694088923,1427.4708051097061,1580.9253519270292,1561.6576957168995,1655.9493406880522,1519.261602499343,1375.1285288672007,1545.5524559901173
1633.2906916345078,1333.7259936687,1732.5705503137797,1579.9193807151996,1613.3780568354364,1644.2779628703552,1427.4779527841451,1773.6679694088923,1427.4708051097061,1580.9253519270292,1561.6576957168995,1655.9493406880522,1519.261602499343,1375.1285288672007,1545.5524559901173,1263.0568187778424
1333.7259936687,1732.5705503137797,1579.9193807151996,1613.3780568354364,1644.2779628703552,1427.4779527841451,1773.6679694088923,1427.4708051097061,1580.9253519270292,1561.6576957168995,1655.9493406880522,1519.261602499343,1375.1285288672007,1545.5524559901173,1263.0568187778424,1487.5076690711528
1732.5705503137797,1579.9193807151996,1613.3780568354364,1644.2779628703552,1427.4779527841451,1773.6679694088923,1427.4708051097061,1580.9253519270292,1561.6576957168995,1655.9493406880522,1519.261602499343,1375.1285288672007,1545.5524559901173,1263.0568187778424,1487.5076690711528,1459.4922171041524
1579.9193807151996,1613.3780568354364,1644.2779628703552,1427.4779527841451,1773.6679694088923,1427.4708051097061,1580.9253519270292,1561.6576957168995,1655.9493406880522,1519.261602499343,1375.1285288672007,1545.5524559901173,1263.0568187778424,1487.5076690711528,1459.4922171041524,1660.2795839924872
1613.3780568354364,1644.2779628703552,1427.4779527841451,1773.6679694088923,1427.4708051097061,1580.9253519270292,1561.6576957168995,1655.9493406880522,1519.261602499343,1375.1285288672007,1545.5524559901173,1263.0568187778424,1487.5076690711528,1459.4922171041524,1660.2795839924872,1474.7482178147698
1644.2779628703552,1427.4779527841451,1773.6679694088923,1427.4708051097061,1580.9253519270292,1561.6576957168995,1655.9493406880522,1519.261602499343,1375.1285288672007,1545.5524559901173,1263.0568187778424,1487.5076690711528,1459.4922171041524,1660.2795839924872,1474.7482178147698,1456.9705597150917
1427.4779527841451,1773.6679694088923,1427.4708051097061,1580.9253519270292,1561.6576957168995,1655.9493406880522,1519.261602499343,1375.1285288672007,1545.5524559901173,1263.0568187778424,1487.5076690711528,1459.4922171041524,1660.2795839924872,1474.7482178147698,1456.9705597150917,1425.9537285266135
1773.6679694088923,1427.4708051097061,1580.9253519270292,1561.6576957168995,1655.9493406880522,1519.261602499343,1375.1285288672007,1545.5524559901173,1263.0568187778424,1487.5076690711528,1459.4922171041524,1660.2795839924872,1474.7482178147698,1456.9705597150917,1425.9537285266135,1416.2344136123118
1427.4708051097061,1580.9253519270292,1561.6576957168995,1655.9493406880522,1519.261602499343,1375.1285288672007,1545.5524559901173,1263.0568187778424,1487.5076690711528,1459.4922171041524,1660.2795839924872,1474.7482178147698,1456.9705597150917,1425.9537285266135,1416.2344136123118,1447.1156165681516
1580.9253519270292,1561.6576957168995,1655.9493406880522,1519.261602499343,1375.1285288672007,1545.5524559901173,1263.0568187778424,1487.5076690711528,1459.4922171041524,1660.2795839924872,1474.7482178147698,1456.9705597150917,1425.9537285266135,1416.2344136123118,1447.1156165681516,1563.6278647224794
1561.6576957168995,1655.9493406880522,1519.261602499343,1375.1285288672007,1545.5524559901173,1263.0568187778424,1487.5076690711528,1459.4922171041524,1660.2795839924872,1474.7482178147698,1456.9705597150917,1425.9537285266135,1416.2344136123118,1447.1156165681516,1563.6278647224794,1373.0042216057013
1655.9493406880522,1519.261602499343,1375.1285288672007,1545.5524559901173,1263.0568187778424,1487.5076690711528,1459.4922171041524,1660.2795839924872,1474.7482178147698,1456.9705597150917,1425.9537285266135,1416.2344136123118,1447.1156165681516,1563.6278647224794,1373.0042216057013,1486.0729781252305
1519.261602499343,1375.1285288672007,1545.5524559901173,1263.0568187778424,1487.5076690711528,1459.4922171041524,1660.2795839924872,1474.7482178147698,1456.9705597150917,1425.9537285266135,1416.2344136123118,1447.1156165681516,1563.6278647224794,1373.0042216057013,1486.0729781252305,1362.7823708060757
1375.1285288672007,1545.5524559901173,1263.0568187778424,1487.5076690711528,1459.4922171041524,1660.2795839924872,1474.7482178147698,1456.9705597150917,1425.9537285266135,1416.2344136123118,1447.1156165681516,1563.6278647224794,1373.0042216057013,1486.0729781252305,1362.7823708060757,1495.4878805433154
1545.5524559901173,1263.0568187778424,1487.5076690711528,1459.4922171041524,1660.2795839924872,1474.7482178147698,1456.9705597150917,1425.9537285266135,1416.2344136123118,1447.1156165681516,1563.6278647224794,1373.0042216057013,1486.0729781252305,1362.7823708060757,1495.4878805433154,1531.8184846272036
1263.0568187778424,1487.5076690711528,1459.4922171041524,1660.2795839924872,1474.7482178147698,1456.9705597150917,1425.9537285266135,1416.2344136123118,1447.1156165681516,1563.6278647224794,1373.0042216057013,1486.0729781252305,1362.7823708060757,1495.4878805433154,1531.8184846272036,1395.537891091827
1487.5076690711528,1459.4922171041524,1660.2795839924872,1474.7482178147698,1456.9705597150917,1425.9537285266135,1416.2344136123118,1447.1156165681516,1563.6278647224794,1373.0042216057013,1486.0729781252305,1362.7823708060757,1495.4878805433154,1531.8184846272036,1395.537891091827,1465.8542312215764
1459.4922171041524,1660.2795839924872,1474.7482178147698,1456.9705597150917,1425.9537285266135,1416.2344136123118,1447.1156165681516,1563.6278647224794,1373.0042216057013,1486.0729781252305,1362.7823708060757,1495.4878805433154,1531.8184846272036,1395.537891091827,1465.8542312215764,1538.247121409972
1660.2795839924872,1474.7482178147698,1456.9705597150917,1425.9537285266135,1416.2344136123118,1447.1156165681516,1563.6278647224794,1373.0042216057013,1486.0729781252305,1362.7823708060757,1495.4878805433154,1531.8184846272036,1395.537891091827,1465.8542312215764,1538.247121409972,1609.9997816221126
1474.7482178147698,1456.9705597150917,1425.9537285266135,1416.2344136123118,1447.1156165681516,1563.6278647224794,1373.0042216057013,1486.0729781252305,1362.7823708060757,1495.4878805433154,1531.8184846272036,1395.537891091827,1465.8542312215764,1538.247121409972,1609.9997816221126,1633.5216784924348
1456.9705597150917,1425.9537285266135,1416.2344136123118,1447.1156165681516,1563.6278647224794,1373.0042216057013,1486.0729781252305,1362.7823708060757,1495.4878805433154,1531.8184846272036,1395.537891091827,1465.8542312215764,1538.247121409972,1609.9997816221126,1633.5216784924348,1532.8527764626072
1425.9537285266135,1416.2344136123118,1447.1156165681516,1563.6278647224794,1373.0042216057013,1486.0729781252305,1362.7823708060757,1495.4878805433154,1531.8184846272036,1395.537891091827,1465.8542312215764,1538.247121409972,1609.9997816221126,1633.5216784924348,1532.8527764626072,1450.1583472664745
1416.2344136123118,1447.1156165681516,1563.6278647224794,1373.0042216057013,1486.0729781252305,1362.7823708060757,1495.4878805433154,1531.8184846272036,1395.537891091827,1465.8542312215764,1538.247121409972,1609.9997816221126,1633.5216784924348,1532.8527764626072,1450.1583472664745,1394.1943573154056
1447.1156165681516,1563.6278647224794,1373.0042216057013,1486.0729781252305,1362.7823708060757,1495.4878805433154,1531.8184846272036,1395.537891091827,1465.8542312215764,1538.247121409972,1609.9997816221126,1633.5216784924348,1532.8527764626072,1450.1583472664745,1394.1943573154056,1642.387564409991
1563.6278647224794,1373.0042216057013,1486.0729781252305,1362.7823708060757,1495.4878805433154,1531.8184846272036,1395.537891091827,1465.8542312215764,1538.247121409972,1609.9997816221126,1633.5216784924348,1532.8527764626072,1450.1583472664745,1394.1943573154056,1642.387564409991,1711.7249359194252
1373.0042216057013,1486.0729781252305,1362.7823708060757,1495.4878805433154,1531.8184846272036,1395.537891091827,1465.8542312215764,1538.247121409972,1609.9997816221126,1633.5216784924348,1532.8527764626072,1450.1583472664745,1394.1943573154056,1642.387564409991,1711.7249359194252,1616.6251207714445
1486.0729781252305,1362.7823708060757,1495.4878805433154,1531.8184846272036,1395.537891091827,1465.8542312215764,1538.247121409972,1609.9997816221126,1633.5216784924348,1532.8527764626072,1450.1583472664745,1394.1943573154056,1642.387564409991,1711.7249359194252,1616.6251207714445,1745.3499142356638
1362.7823708060757,1495.4878805433154,1531.8184846272036,1395.537891091827,1465.8542312215764,1538.247121409972,1609.9997816221126,1633.5216784924348,1532.8527764626072,1450.1583472664745,1394.1943573154056,1642.387564409991,1711.7249359194252,1616.6251207714445,1745.3499142356638,1551.872699238068
1495.4878805433154,1531.8184846272036,1395.537891091827,1465.8542312215764,1538.247121409972,1609.9997816221126,1633.5216784924348,1532.8527764626072,1450.1583472664745,1394.1943573154056,1642.387564409991,1711.7249359194252,1616.6251207714445,1745.3499142356638,1551.872699238068,1567.3947286628356
1531.8184846272036,1395.537891091827,1465.8542312215764,1538.247121409972,1609.9997816221126,1633.5216784924348,1532.8527764626072,1450.1583472664745,1394.1943573154056,1642.387564409991,1711.7249359194252,1616.6251207714445,1745.3499142356638,1551.872699238068,1567.3947286628356,1773.8778227751188
1395.537891091827,1465.8542312215764,1538.247121409972,1609.9997816221126,1633.5216784924348,1532.8527764626072,1450.1583472664745,1394.1943573154056,1642.387564409991,1711.7249359194252,1616.6251207714445,1745.3499142356638,1551.872699238068,1567.3947286628356,1773.8778227751188,1525.402433402622
1465.8542312215764,1538.247121409972,1609.9997816221126,1633.5216784924348,1532.8527764626072,1450.1583472664745,1394.1943573154056,1642.387564409991,1711.7249359194252,1616.6251207714445,1745.3499142356638,1551.872699238068,1567.3947286628356,1773.8778227751188,1525.402433402622,1697.8247772591203
1538.247121409972,1609.9997816221126,1633.5216784924348,1532.8527764626072,1450.1583472664745,1394.1943573154056,1642.387564409991,1711.7249359194252,1616.6251207714445,1745.3499142356638,1551.872699238068,1567.3947286628356,1773.8778227751188,1525.402433402622,1697.8247772591203,1686.8807273780374
1609.9997816221126,1633.5216784924348,1532.8527764626072,1450.1583472664745,1394.1943573154056,1642.387564409991,1711.7249359194252,1616.6251207714445,1745.3499142356638,1551.872699238068,1567.3947286628356,1773.8778227751188,1525.402433402622,1697.8247772591203,1686.8807273780374,1674.9219693896316
1633.5216784924348,1532.8527764626072,1450.1583472664745,1394.1943573154056,1642.387564409991,1711.7249359194252,1616.6251207714445,1745.3499142356638,1551.872699238068,1567.3947286628356,1773.8778227751188,1525.402433402622,1697.8247772591203,1686.8807273780374,1674.9219693896316,1845.0520993510277
1532.8527764626072,1450.1583472664745,1394.1943573154056,1642.387564409991,1711.7249359194252,1616.6251207714445,1745.3499142356638,1551.872699238068,1567.3947286628356,1773.8778227751188,1525.402433402622,1697.8247772591203,1686.8807273780374,1674.9219693896316,1845.0520993510277,1595.2915158550823
1450.1583472664745,1394.1943573154056,1642.387564409991,1711.7249359194252,1616.6251207714445,1745.3499142356638,1551.872699238068,1567.3947286628356,1773.8778227751188,1525.402433402622,1697.8247772591203,1686.8807273780374,1674.9219693896316,1845.0520993510277,1595.2915158550823,1653.0702174887758
1394.1943573154056,1642.387564409991,1711.7249359194252,1616.6251207714445,1745.3499142356638,1551.872699238068,1567.3947286628356,1773.8778227751188,1525.402433402622,1697.8247772591203,1686.8807273780374,1674.9219693896316,1845.0520993510277,1595.2915158550823,1653.0702174887758,1499.20970578351
1642.387564409991,1711.7249359194252,1616.6251207714445,1745.3499142356638,1551.872699238068,1567.3947286628356,1773.8778227751188,1525.402433402622,1697.8247772591203,1686.8807273780374,1674.9219693896316,1845.0520993510277,1595.2915158550823,1653.0702174887758,1499.20970578351,1617.1098906941459
1711.7249359194252,1616.6251207714445,1745.3499142356638,1551.872699238068,1567.3947286628356,1773.8778227751188,1525.402433402622,1697.8247772591203,1686.8807273780374,1674.9219693896316,1845.0520993510277,1595.2915158550823,1653.0702174887758,1499.20970578351,1617.1098906941459,1684.4973348305432
1616.6251207714445,1745.3499142356638,1551.872699238068,1567.3947286628356,1773.8778227751188,1525.402433402622,1697.8247772591203,1686.8807273780374,1674.9219693896316,1845.0520993510277,1595.2915158550823,1653.0702174887758,1499.20970578351,1617.1098906941459,1684.4973348305432,1711.16045161685
1745.3499142356638,1551.872699238068,1567.3947286628356,1773.8778227751188,1525.402433402622,1697.8247772591203,1686.8807273780374,1674.9219693896316,1845.0520993510277,1595.2915158550823,1653.0702174887758,1499.20970578351,1617.1098906941459,1684.4973348305432,1711.16045161685,1744.1454988324758
1551.872699238068,1567.3947286628356,1773.8778227751188,1525.402433402622,1697.8247772591203,1686.8807273780374,1674.9219693896316,1845.0520993510277,1595.2915158550823,1653.0702174887758,1499.20970578351,1617.1098906941459,1684.4973348305432,1711.16045161685,1744.1454988324758,1809.4011975894412
1567.3947286628356,1773.8778227751188,1525.402433402622,1697.8247772591203,1686.8807273780374,1674.9219693896316,1845.0520993510277,1595.2915158550823,1653.0702174887758,1499.20970578351,1617.1098906941459,1684.4973348305432,1711.16045161685,1744.1454988324758,1809.4011975894412,1727.4982196993308
1773.8778227751188,1525.402433402622,1697.8247772591203,1686.8807273780374,1674.9219693896316,1845.0520993510277,1595.2915158550823,1653.0702174887758,1499.20970578351,1617.1098906941459,1684.4973348305432,1711.16045161685,1744.1454988324758,1809.4011975894412,1727.4982196993308,1611.2415980697233
1525.402433402622,1697.8247772591203,1686.8807273780374,1674.9219693896316,1845.0520993510277,1595.2915158550823,1653.0702174887758,1499.20970578351,1617.1098906941459,1684.4973348305432,1711.16045161685,1744.1454988324758,1809.4011975894412,1727.4982196993308,1611.2415980697233,1841.286759985778
1697.8247772591203,1686.8807273780374,1674.9219693896316,1845.0520993510277,1595.2915158550823,1653.0702174887758,1499.20970578351,1617.1098906941459,1684.4973348305432,1711.16045161685,1744.1454988324758,1809.4011975894412,1727.4982196993308,1611.2415980697233,1841.286759985778,1884.5301185470832
1686.8807273780374,1674.9219693896316,1845.0520993510277,1595.2915158550823,1653.0702174887758,1499.20970578351,1617.1098906941459,1684.4973348305432,1711.16045161685,1744.1454988324758,1809.4011975894412,1727.4982196993308,1611.2415980697233,1841.286759985778,1884.5301185470832,1742.132484066315
1674.9219693896316,1845.0520993510277,1595.2915158550823,1653.0702174887758,1499.20970578351,1617.1098906941459,1684.4973348305432,1711.16045161685,1744.1454988324758,1809.4011975894412,1727.4982196993308,1611.2415980697233,1841.286759985778,1884.5301185470832,1742.132484066315,1796.6565635135876
1845.0520993510277,1595.2915158550823,1653.0702174887758,1499.20970578351,1617.1098906941459,1684.4973348305432,1711.16045161685,1744.1454988324758,1809.4011975894412,1727.4982196993308,1611.2415980697233,1841.286759985778,1884.5301185470832,1742.132484066315,1796.6565635135876,2069.8860978232865
1595.2915158550823,1653.0702174887758,1499.20970578351,1617.1098906941459,1684.4973348305432,1711.16045161685,1744.1454988324758,1809.4011975894412,1727.4982196993308,1611.2415980697233,1841.286759985778,1884.5301185470832,1742.132484066315,1796.6565635135876,2069.8860978232865,2013.739544245118
1653.0702174887758,1499.20970578351,1617.1098906941459,1684.4973348305432,1711.16045161685,1744.1454988324758,1809.4011975894412,1727.4982196993308,1611.2415980697233,1841.286759985778,1884.5301185470832,1742.132484066315,1796.6565635135876,2069.8860978232865,2013.739544245118,2037.818085687933
1499.20970578351,1617.1098906941459,1684.4973348305432,1711.16045161685,1744.1454988324758,1809.4011975894412,1727.4982196993308,1611.2415980697233,1841.286759985778,1884.5301185470832,1742.132484066315,1796.6565635135876,2069.8860978232865,2013.739544245118,2037.818085687933,2013.9667356703903
1617.1098906941459,1684.4973348305432,1711.16045161685,1744.1454988324758,1809.4011975894412,1727.4982196993308,1611.2415980697233,1841.286759985778,1884.5301185470832,1742.132484066315,1796.6565635135876,2069.8860978232865,2013.739544245118,2037.818085687933,2013.9667356703903,1979.921044376175
1684.4973348305432,1711.16045161685,1744.1454988324758,1809.4011975894412,1727.4982196993308,1611.2415980697233,1841.286759985778,1884.5301185470832,1742.132484066315,1796.6565635135876,2069.8860978232865,2013.739544245118,2037.818085687933,2013.9667356703903,1979.921044376175,1932.7414933097218
1711.16045161685,1744.1454988324758,1809.4011975894412,1727.4982196993308,1611.2415980697233,1841.286759985778,1884.5301185470832,1742.132484066315,1796.6565635135876,2069.8860978232865,2013.739544245118,2037.818085687933,2013.9667356703903,1979.921044376175,1932.7414933097218,2060.6677801087776
1744.1454988324758,1809.4011975894412,1727.4982196993308,1611.2415980697233,1841.286759985778,1884.5301185470832,1742.132484066315,1796.6565635135876,2069.8860978232865,2013.739544245118,2037.818085687933,2013.9667356703903,1979.921044376175,1932.7414933097218,2060.6677801087776,2002.6314474168692
1809.4011975894412,1727.4982196993308,1611.2415980697233,1841.286759985778,1884.5301185470832,1742.132484066315,1796.6565635135876,2069.8860978232865,2013.739544245118,2037.818085687933,2013.9667356703903,1979.921044376175,1932.7414933097218,2060.6677801087776,2002.6314474168692,1998.0328911173401
1727.4982196993308,1611.2415980697233,1841.286759985778,1884.5301185470832,1742.132484066315,1796.6565635135876,2069.8860978232865,2013.739544245118,2037.818085687933,2013.9667356703903,1979.921044376175,1932.7414933097218,2060.6677801087776,2002.6314474168692,1998.0328911173401,2061.173186949012
1611.2415980697233,1841.286759985778,1884.5301185470832,1742.132484066315,1796.6565635135876,2069.8860978232865,2013.739544245118,2037.818085687933,2013.9667356703903,1979.921044376175,1932.7414933097218,2060.6677801087776,2002.6314474168692,1998.0328911173401,2061.173186949012,2074.4830488921075
1841.286759985778,1884.5301185470832,1742.132484066315,1796.6565635135876,2069.8860978232865,2013.739544245118,2037.818085687933,2013.9667356703903,1979.921044376175,1932.7414933097218,2060.6677801087776,2002.6314474168692,1998.0328911173401,2061.173186949012,2074.4830488921075,2192.5293006986117
1884.5301185470832,1742.132484066315,1796.6565635135876,2069.8860978232865,2013.739544245118,2037.818085687933,2013.9667356703903,1979.921044376175,1932.7414933097218,2060.6677801087776,2002.6314474168692,1998.0328911173401,2061.173186949012,2074.4830488921075,2192.5293006986117,2027.476011136307
1742.132484066315,1796.6565635135876,2069.8860978232865,2013.739544245118,2037.818085687933,2013.9667356703903,1979.921044376175,1932.7414933097218,2060.6677801087776,2002.6314474168692,1998.0328911173401,2061.173186949012,2074.4830488921075,2192.5293006986117,2027.476011136307,2395.628997919788
1796.6565635135876,2069.8860978232865,2013.739544245118,2037.818085687933,2013.9667356703903,1979.921044376175,1932.7414933097218,2060.6677801087776,2002.6314474168692,1998.0328911173401,2061.173186949012,2074.4830488921075,2192.5293006986117,2027.476011136307,2395.628997919788,2065.0227771623436
2069.8860978232865,2013.739544245118,2037.818085687933,2013.9667356703903,1979.921044376175,1932.7414933097218,2060.6677801087776,2002.6314474168692,1998.0328911173401,2061.173186949012,2074.4830488921075,2192.5293006986117,2027.476011136307,2395.628997919788,2065.0227771623436,2144.9665930142646
2013.739544245118,2037.818085687933,2013.9667356703903,1979.921044376175,1932.7414933097218,2060.6677801087776,2002.6314474168692,1998.0328911173401,2061.173186949012,2074.4830488921075,2192.5293006986117,2027.476011136307,2395.628997919788,2065.0227771623436,2144.9665930142646,2304.6256302984034
2037.818085687933,2013.9667356703903,1979.921044376175,1932.7414933097218,2060.6677801087776,2002.6314474168692,1998.0328911173401,2061.173186949012,2074.4830488921075,2192.5293006986117,2027.476011136307,2395.628997919788,2065.0227771623436,2144.9665930142646,2304.6256302984034,2147.6210874009616
2013.9667356703903,1979.921044376175,1932.7414933097218,2060.6677801087776,2002.6314474168692,1998.0328911173401,2061.173186949012,2074.4830488921075,2192.5293006986117,2027.476011136307,2395.628997919788,2065.0227771623436,2144.9665930142646,2304.6256302984034,2147.6210874009616,2205.6131446455042
1979.921044376175,1932.7414933097218,2060.6677801087776,2002.6314474168692,1998.0328911173401,2061.173186949012,2074.4830488921075,2192.5293006986117,2027.476011136307,2395.628997919788,2065.0227771623436,2144.9665930142646,2304.6256302984034,2147.6210874009616,2205.6131446455042,2279.396066690239
1932.7414933097218,2060.6677801087776,2002.6314474168692,1998.0328911173401,2061.173186949012,2074.4830488921075,2192.5293006986117,2027.476011136307,2395.628997919788,2065.0227771623436,2144.9665930142646,2304.6256302984034,2147.6210874009616,2205.6131446455042,2279.396066690239,2000.8658986431801
2060.6677801087776,2002.6314474168692,1998.0328911173401,2061.173186949012,2074.4830488921075,2192.5293006986117,2027.476011136307,2395.628997919788,2065.0227771623436,2144.9665930142646,2304.6256302984034,2147.6210874009616,2205.6131446455042,2279.396066690239,2000.8658986431801,2271.1845137151945
2002.6314474168692,1998.0328911173401,2061.173186949012,2074.4830488921075,2192.5293006986117,2027.476011136307,2395.628997919788,2065.0227771623436,2144.9665930142646,2304.6256302984034,2147.6210874009616,2205.6131446455042,2279.396066690239,2000.8658986431801,2271.1845137151945,2248.2768023662425
1998.0328911173401,2061.173186949012,2074.4830488921075,2192.5293006986117,2027.476011136307,2395.628997919788,2065.0227771623436,2144.9665930142646,2304.6256302984034,2147.6210874009616,2205.6131446455042,2279.396066690239,2000.8658986431801,2271.1845137151945,2248.2768023662425,2343.8153433755474
2061.173186949012,2074.4830488921075,2192.5293006986117,2027.476011136307,2395.628997919788,2065.0227771623436,2144.9665930142646,2304.6256302984034,2147.6210874009616,2205.6131446455042,2279.396066690239,2000.8658986431801,2271.1845137151945,2248.2768023662425,2343.8153433755474,2442.3954232860124
2074.4830488921075,2192.5293006986117,2027.476011136307,2395.628997919788,2065.0227771623436,2144.9665930142646,2304.6256302984034,2147.6210874009616,2205.6131446455042,2279.396066690239,2000.8658986431801,2271.1845137151945,2248.2768023662425,2343.8153433755474,2442.3954232860124,2480.240267391809
2192.5293006986117,2027.476011136307,2395.628997919788,2065.0227771623436,2144.9665930142646,2304.6256302984034,2147.6210874009616,2205.6131446455042,2279.396066690239,2000.8658986431801,2271.1845137151945,2248.2768023662425,2343.8153433755474,2442.3954232860124,2480.240267391809,2590.9355422008757
2027.476011136307,2395.628997919788,2065.0227771623436,2144.9665930142646,2304.6256302984034,2147.6210874009616,2205.6131446455042,2279.396066690239,2000.8658986431801,2271.1845137151945,2248.2768023662425,2343.8153433755474,2442.3954232860124,2480.240267391809,2590.9355422008757,2609.013445685382
2395.628997919788,2065.0227771623436,2144.9665930142646,2304.6256302984034,2147.6210874009616,2205.6131446455042,2279.396066690239,2000.8658986431801,2271.1845137151945,2248.2768023662425,2343.8153433755474,2442.3954232860124,2480.240267391809,2590.9355422008757,2609.013445685382,2592.0509390452066
2065.0227771623436,2144.9665930142646,2304.6256302984034,2147.6210874009616,2205.6131446455042,2279.396066690239,2000.8658986431801,2271.1845137151945,2248.2768023662425,2343.8153433755474,2442.3954232860124,2480.240267391809,2590.9355422008757,2609.013445685382,2592.0509390452066,2508.4059758923645
2144.9665930142646,2304.6256302984034,2147.6210874009616,2205.6131446455042,2279.396066690239,2000.8658986431801,2271.1845137151945,2248.2768023662425,2343.8153433755474,2442.3954232860124,2480.240267391809,2590.9355422008757,2609.013445685382,2592.0509390452066,2508.4059758923645,2641.8994288074273
2304.6256302984034,2147.6210874009616,2205.6131446455042,2279.396066690239,2000.8658986431801,2271.1845137151945,2248.2768023662425,2343.8153433755474,2442.3954232860124,2480.240267391809,2590.9355422008757,2609.013445685382,2592.0509390452066,2508.4059758923645,2641.8994288074273,2461.306832023634
2147.6210874009616,2205.6131446455042,2279.396066690239,2000.8658986431801,2271.1845137151945,2248.2768023662425,2343.8153433755474,2442.3954232860124,2480.240267391809,2590.9355422008757,2609.013445685382,2592.0509390452066,2508.4059758923645,2641.8994288074273,2461.306832023634,2576.5554132376874
2205.6131446455042,2279.396066690239,2000.8658986431801,2271.1845137151945,2248.2768023662425,2343.8153433755474,2442.3954232860124,2480.240267391809,2590.9355422008757,2609.013445685382,2592.0509390452066,2508.4059758923645,2641.8994288074273,2461.306832023634,2576.5554132376874,2756.1143952733332
2279.396066690239,2000.8658986431801,2271.1845137151945,2248.2768023662425,2343.8153433755474,2442.3954232860124,2480.240267391809,2590.9355422008757,2609.013445685382,2592.0509390452066,2508.4059758923645,2641.8994288074273,2461.306832023634,2576.5554132376874,2756.1143952733332,2715.8267053085733
2000.8658986431801,2271.1845137151945,2248.2768023662425,2343.8153433755474,2442.3954232860124,2480.240267391809,2590.9355422008757,2609.013445685382,2592.0509390452066,2508.4059758923645,2641.8994288074273,2461.306832023634,2576.5554132376874,2756.1143952733332,2715.8267053085733,2520.514433144379
2271.1845137151945,2248.2768023662425,2343.8153433755474,2442.3954232860124,2480.240267391809,2590.9355422008757,2609.013445685382,2592.0509390452066,2508.4059758923645,2641.8994288074273,2461.306832023634,2576.5554132376874,2756.1143952733332,2715.8267053085733,2520.514433144379,2626.8417525051173
2248.2768023662425,2343.8153433755474,2442.3954232860124,2480.240267391809,2590.9355422008757,2609.013445685382,2592.0509390452066,2508.4059758923645,2641.8994288074273,2461.306832023634,2576.5554132376874,2756.1143952733332,2715.8267053085733,2520.514433144379,2626.8417525051173,2803.0248470872157
2343.8153433755474,2442.3954232860124,2480.240267391809,2590.9355422008757,2609.013445685382,2592.0509390452066,2508.4059758923645,2641.8994288074273,2461.306832023634,2576.5554132376874,2756.1143952733332,2715.8267053085733,2520.514433144379,2626.8417525051173,2803.0248470872157,2799.3994276496715
2442.3954232860124,2480.240267391809,2590.9355422008757,2609.013445685382,2592.0509390452066,2508.4059758923645,2641.8994288074273,2461.306832023634,2576.5554132376874,2756.1143952733332,2715.8267053085733,2520.514433144379,2626.8417525051173,2803.0248470872157,2799.3994276496715,2871.397763257108
2480.240267391809,2590.9355422008757,2609.013445685382,2592.0509390452066,2508.4059758923645,2641.8994288074273,2461.306832023634,2576.5554132376874,2756.1143952733332,2715.8267053085733,2520.514433144379,2626.8417525051173,2803.0248470872157,2799.3994276496715,2871.397763257108,2610.2882092771038
2590.9355422008757,2609.013445685382,2592.0509390452066,2508.4059758923645,2641.8994288074273,2461.306832023634,2576.5554132376874,2756.1143952733332,2715.8267053085733,2520.514433144379,2626.8417525051173,2803.0248470872157,2799.3994276496715,2871.397763257108,2610.2882092771038,2686.4024506208507
2609.013445685382,2592.0509390452066,2508.4059758923645,2641.8994288074273,2461.306832023634,2576.5554132376874,2756.1143952733332,2715.8267053085733,2520.514433144379,2626.8417525051173,2803.0248470872157,2799.3994276496715,2871.397763257108,2610.2882092771038,2686.4024506208507,2814.5174889138357
2592.0509390452066,2508.4059758923645,2641.8994288074273,2461.306832023634,2576.5554132376874,2756.1143952733332,2715.8267053085733,2520.514433144379,2626.8417525051173,2803.0248470872157,2799.3994276496715,2871.397763257108,2610.2882092771038,2686.4024506208507,2814.5174889138357,2767.271085680311
2508.4059758923645,2641.8994288074273,2461.306832023634,2576.5554132376874,2756.1143952733332,2715.8267053085733,2520.514433144379,2626.8417525051173,2803.0248470872157,2799.3994276496715,2871.397763257108,2610.2882092771038,2686.4024506208507,2814.5174889138357,2767.271085680311,2888.239806805543
2641.8994288074273,2461.306832023634,2576.5554132376874,2756.1143952733332,2715.8267053085733,2520.514433144379,2626.8417525051173,2803.0248470872157,2799.3994276496715,2871.397763257108,2610.2882092771038,2686.4024506208507,2814.5174889138357,2767.271085680311,2888.239806805543,2918.5203061222783
2461.306832023634,2576.5554132376874,2756.1143952733332,2715.8267053085733,2520.514433144379,2626.8417525051173,2803.0248470872157,2799.3994276496715,2871.397763257108,2610.2882092771038,2686.4024506208507,2814.5174889138357,2767.271085680311,2888.239806805543,2918.5203061222783,2978.0932313538206
2576.5554132376874,2756.1143952733332,2715.8267053085733,2520.514433144379,2626.8417525051173,2803.0248470872157,2799.3994276496715,2871.397763257108,2610.2882092771038,2686.4024506208507,2814.5174889138357,2767.271085680311,2888.239806805543,2918.5203061222783,2978.0932313538206,2955.9159456892216
2756.1143952733332,2715.8267053085733,2520.514433144379,2626.8417525051173,2803.0248470872157,2799.3994276496715,2871.397763257108,2610.2882092771038,2686.4024506208507,2814.5174889138357,2767.271085680311,2888.239806805543,2918.5203061222783,2978.0932313538206,2955.9159456892216,3051.6678762377032
2715.8267053085733,2520.514433144379,2626.8417525051173,2803.0248470872157,2799.3994276496715,2871.397763257108,2610.2882092771038,2686.4024506208507,2814.5174889138357,2767.271085680311,2888.239806805543,2918.5203061222783,2978.0932313538206,2955.9159456892216,3051.6678762377032,3099.4726654606534
2520.514433144379,2626.8417525051173,2803.0248470872157,2799.3994276496715,2871.397763257108,2610.2882092771038,2686.4024506208507,2814.5174889138357,2767.271085680311,2888.239806805543,2918.5203061222783,2978.0932313538206,2955.9159456892216,3051.6678762377032,3099.4726654606534,3042.9853472982004
2626.8417525051173,2803.0248470872157,2799.3994276496715,2871.397763257108,2610.2882092771038,2686.4024506208507,2814.5174889138357,2767.271085680311,2888.239806805543,2918.5203061222783,2978.0932313538206,2955.9159456892216,3051.6678762377032,3099.4726654606534,3042.9853472982004,2930.2490250681367
2803.0248470872157,2799.3994276496715,2871.397763257108,2610.2882092771038,2686.4024506208507,2814.5174889138357,2767.271085680311,2888.239806805543,2918.5203061222783,2978.0932313538206,2955.9159456892216,3051.6678762377032,3099.4726654606534,3042.9853472982004,2930.2490250681367,3209.3154256268554
2799.3994276496715,2871.397763257108,2610.2882092771038,2686.4024506208507,2814.5174889138357,2767.271085680311,2888.239806805543,2918.5203061222783,2978.0932313538206,2955.9159456892216,3051.6678762377032,3099.4726654606534,3042.9853472982004,2930.2490250681367,3209.3154256268554,3126.9643303836715
2871.397763257108,2610.2882092771038,2686.4024506208507,2814.5174889138357,2767.271085680311,2888.239806805543,2918.5203061222783,2978.0932313538206,2955.9159456892216,3051.6678762377032,3099.4726654606534,3042.9853472982004,2930.2490250681367,3209.3154256268554,3126.9643303836715,3173.517272767205
2610.2882092771038,2686.4024506208507,2814.5174889138357,2767.271085680311,2888.239806805543,2918.5203061222783,2978.0932313538206,2955.9159456892216,3051.6678762377032,3099.4726654606534,3042.9853472982004,2930.2490250681367,3209.3154256268554,3126.9643303836715,3173.517272767205,3173.849734194368
2686.4024506208507,2814.5174889138357,2767.271085680311,2888.239806805543,2918.5203061222783,2978.0932313538206,2955.9159456892216,3051.6678762377032,3099.4726654606534,3042.9853472982004,2930.2490250681367,3209.3154256268554,3126.9643303836715,3173.517272767205,3173.849734194368,3019.943368940682
2814.5174889138357,2767.271085680311,2888.239806805543,2918.5203061222783,2978.0932313538206,2955.9159456892216,3051.6678762377032,3099.4726654606534,3042.9853472982004,2930.2490250681367,3209.3154256268554,3126.9643303836715,3173.517272767205,3173.849734194368,3019.943368940682,3266.108451130389
2767.271085680311,2888.239806805543,2918.5203061222783,2978.0932313538206,2955.9159456892216,3051.6678762377032,3099.4726654606534,3042.9853472982004,2930.2490250681367,3209.3154256268554,3126.9643303836715,3173.517272767205,3173.849734194368,3019.943368940682,3266.108451130389,3167.2811547095453
2888.239806805543,2918.5203061222783,2978.0932313538206,2955.9159456892216,3051.6678762377032,3099.4726654606534,3042.9853472982004,2930.2490250681367,3209.3154256268554,3126.9643303836715,3173.517272767205,3173.849734194368,3019.943368940682,3266.108451130389,3167.2811547095453,3135.853354969992
2918.5203061222783,2978.0932313538206,2955.9159456892216,3051.6678762377032,3099.4726654606534,3042.9853472982004,2930.2490250681367,3209.3154256268554,3126.9643303836715,3173.517272767205,3173.849734194368,3019.943368940682,3266.108451130389,3167.2811547095453,3135.853354969992,3413.6266532179125
2978.0932313538206,2955.9159456892216,3051.6678762377032,3099.4726654606534,3042.9853472982004,2930.2490250681367,3209.3154256268554,3126.9643303836715,3173.517272767205,3173.849734194368,3019.943368940682,3266.108451130389,3167.2811547095453,3135.853354969992,3413.6266532179125,3278.626271224699
2955.9159456892216,3051.6678762377032,3099.4726654606534,3042.9853472982004,2930.2490250681367,3209.3154256268554,3126.9643303836715,3173.517272767205,3173.849734194368,3019.943368940682,3266.108451130389,3167.2811547095453,3135.853354969992,3413.6266532179125,3278.626271224699,3363.6675481007705
3051.6678762377032,3099.4726654606534,3042.9853472982004,2930.2490250681367,3209.3154256268554,3126.9643303836715,3173.517272767205,3173.849734194368,3019.943368940682,3266.108451130389,3167.2811547095453,3135.853354969992,3413.6266532179125,3278.626271224699,3363.6675481007705,3449.486547701536
3099.4726654606534,3042.9853472982004,2930.2490250681367,3209.3154256268554,3126.9643303836715,3173.517272767205,3173.849734194368,3019.943368940682,3266.108451130389,3167.2811547095453,3135.853354969992,3413.6266532179125,3278.626271224699,3363.6675481007705,3449.486547701536,3547.6789056534208
3042.9853472982004,2930.2490250681367,3209.3154256268554,3126.9643303836715,3173.517272767205,3173.849734194368,3019.943368940682,3266.108451130389,3167.2811547095453,3135.853354969992,3413.6266532179125,3278.626271224699,3363.6675481007705,3449.486547701536,3547.6789056534208,3226.9822718251557
2930.2490250681367,3209.3154256268554,3126.9643303836715,3173.517272767205,3173.849734194368,3019.943368940682,3266.108451130389,3167.2811547095453,3135.853354969992,3413.6266532179125,3278.626271224699,3363.6675481007705,3449.486547701536,3547.6789056534208,3226.9822718251557,3359.413811652269
3209.3154256268554,3126.9643303836715,3173.517272767205,3173.849734194368,3019.943368940682,3266.108451130389,3167.2811547095453,3135.853354969992,3413.6266532179125,3278.626271224699,3363.6675481007705,3449.486547701536,3547.6789056534208,3226.9822718251557,3359.413811652269,3527.0026268588294
3126.9643303836715,3173.517272767205,3173.849734194368,3019.943368940682,3266.108451130389,3167.2811547095453,3135.853354969992,3413.6266532179125,3278.626271224699,3363.6675481007705,3449.486547701536,3547.6789056534208,3226.9822718251557,3359.413811652269,3527.0026268588294,3416.077684516142
3173.517272767205,3173.849734194368,3019.943368940682,3266.108451130389,3167.2811547095453,3135.853354969992,3413.6266532179125,3278.626271224699,3363.6675481007705,3449.486547701536,3547.6789056534208,3226.9822718251557,3359.413811652269,3527.0026268588294,3416.077684516142,3179.25339424612
3173.849734194368,3019.943368940682,3266.108451130389,3167.2811547095453,3135.853354969992,3413.6266532179125,3278.626271224699,3363.6675481007705,3449.486547701536,3547.6789056534208,3226.9822718251557,3359.413811652269,3527.0026268588294,3416.077684516142,3179.25339424612,3546.4278429131077
3019.943368940682,3266.108451130389,3167.2811547095453,3135.853354969992,3413.6266532179125,3278.626271224699,3363.6675481007705,3449.486547701536,3547.6789056534208,3226.9822718251557,3359.413811652269,3527.0026268588294,3416.077684516142,3179.25339424612,3546.4278429131077,3578.6616164868465
3266.108451130389,3167.2811547095453,3135.853354969992,3413.6266532179125,3278.626271224699,3363.6675481007705,3449.486547701536,3547.6789056534208,3226.9822718251557,3359.413811652269,3527.0026268588294,3416.077684516142,3179.25339424612,3546.4278429131077,3578.6616164868465,3659.8402966219987
3167.2811547095453,3135.853354969992,3413.6266532179125,3278.626271224699,3363.6675481007705,3449.486547701536,3547.6789056534208,3226.9822718251557,3359.413811652269,3527.0026268588294,3416.077684516142,3179.25339424612,3546.4278429131077,3578.6616164868465,3659.8402966219987,3626.7356471034986
3135.853354969992,3413.6266532179125,3278.626271224699,3363.6675481007705,3449.486547701536,3547.6789056534208,3226.9822718251557,3359.413811652269,3527.0026268588294,3416.077684516142,3179.25339424612,3546.4278429131077,3578.6616164868465,3659.8402966219987,3626.7356471034986,3582.7286814845693
3413.6266532179125,3278.626271224699,3363.6675481007705,3449.486547701536,3547.6789056534208,3226.9822718251557,3359.413811652269,3527.0026268588294,3416.077684516142,3179.25339424612,3546.4278429131077,3578.6616164868465,3659.8402966219987,3626.7356471034986,3582.7286814845693,3672.0486603479485
3278.626271224699,3363.6675481007705,3449.486547701536,3547.6789056534208,3226.9822718251557,3359.413811652269,3527.0026268588294,3416.077684516142,3179.25339424612,3546.4278429131077,3578.6616164868465,3659.8402966219987,3626.7356471034986,3582.7286814845693,3672.0486603479485,3670.1820324783193
3363.6675481007705,3449.486547701536,3547.6789056534208,3226.9822718251557,3359.413811652269,3527.0026268588294,3416.077684516142,3179.25339424612,3546.4278429131077,3578.6616164868465,3659.8402966219987,3626.7356471034986,3582.7286814845693,3672.0486603479485,3670.1820324783193,3645.758380970788
3449.486547701536,3547.6789056534208,3226.9822718251557,3359.413811652269,3527.0026268588294,3416.077684516142,3179.25339424612,3546.4278429131077,3578.6616164868465,3659.8402966219987,3626.7356471034986,3582.7286814845693,3672.0486603479485,3670.1820324783193,3645.758380970788,3745.211839161237
3547.6789056534208,3226.9822718251557,3359.413811652269,3527.0026268588294,3416.077684516142,3179.25339424612,3546.4278429131077,3578.6616164868465,3659.8402966219987,3626.7356471034986,3582.7286814845693,3672.0486603479485,3670.1820324783193,3645.758380970788,3745.211839161237,3777.7839801454165
3226.9822718251557,3359.413811652269,3527.0026268588294,3416.077684516142,3179.25339424612,3546.4278429131077,3578.6616164868465,3659.8402966219987,3626.7356471034986,3582.7286814845693,3672.0486603479485,3670.1820324783193,3645.758380970788,3745.211839161237,3777.7839801454165,3662.2385775624416
3359.413811652269,3527.0026268588294,3416.077684516142,3179.25339424612,3546.4278429131077,3578.6616164868465,3659.8402966219987,3626.7356471034986,3582.7286814845693,3672.0486603479485,3670.1820324783193,3645.758380970788,3745.211839161237,3777.7839801454165,3662.2385775624416,3889.7966494929706
3527.0026268588294,3416.077684516142,3179.25339424612,3546.4278429131077,3578.6616164868465,3659.8402966219987,3626.7356471034986,3582.7286814845693,3672.0486603479485,3670.1820324783193,3645.758380970788,3745.211839161237,3777.7839801454165,3662.2385775624416,3889.7966494929706,3891.6803366901786
3416.077684516142,3179.25339424612,3546.4278429131077,3578.6616164868465,3659.8402966219987,3626.7356471034986,3582.7286814845693,3672.0486603479485,3670.1820324783193,3645.758380970788,3745.211839161237,3777.7839801454165,3662.2385775624416,3889.7966494929706,3891.6803366901786,3909.1755764456693
3179.25339424612,3546.4278429131077,3578.6616164868465,3659.8402966219987,3626.7356471034986,3582.7286814845693,3672.0486603479485,3670.1820324783193,3645.758380970788,3745.211839161237,3777.7839801454165,3662.2385775624416,3889.7966494929706,3891.6803366901786,3909.1755764456693,3574.7922123996204
3546.4278429131077,3578.6616164868465,3659.8402966219987,3626.7356471034986,3582.7286814845693,3672.0486603479485,3670.1820324783193,3645.758380970788,3745.211839161237,3777.7839801454165,3662.2385775624416,3889.7966494929706,3891.6803366901786,3909.1755764456693,3574.7922123996204,3884.2392467066484
3578.6616164868465,3659.8402966219987,3626.7356471034986,3582.7286814845693,3672.0486603479485,3670.1820324783193,3645.758380970788,3745.211839161237,3777.7839801454165,3662.2385775624416,3889.7966494929706,3891.6803366901786,3909.1755764456693,3574.7922123996204,3884.2392467066484,3880.7972842001104
3659.8402966219987,3626.7356471034986,3582.7286814845693,3672.0486603479485,3670.1820324783193,3645.758380970788,3745.211839161237,3777.7839801454165,3662.2385775624416,3889.7966494929706,3891.6803366901786,3909.1755764456693,3574.7922123996204,3884.2392467066484,3880.7972842001104,3813.0507799371144
3626.7356471034986,3582.7286814845693,3672.0486603479485,3670.1820324783193,3645.758380970788,3745.211839161237,3777.7839801454165,3662.2385775624416,3889.7966494929706,3891.6803366901786,3909.1755764456693,3574.7922123996204,3884.2392467066484,3880.7972842001104,3813.0507799371144,3992.667492512366
3582.7286814845693,3672.0486603479485,3670.1820324783193,3645.758380970788,3745.211839161237,3777.7839801454165,3662.2385775624416,3889.7966494929706,3891.6803366901786,3909.1755764456693,3574.7922123996204,3884.2392467066484,3880.7972842001104,3813.0507799371144,3992.667492512366,3802.748568473953
3672.0486603479485,3670.1820324783193,3645.758380970788,3745.211839161237,3777.7839801454165,3662.2385775624416,3889.7966494929706,3891.6803366901786,3909.1755764456693,3574.7922123996204,3884.2392467066484,3880.7972842001104,3813.0507799371144,3992.667492512366,3802.748568473953,4097.974843631394
3670.1820324783193,3645.758380970788,3745.211839161237,3777.7839801454165,3662.2385775624416,3889.7966494929706,3891.6803366901786,3909.1755764456693,3574.7922123996204,3884.2392467066484,3880.7972842001104,3813.0507799371144,3992.667492512366,3802.748568473953,4097.974843631394,4032.331338107671
3645.758380970788,3745.211839161237,3777.7839801454165,3662.2385775624416,3889.7966494929706,3891.6803366901786,3909.1755764456693,3574.7922123996204,3884.2392467066484,3880.7972842001104,3813.0507799371144,3992.667492512366,3802.748568473953,4097.974843631394,4032.331338107671,3961.7462682405176
3745.211839161237,3777.7839801454165,3662.2385775624416,3889.7966494929706,3891.6803366901786,3909.1755764456693,3574.7922123996204,3884.2392467066484,3880.7972842001104,3813.0507799371144,3992.667492512366,3802.748568473953,4097.974843631394,4032.331338107671,3961.7462682405176,4174.913334362871
3777.7839801454165,3662.2385775624416,3889.7966494929706,3891.6803366901786,3909.1755764456693,3574.7922123996204,3884.2392467066484,3880.7972842001104,3813.0507799371144,3992.667492512366,3802.748568473953,4097.974843631394,4032.331338107671,3961.7462682405176,4174.913334362871,4096.57135824662
3662.2385775624416,3889.7966494929706,3891.6803366901786,3909.1755764456693,3574.7922123996204,3884.2392467066484,3880.7972842001104,3813.0507799371144,3992.667492512366,3802.748568473953,4097.974843631394,4032.331338107671,3961.7462682405176,4174.913334362871,4096.57135824662,4102.04813338684
3889.7966494929706,3891.6803366901786,3909.1755764456693,3574.7922123996204,3884.2392467066484,3880.7972842001104,3813.0507799371144,3992.667492512366,3802.748568473953,4097.974843631394,4032.331338107671,3961.7462682405176,4174.913334362871,4096.57135824662,4102.04813338684,3955.2001445892233
3891.6803366901786,3909.1755764456693,3574.7922123996204,3884.2392467066484,3880.7972842001104,3813.0507799371144,3992.667492512366,3802.748568473953,4097.974843631394,4032.331338107671,3961.7462682405176,4174.913334362871,4096.57135824662,4102.04813338684,3955.2001445892233,4156.97958991781
3909.1755764456693,3574.7922123996204,3884.2392467066484,3880.7972842001104,3813.0507799371144,3992.667492512366,3802.748568473953,4097.974843631394,4032.331338107671,3961.7462682405176,4174.913334362871,4096.57135824662,4102.04813338684,3955.2001445892233,4156.97958991781,4263.0412728692
3574.7922123996204,3884.2392467066484,3880.7972842001104,3813.0507799371144,3992.667492512366,3802.748568473953,4097.974843631394,4032.331338107671,3961.7462682405176,4174.913334362871,4096.57135824662,4102.04813338684,3955.2001445892233,4156.97958991781,4263.0412728692,4249.177126112593
3884.2392467066484,3880.7972842001104,3813.0507799371144,3992.667492512366,3802.748568473953,4097.974843631394,4032.331338107671,3961.7462682405176,4174.913334362871,4096.57135824662,4102.04813338684,3955.2001445892233,4156.97958991781,4263.0412728692,4249.177126112593,4024.8384108710748
3880.7972842001104,3813.0507799371144,3992.667492512366,3802.748568473953,4097.974843631394,4032.331338107671,3961.7462682405176,4174.913334362871,4096.57135824662,4102.04813338684,3955.2001445892233,4156.97958991781,4263.0412728692,4249.177126112593,4024.8384108710748,4310.993756085276
3813.0507799371144,3992.667492512366,3802.748568473953,4097.974843631394,4032.331338107671,3961.7462682405176,4174.913334362871,4096.57135824662,4102.04813338684,3955.2001445892233,4156.97958991781,4263.0412728692,4249.177126112593,4024.8384108710748,4310.993756085276,4348.331139764412
3992.667492512366,3802.748568473953,4097.974843631394,4032.331338107671,3961.7462682405176,4174.913334362871,4096.57135824662,4102.04813338684,3955.2001445892233,4156.97958991781,4263.0412728692,4249.177126112593,4024.8384108710748,4310.993756085276,4348.331139764412,4287.610353041643
3802.748568473953,4097.974843631394,4032.331338107671,3961.7462682405176,4174.913334362871,4096.57135824662,4102.04813338684,3955.2001445892233,4156.97958991781,4263.0412728692,4249.177126112593,4024.8384108710748,4310.993756085276,4348.331139764412,4287.610353041643,4178.822770572148
4097.974843631394,4032.331338107671,3961.7462682405176,4174.913334362871,4096.57135824662,4102.04813338684,3955.2001445892233,4156.97958991781,4263.0412728692,4249.177126112593,4024.8384108710748,4310.993756085276,4348.331139764412,4287.610353041643,4178.822770572148,4080.9657823752827
4032.331338107671,3961.7462682405176,4174.913334362871,4096.57135824662,4102.04813338684,3955.2001445892233,4156.97958991781,4263.0412728692,4249.177126112593,4024.8384108710748,4310.993756085276,4348.331139764412,4287.610353041643,4178.822770572148,4080.9657823752827,4155.03460242915
3961.7462682405176,4174.913334362871,4096.57135824662,4102.04813338684,3955.2001445892233,4156.97958991781,4263.0412728692,4249.177126112593,4024.8384108710748,4310.993756085276,4348.331139764412,4287.610353041643,4178.822770572148,4080.9657823752827,4155.03460242915,4202.249065715705
4174.913334362871,4096.57135824662,4102.04813338684,3955.2001445892233,4156.97958991781,4263.0412728692,4249.177126112593,4024.8384108710748,4310.993756085276,4348.331139764412,4287.610353041643,4178.822770572148,4080.9657823752827,4155.03460242915,4202.249065715705,4301.691426567341
4096.57135824662,4102.04813338684,3955.2001445892233,4156.97958991781,4263.0412728692,4249.177126112593,4024.8384108710748,4310.993756085276,4348.331139764412,4287.610353041643,4178.822770572148,4080.9657823752827,4155.03460242915,4202.249065715705,4301.691426567341,4342.973268004413
4102.04813338684,3955.2001445892233,4156.97958991781,4263.0412728692,4249.177126112593,4024.8384108710748,4310.993756085276,4348.331139764412,4287.610353041643,4178.822770572148,4080.9657823752827,4155.03460242915,4202.249065715705,4301.691426567341,4342.973268004413,4225.451519891921
3955.2001445892233,4156.97958991781,4263.0412728692,4249.177126112593,4024.8384108710748,4310.993756085276,4348.331139764412,4287.610353041643,4178.822770572148,4080.9657823752827,4155.03460242915,4202.249065715705,4301.691426567341,4342.973268004413,4225.451519891921,4147.734722318197
4156.97958991781,4263.0412728692,4249.177126112593,4024.8384108710748,4310.993756085276,4348.331139764412,4287.610353041643,4178.822770572148,4080.9657823752827,4155.03460242915,4202.249065715705,4301.691426567341,4342.973268004413,4225.451519891921,4147.734722318197,4283.011993458521
4263.0412728692,4249.177126112593,4024.8384108710748,4310.993756085276,4348.331139764412,4287.610353041643,4178.822770572148,4080.9657823752827,4155.03460242915,4202.249065715705,4301.691426567341,4342.973268004413,4225.451519891921,4147.734722318197,4283.011993458521,4202.364853133688
4249.177126112593,4024.8384108710748,4310.993756085276,4348.331139764412,4287.610353041643,4178.822770572148,4080.9657823752827,4155.03460242915,4202.249065715705,4301.691426567341,4342.973268004413,4225.451519891921,4147.734722318197,4283.011993458521,4202.364853133688,4481.620902057524
4024.8384108710748,4310.993756085276,4348.331139764412,4287.610353041643,4178.822770572148,4080.9657823752827,4155.03460242915,4202.249065715705,4301.691426567341,4342.973268004413,4225.451519891921,4147.734722318197,4283.011993458521,4202.364853133688,4481.620902057524,4234.150737274412
4310.993756085276,4348.331139764412,4287.610353041643,4178.822770572148,4080.9657823752827,4155.03460242915,4202.249065715705,4301.691426567341,4342.973268004413,4225.451519891921,4147.734722318197,4283.011993458521,4202.364853133688,4481.620902057524,4234.150737274412,4416.876568955005
4348.331139764412,4287.610353041643,4178.822770572148,4080.9657823752827,4155.03460242915,4202.249065715705,4301.691426567341,4342.973268004413,4225.451519891921,4147.734722318197,4283.011993458521,4202.364853133688,4481.620902057524,4234.150737274412,4416.876568955005,4461.66469393048
4287.610353041643,4178.822770572148,4080.9657823752827,4155.03460242915,4202.249065715705,4301.691426567341,4342.973268004413,4225.451519891921,4147.734722318197,4283.011993458521,4202.364853133688,4481.620902057524,4234.150737274412,4416.876568955005,4461.66469393048,4289.2734636497225
4178.822770572148,4080.9657823752827,4155.03460242915,4202.249065715705,4301.691426567341,4342.973268004413,4225.451519891921,4147.734722318197,4283.011993458521,4202.364853133688,4481.620902057524,4234.150737274412,4416.876568955005,4461.66469393048,4289.2734636497225,4498.447229317952
4080.9657823752827,4155.03460242915,4202.249065715705,4301.691426567341,4342.973268004413,4225.451519891921,4147.734722318197,4283.011993458521,4202.364853133688,4481.620902057524,4234.150737274412,4416.876568955005,4461.66469393048,4289.2734636497225,4498.447229317952,4391.7320544221275
4155.03460242915,4202.249065715705,4301.691426567341,4342.973268004413,4225.451519891921,4147.734722318197,4283.011993458521,4202.364853133688,4481.620902057524,4234.150737274412,4416.876568955005,4461.66469393048,4289.2734636497225,4498.447229317952,4391.7320544221275,4334.5037933261
4202.249065715705,4301.691426567341,4342.973268004413,4225.451519891921,4147.734722318197,4283.011993458521,4202.364853133688,4481.620902057524,4234.150737274412,4416.876568955005,4461.66469393048,4289.2734636497225,4498.447229317952,4391.7320544221275,4334.5037933261,4326.940374157732
4301.691426567341,4342.973268004413,4225.451519891921,4147.734722318197,4283.011993458521,4202.364853133688,4481.620902057524,4234.150737274412,4416.876568955005,4461.66469393048,4289.2734636497225,4498.447229317952,4391.7320544221275,4334.5037933261,4326.940374157732,4440.93438208923
4342.973268004413,4225.451519891921,4147.734722318197,4283.011993458521,4202.364853133688,4481.620902057524,4234.150737274412,4416.876568955005,4461.66469393048,4289.2734636497225,4498.447229317952,4391.7320544221275,4334.5037933261,4326.940374157732,4440.93438208923,4545.261429426209
4225.451519891921,4147.734722318197,4283.011993458521,4202.364853133688,4481.620902057524,4234.150737274412,4416.876568955005,4461.66469393048,4289.2734636497225,4498.447229317952,4391.7320544221275,4334.5037933261,4326.940374157732,4440.93438208923,4545.261429426209,4252.385369058314
4147.734722318197,4283.011993458521,4202.364853133688,4481.620902057524,4234.150737274412,4416.876568955005,4461.66469393048,4289.2734636497225,4498.447229317952,4391.7320544221275,4334.5037933261,4326.940374157732,4440.93438208923,4545.261429426209,4252.385369058314,4512.035462932213
4283.011993458521,4202.364853133688,4481.620902057524,4234.150737274412,4416.876568955005,4461.66469393048,4289.2734636497225,4498.447229317952,4391.7320544221275,4334.5037933261,4326.940374157732,4440.93438208923,4545.261429426209,4252.385369058314,4512.035462932213,4440.858833478351
4202.364853133688,4481.620902057524,4234.150737274412,4416.876568955005,4461.66469393048,4289.2734636497225,4498.447229317952,4391.7320544221275,4334.5037933261,4326.940374157732,4440.93438208923,4545.261429426209,4252.385369058314,4512.035462932213,4440.858833478351,4385.374813884497
4481.620902057524,4234.150737274412,4416.876568955005,4461.66469393048,4289.2734636497225,4498.447229317952,4391.7320544221275,4334.5037933261,4326.940374157732,4440.93438208923,4545.261429426209,4252.385369058314,4512.035462932213,4440.858833478351,4385.374813884497,4456.184917889462
4234.150737274412,4416.876568955005,4461.66469393048,4289.2734636497225,4498.447229317952,4391.7320544221275,4334.5037933261,4326.940374157732,4440.93438208923,4545.261429426209,4252.385369058314,4512.035462932213,4440.858833478351,4385.374813884497,4456.184917889462,4470.456722133049
4416.876568955005,4461.66469393048,4289.2734636497225,4498.447229317952,4391.7320544221275,4334.5037933261,4326.940374157732,4440.93438208923,4545.261429426209,4252.385369058314,4512.035462932213,4440.858833478351,4385.374813884497,4456.184917889462,4470.456722133049,4469.964726154267
4461.66469393048,4289.2734636497225,4498.447229317952,4391.7320544221275,4334.5037933261,4326.940374157732,4440.93438208923,4545.261429426209,4252.385369058314,4512.035462932213,4440.858833478351,4385.374813884497,4456.184917889462,4470.456722133049,4469.964726154267,4561.593636174973
4289.2734636497225,4498.447229317952,4391.7320544221275,4334.5037933261,4326.940374157732,4440.93438208923,4545.261429426209,4252.385369058314,4512.035462932213,4440.858833478351,4385.374813884497,4456.184917889462,4470.456722133049,4469.964726154267,4561.593636174973,4392.337327359059
4498.447229317952,4391.7320544221275,4334.5037933261,4326.940374157732,4440.93438208923,4545.261429426209,4252.385369058314,4512.035462932213,4440.858833478351,4385.374813884497,4456.184917889462,4470.456722133049,4469.964726154267,4561.593636174973,4392.337327359059,4685.374986670819
4391.7320544221275,4334.5037933261,4326.940374157732,4440.93438208923,4545.261429426209,4252.385369058314,4512.035462932213,4440.858833478351,4385.374813884497,4456.184917889462,4470.456722133049,4469.964726154267,4561.593636174973,4392.337327359059,4685.374986670819,4579.3071899547285
4334.5037933261,4326.940374157732,4440.93438208923,4545.261429426209,4252.385369058314,4512.035462932213,4440.858833478351,4385.374813884497,4456.184917889462,4470.456722133049,4469.964726154267,4561.593636174973,4392.337327359059,4685.374986670819,4579.3071899547285,4431.300455841974
4326.940374157732,4440.93438208923,4545.261429426209,4252.385369058314,4512.035462932213,4440.858833478351,4385.374813884497,4456.184917889462,4470.456722133049,4469.964726154267,4561.593636174973,4392.337327359059,4685.374986670819,4579.3071899547285,4431.300455841974,4298.8297785906925
4440.93438208923,4545.261429426209,4252.385369058314,4512.035462932213,4440.858833478351,4385.374813884497,4456.184917889462,4470.456722133049,4469.964726154267,4561.593636174973,4392.337327359059,4685.374986670819,4579.3071899547285,4431.300455841974,4298.8297785906925,4492.48997862495
4545.261429426209,4252.385369058314,4512.035462932213,4440.858833478351,4385.374813884497,4456.184917889462,4470.456722133049,4469.964726154267,4561.593636174973,4392.337327359059,4685.374986670819,4579.3071899547285,4431.300455841974,4298.8297785906925,4492.48997862495,4454.4633325166515
4252.385369058314,4512.035462932213,4440.858833478351,4385.374813884497,4456.184917889462,4470.456722133049,4469.964726154267,4561.593636174973,4392.337327359059,4685.374986670819,4579.3071899547285,4431.300455841974,4298.8297785906925,4492.48997862495,4454.4633325166515,4571.135618968727
4512.035462932213,4440.858833478351,4385.374813884497,4456.184917889462,4470.456722133049,4469.964726154267,4561.593636174973,4392.337327359059,4685.374986670819,4579.3071899547285,4431.300455841974,4298.8297785906925,4492.48997862495,4454.4633325166515,4571.135618968727,4569.264274980808
4440.858833478351,4385.374813884497,4456.184917889462,4470.456722133049,4469.964726154267,4561.593636174973,4392.337327359059,4685.374986670819,4579.3071899547285,4431.300455841974,4298.8297785906925,4492.48997862495,4454.4633325166515,4571.135618968727,4569.264274980808,4689.117540146159
4385.374813884497,4456.184917889462,4470.456722133049,4469.964726154267,4561.593636174973,4392.337327359059,4685.374986670819,4579.3071899547285,4431.300455841974,4298.8297785906925,4492.48997862495,4454.4633325166515,4571.135618968727,4569.264274980808,4689.117540146159,4482.284754558236
4456.184917889462,4470.456722133049,4469.964726154267,4561.593636174973,4392.337327359059,4685.374986670819,4579.3071899547285,4431.300455841974,4298.8297785906925,4492.48997862495,4454.4633325166515,4571.135618968727,4569.264274980808,4689.117540146159,4482.284754558236,4573.989448200935
4470.456722133049,4469.964726154267,4561.593636174973,4392.337327359059,4685.374986670819,4579.3071899547285,4431.300455841974,4298.8297785906925,4492.48997862495,4454.4633325166515,4571.135618968727,4569.264274980808,4689.117540146159,4482.284754558236,4573.989448200935,4449.820072932058
4469.964726154267,4561.593636174973,4392.337327359059,4685.374986670819,4579.3071899547285,4431.300455841974,4298.8297785906925,4492.48997862495,4454.4633325166515,4571.135618968727,4569.264274980808,4689.117540146159,4482.284754558236,4573.989448200935,4449.820072932058,4452.829873393741
4561.593636174973,4392.337327359059,4685.374986670819,4579.3071899547285,4431.300455841974,4298.8297785906925,4492.48997862495,4454.4633325166515,4571.135618968727,4569.264274980808,4689.117540146159,4482.284754558236,4573.989448200935,4449.820072932058,4452.829873393741,4642.596926398181
4392.337327359059,4685.374986670819,4579.3071899547285,4431.300455841974,4298.8297785906925,4492.48997862495,4454.4633325166515,4571.135618968727,4569.264274980808,4689.117540146159,4482.284754558236,4573.989448200935,4449.820072932058,4452.829873393741,4642.596926398181,4471.076343770634
4685.374986670819,4579.3071899547285,4431.300455841974,4298.8297785906925,4492.48997862495,4454.4633325166515,4571.135618968727,4569.264274980808,4689.117540146159,4482.284754558236,4573.989448200935,4449.820072932058,4452.829873393741,4642.596926398181,4471.076343770634,4470.627573226941
4579.3071899547285,4431.300455841974,4298.8297785906925,4492.48997862495,4454.4633325166515,4571.135618968727,4569.264274980808,4689.117540146159,4482.284754558236,4573.989448200935,4449.820072932058,4452.829873393741,4642.596926398181,4471.076343770634,4470.627573226941,4441.921079599864
4431.300455841974,4298.8297785906925,4492.48997862495,4454.4633325166515,4571.135618968727,4569.264274980808,4689.117540146159,4482.284754558236,4573.989448200935,4449.820072932058,4452.829873393741,4642.596926398181,4471.076343770634,4470.627573226941,4441.921079599864,4506.205871976736
4298.8297785906925,4492.48997862495,4454.4633325166515,4571.135618968727,4569.264274980808,4689.117540146159,4482.284754558236,4573.989448200935,4449.820072932058,4452.829873393741,4642.596926398181,4471.076343770634,4470.627573226941,4441.921079599864,4506.205871976736,4528.644766964456
4492.48997862495,4454.4633325166515,4571.135618968727,4569.264274980808,4689.117540146159,4482.284754558236,4573.989448200935,4449.820072932058,4452.829873393741,4642.596926398181,4471.076343770634,4470.627573226941,4441.921079599864,4506.205871976736,4528.644766964456,4451.3396562060125
4454.4633325166515,4571.135618968727,4569.264274980808,4689.117540146159,4482.284754558236,4573.989448200935,4449.820072932058,4452.829873393741,4642.596926398181,4471.076343770634,4470.627573226941,4441.921079599864,4506.205871976736,4528.644766964456,4451.3396562060125,4342.258907948562
4571.135618968727,4569.264274980808,4689.117540146159,4482.284754558236,4573.989448200935,4449.820072932058,4452.829873393741,4642.596926398181,4471.076343770634,4470.627573226941,4441.921079599864,4506.205871976736,4528.644766964456,4451.3396562060125,4342.258907948562,4486.01821221151
4569.264274980808,4689.117540146159,4482.284754558236,4573.989448200935,4449.820072932058,4452.829873393741,4642.596926398181,4471.076343770634,4470.627573226941,4441.921079599864,4506.205871976736,4528.644766964456,4451.3396562060125,4342.258907948562,4486.01821221151,4362.231764706043
4689.117540146159,4482.284754558236,4573.989448200935,4449.820072932058,4452.829873393741,4642.596926398181,4471.076343770634,4470.627573226941,4441.921079599864,4506.205871976736,4528.644766964456,4451.3396562060125,4342.258907948562,4486.01821221151,4362.231764706043,4402.300907711365
4482.284754558236,4573.989448200935,4449.820072932058,4452.829873393741,4642.596926398181,4471.076343770634,4470.627573226941,4441.921079599864,4506.205871976736,4528.644766964456,4451.3396562060125,4342.258907948562,4486.01821221151,4362.231764706043,4402.300907711365,4452.666859526636
4573.989448200935,4449.820072932058,4452.829873393741,4642.596926398181,4471.076343770634,4470.627573226941,4441.921079599864,4506.205871976736,4528.644766964456,4451.3396562060125,4342.258907948562,4486.01821221151,4362.231764706043,4402.300907711365,4452.666859526636,4448.270392491067
4449.820072932058,4452.829873393741,4642.596926398181,4471.076343770634,4470.627573226941,4441.921079599864,4506.205871976736,4528.644766964456,4451.3396562060125,4342.258907948562,4486.01821221151,4362.231764706043,4402.300907711365,4452.666859526636,4448.270392491067,4180.681882559095
4452.829873393741,4642.596926398181,4471.076343770634,4470.627573226941,4441.921079599864,4506.205871976736,4528.644766964456,4451.3396562060125,4342.258907948562,4486.01821221151,4362.231764706043,4402.300907711365,4452.666859526636,4448.270392491067,4180.681882559095,4577.86453930408
4642.596926398181,4471.076343770634,4470.627573226941,4441.921079599864,4506.205871976736,4528.644766964456,4451.3396562060125,4342.258907948562,4486.01821221151,4362.231764706043,4402.300907711365,4452.666859526636,4448.270392491067,4180.681882559095,4577.86453930408,4477.61713372794
4471.076343770634,4470.627573226941,4441.921079599864,4506.205871976736,4528.644766964456,4451.3396562060125,4342.258907948562,4486.01821221151,4362.231764706043,4402.300907711365,4452.666859526636,4448.270392491067,4180.681882559095,4577.86453930408,4477.61713372794,4582.803494166368
4470.627573226941,4441.921079599864,4506.205871976736,4528.644766964456,4451.3396562060125,4342.258907948562,4486.01821221151,4362.231764706043,4402.300907711365,4452.666859526636,4448.270392491067,4180.681882559095,4577.86453930408,4477.61713372794,4582.803494166368,4631.605072333976
4441.921079599864,4506.205871976736,4528.644766964456,4451.3396562060125,4342.258907948562,4486.01821221151,4362.231764706043,4402.300907711365,4452.666859526636,4448.270392491067,4180.681882559095,4577.86453930408,4477.61713372794,4582.803494166368,4631.605072333976,4271.909011000403
4506.205871976736,4528.644766964456,4451.3396562060125,4342.258907948562,4486.01821221151,4362.231764706043,4402.300907711365,4452.666859526636,4448.270392491067,4180.681882559095,4577.86453930408,4477.61713372794,4582.803494166368,4631.605072333976,4271.909011000403,4298.725955465452
4528.644766964456,4451.3396562060125,4342.258907948562,4486.01821221151,4362.231764706043,4402.300907711365,4452.666859526636,4448.270392491067,4180.681882559095,4577.86453930408,4477.61713372794,4582.803494166368,4631.605072333976,4271.909011000403,4298.725955465452,4369.126051005039
4451.3396562060125,4342.258907948562,4486.01821221151,4362.231764706043,4402.300907711365,4452.666859526636,4448.270392491067,4180.681882559095,4577.86453930408,4477.61713372794,4582.803494166368,4631.605072333976,4271.909011000403,4298.725955465452,4369.126051005039,4426.783669473368
4342.258907948562,4486.01821221151,4362.231764706043,4402.300907711365,4452.666859526636,4448.270392491067,4180.681882559095,4577.86453930408,4477.61713372794,4582.803494166368,4631.605072333976,4271.909011000403,4298.725955465452,4369.126051005039,4426.783669473368,4268.343444678298
4486.01821221151,4362.231764706043,4402.300907711365,4452.666859526636,4448.270392491067,4180.681882559095,4577.86453930408,4477.61713372794,4582.803494166368,4631.605072333976,4271.909011000403,4298.725955465452,4369.126051005039,4426.783669473368,4268.343444678298,4275.461456358718
4362.231764706043,4402.300907711365,4452.666859526636,4448.270392491067,4180.681882559095,4577.86453930408,4477.61713372794,4582.803494166368,4631.605072333976,4271.909011000403,4298.725955465452,4369.126051005039,4426.783669473368,4268.343444678298,4275.461456358718,4402.639923281028
4402.300907711365,4452.666859526636,4448.270392491067,4180.681882559095,4577.86453930408,4477.61713372794,4582.803494166368,4631.605072333976,4271.909011000403,4298.725955465452,4369.126051005039,4426.783669473368,4268.343444678298,4275.461456358718,4402.639923281028,4191.374619068254
4452.666859526636,4448.270392491067,4180.681882559095,4577.86453930408,4477.61713372794,4582.803494166368,4631.605072333976,4271.909011000403,4298.725955465452,4369.126051005039,4426.783669473368,4268.343444678298,4275.461456358718,4402.639923281028,4191.374619068254,4288.483973183231
4448.270392491067,4180.681882559095,4577.86453930408,4477.61713372794,4582.803494166368,4631.605072333976,4271.909011000403,4298.725955465452,4369.126051005039,4426.783669473368,4268.343444678298,4275.461456358718,4402.639923281028,4191.374619068254,4288.483973183231,4362.283285306691
4180.681882559095,4577.86453930408,4477.61713372794,4582.803494166368,4631.605072333976,4271.909011000403,4298.725955465452,4369.126051005039,4426.783669473368,4268.343444678298,4275.461456358718,4402.639923281028,4191.374619068254,4288.483973183231,4362.283285306691,4211.78488416819
4577.86453930408,4477.61713372794,4582.803494166368,4631.605072333976,4271.909011000403,4298.725955465452,4369.126051005039,4426.783669473368,4268.343444678298,4275.461456358718,4402.639923281028,4191.374619068254,4288.483973183231,4362.283285306691,4211.78488416819,4301.76766538613
4477.61713372794,4582.803494166368,4631.605072333976,4271.909011000403,4298.725955465452,4369.126051005039,4426.783669473368,4268.343444678298,4275.461456358718,4402.639923281028,4191.374619068254,4288.483973183231,4362.283285306691,4211.78488416819,4301.76766538613,4196.203438006622
4582.803494166368,4631.605072333976,4271.909011000403,4298.725955465452,4369.126051005039,4426.783669473368,4268.343444678298,4275.461456358718,4402.639923281028,4191.374619068254,4288.483973183231,4362.283285306691,4211.78488416819,4301.76766538613,4196.203438006622,4031.9881520169884
4631.605072333976,4271.909011000403,4298.725955465452,4369.126051005039,4426.783669473368,4268.343444678298,4275.461456358718,4402.639923281028,4191.374619068254,4288.483973183231,4362.283285306691,4211.78488416819,4301.76766538613,4196.203438006622,4031.9881520169884,4121.041597497328
4271.909011000403,4298.725955465452,4369.126051005039,4426.783669473368,4268.343444678298,4275.461456358718,4402.639923281028,4191.374619068254,4288.483973183231,4362.283285306691,4211.78488416819,4301.76766538613,4196.203438006622,4031.9881520169884,4121.041597497328,4138.85672329238
4298.725955465452,4369.126051005039,4426.783669473368,4268.343444678298,4275.461456358718,4402.639923281028,4191.374619068254,4288.483973183231,4362.283285306691,4211.78488416819,4301.76766538613,4196.203438006622,4031.9881520169884,4121.041597497328,4138.85672329238,4108.4794763284535
4369.126051005039,4426.783669473368,4268.343444678298,4275.461456358718,4402.639923281028,4191.374619068254,4288.483973183231,4362.283285306691,4211.78488416819,4301.76766538613,4196.203438006622,4031.9881520169884,4121.041597497328,4138.85672329238,4108.4794763284535,4127.703135594637
4426.783669473368,4268.343444678298,4275.461456358718,4402.639923281028,4191.374619068254,4288.483973183231,4362.283285306691,4211.78488416819,4301.76766538613,4196.203438006622,4031.9881520169884,4121.041597497328,4138.85672329238,4108.4794763284535,4127.703135594637,4147.548359909742
4268.343444678298,4275.461456358718,4402.639923281028,4191.374619068254,4288.483973183231,4362.283285306691,4211.78488416819,4301.76766538613,4196.203438006622,4031.9881520169884,4121.041597497328,4138.85672329238,4108.4794763284535,4127.703135594637,4147.548359909742,4118.813289948535
4275.461456358718,4402.639923281028,4191.374619068254,4288.483973183231,4362.283285306691,4211.78488416819,4301.76766538613,4196.203438006622,4031.9881520169884,4121.041597497328,4138.85672329238,4108.4794763284535,4127.703135594637,4147.548359909742,4118.813289948535,4089.4547544132447
4402.639923281028,4191.374619068254,4288.483973183231,4362.283285306691,4211.78488416819,4301.76766538613,4196.203438006622,4031.9881520169884,4121.041597497328,4138.85672329238,4108.4794763284535,4127.703135594637,4147.548359909742,4118.813289948535,4089.4547544132447,4009.2644732179365
4191.374619068254,4288.483973183231,4362.283285306691,4211.78488416819,4301.76766538613,4196.203438006622,4031.9881520169884,4121.041597497328,4138.85672329238,4108.4794763284535,4127.703135594637,4147.548359909742,4118.813289948535,4089.4547544132447,4009.2644732179365,4011.8099431114174
4288.483973183231,4362.283285306691,4211.78488416819,4301.76766538613,4196.203438006622,4031.9881520169884,4121.041597497328,4138.85672329238,4108.4794763284535,4127.703135594637,4147.548359909742,4118.813289948535,4089.4547544132447,4009.2644732179365,4011.8099431114174,3977.135553492043
4362.283285306691,4211.78488416819,4301.76766538613,4196.203438006622,4031.9881520169884,4121.041597497328,4138.85672329238,4108.4794763284535,4127.703135594637,4147.548359909742,4118.813289948535,4089.4547544132447,4009.2644732179365,4011.8099431114174,3977.135553492043,3936.056555411411
4211.78488416819,4301.76766538613,4196.203438006622,4031.9881520169884,4121.041597497328,4138.85672329238,4108.4794763284535,4127.703135594637,4147.548359909742,4118.813289948535,4089.4547544132447,4009.2644732179365,4011.8099431114174,3977.135553492043,3936.056555411411,4114.020740980157
4301.76766538613,4196.203438006622,4031.9881520169884,4121.041597497328,4138.85672329238,4108.4794763284535,4127.703135594637,4147.548359909742,4118.813289948535,4089.4547544132447,4009.2644732179365,4011.8099431114174,3977.135553492043,3936.056555411411,4114.020740980157,3764.1706017851466
4196.203438006622,4031.9881520169884,4121.041597497328,4138.85672329238,4108.4794763284535,4127.703135594637,4147.548359909742,4118.813289948535,4089.4547544132447,4009.2644732179365,4011.8099431114174,3977.135553492043,3936.056555411411,4114.020740980157,3764.1706017851466,3958.6488376810817
4031.9881520169884,4121.041597497328,4138.85672329238,4108.4794763284535,4127.703135594637,4147.548359909742,4118.813289948535,4089.4547544132447,4009.2644732179365,4011.8099431114174,3977.135553492043,3936.056555411411,4114.020740980157,3764.1706017851466,3958.6488376810817,3749.6434534503446
4121.041597497328,4138.85672329238,4108.4794763284535,4127.703135594637,4147.548359909742,4118.813289948535,4089.4547544132447,4009.2644732179365,4011.8099431114174,3977.135553492043,3936.056555411411,4114.020740980157,3764.1706017851466,3958.6488376810817,3749.6434534503446,3833.0148740335826
4138.85672329238,4108.4794763284535,4127.703135594637,4147.548359909742,4118.813289948535,4089.4547544132447,4009.2644732179365,4011.8099431114174,3977.135553492043,3936.056555411411,4114.020740980157,3764.1706017851466,3958.6488376810817,3749.6434534503446,3833.0148740335826,3952.6142756457366
4108.4794763284535,4127.703135594637,4147.548359909742,4118.813289948535,4089.4547544132447,4009.2644732179365,4011.8099431114174,3977.135553492043,3936.056555411411,4114.020740980157,3764.1706017851466,3958.6488376810817,3749.6434534503446,3833.0148740335826,3952.6142756457366,3821.9591098691076
4127.703135594637,4147.548359909742,4118.813289948535,4089.4547544132447,4009.2644732179365,4011.8099431114174,3977.135553492043,3936.056555411411,4114.020740980157,3764.1706017851466,3958.6488376810817,3749.6434534503446,3833.0148740335826,3952.6142756457366,3821.9591098691076,3969.633081795042
4147.548359909742,4118.813289948535,4089.4547544132447,4009.2644732179365,4011.8099431114174,3977.135553492043,3936.056555411411,4114.020740980157,3764.1706017851466,3958.6488376810817,3749.6434534503446,3833.0148740335826,3952.6142756457366,3821.9591098691076,3969.633081795042,3711.324144439089
4118.813289948535,4089.4547544132447,4009.2644732179365,4011.8099431114174,3977.135553492043,3936.056555411411,4114.020740980157,3764.1706017851466,3958.6488376810817,3749.6434534503446,3833.0148740335826,3952.6142756457366,3821.9591098691076,3969.633081795042,3711.324144439089,3754.740314908853
4089.4547544132447,4009.2644732179365,4011.8099431114174,3977.135553492043,3936.056555411411,4114.020740980157,3764.1706017851466,3958.6488376810817,3749.6434534503446,3833.0148740335826,3952.6142756457366,3821.9591098691076,3969.633081795042,3711.324144439089,3754.740314908853,3698.277987443047
4009.2644732179365,4011.8099431114174,3977.135553492043,3936.056555411411,4114.020740980157,3764.1706017851466,3958.6488376810817,3749.6434534503446,3833.0148740335826,3952.6142756457366,3821.9591098691076,3969.633081795042,3711.324144439089,3754.740314908853,3698.277987443047,3740.4044407044325
4011.8099431114174,3977.135553492043,3936.056555411411,4114.020740980157,3764.1706017851466,3958.6488376810817,3749.6434534503446,3833.0148740335826,3952.6142756457366,3821.9591098691076,3969.633081795042,3711.324144439089,3754.740314908853,3698.277987443047,3740.4044407044325,3684.612737305331
3977.135553492043,3936.056555411411,4114.020740980157,3764.1706017851466,3958.6488376810817,3749.6434534503446,3833.0148740335826,3952.6142756457366,3821.9591098691076,3969.633081795042,3711.324144439089,3754.740314908853,3698.277987443047,3740.4044407044325,3684.612737305331,3654.8007775583064
3936.056555411411,4114.020740980157,3764.1706017851466,3958.6488376810817,3749.6434534503446,3833.0148740335826,3952.6142756457366,3821.9591098691076,3969.633081795042,3711.324144439089,3754.740314908853,3698.277987443047,3740.4044407044325,3684.612737305331,3654.8007775583064,3678.274587446978
4114.020740980157,3764.1706017851466,3958.6488376810817,3749.6434534503446,3833.0148740335826,3952.6142756457366,3821.9591098691076,3969.633081795042,3711.324144439089,3754.740314908853,3698.277987443047,3740.4044407044325,3684.612737305331,3654.8007775583064,3678.274587446978,3757.073816840098
3764.1706017851466,3958.6488376810817,3749.6434534503446,3833.0148740335826,3952.6142756457366,3821.9591098691076,3969.633081795042,3711.324144439089,3754.740314908853,3698.277987443047,3740.4044407044325,3684.612737305331,3654.8007775583064,3678.274587446978,3757.073816840098,3637.2189039756013
3958.6488376810817,3749.6434534503446,3833.0148740335826,3952.6142756457366,3821.9591098691076,3969.633081795042,3711.324144439089,3754.740314908853,3698.277987443047,3740.4044407044325,3684.612737305331,3654.8007775583064,3678.274587446978,3757.073816840098,3637.2189039756013,3603.667507069607
3749.6434534503446,3833.0148740335826,3952.6142756457366,3821.9591098691076,3969.633081795042,3711.324144439089,3754.740314908853,3698.277987443047,3740.4044407044325,3684.612737305331,3654.8007775583064,3678.274587446978,3757.073816840098,3637.2189039756013,3603.667507069607,3544.4241892415967
3833.0148740335826,3952.6142756457366,3821.9591098691076,3969.633081795042,3711.324144439089,3754.740314908853,3698.277987443047,3740.4044407044325,3684.612737305331,3654.8007775583064,3678.274587446978,3757.073816840098,3637.2189039756013,3603.667507069607,3544.4241892415967,3478.101411593367
3952.6142756457366,3821.9591098691076,3969.633081795042,3711.324144439089,3754.740314908853,3698.277987443047,3740.4044407044325,3684.612737305331,3654.8007775583064,3678.274587446978,3757.073816840098,3637.2189039756013,3603.667507069607,3544.4241892415967,3478.101411593367,3379.2959588059516
3821.9591098691076,3969.633081795042,3711.324144439089,3754.740314908853,3698.277987443047,3740.4044407044325,3684.612737305331,3654.8007775583064,3678.274587446978,3757.073816840098,3637.2189039756013,3603.667507069607,3544.4241892415967,3478.101411593367,3379.2959588059516,3394.695355137044
3969.633081795042,3711.324144439089,3754.740314908853,3698.277987443047,3740.4044407044325,3684.612737305331,3654.8007775583064,3678.274587446978,3757.073816840098,3637.2189039756013,3603.667507069607,3544.4241892415967,3478.101411593367,3379.2959588059516,3394.695355137044,3478.427953296149
3711.324144439089,3754.740314908853,3698.277987443047,3740.4044407044325,3684.612737305331,3654.8007775583064,3678.274587446978,3757.073816840098,3637.2189039756013,3603.667507069607,3544.4241892415967,3478.101411593367,3379.2959588059516,3394.695355137044,3478.427953296149,3257.95066268721
3754.740314908853,3698.277987443047,3740.4044407044325,3684.612737305331,3654.8007775583064,3678.274587446978,3757.073816840098,3637.2189039756013,3603.667507069607,3544.4241892415967,3478.101411593367,3379.2959588059516,3394.695355137044,3478.427953296149,3257.95066268721,3490.9643209429732
3698.277987443047,3740.4044407044325,3684.612737305331,3654.8007775583064,3678.274587446978,3757.073816840098,3637.2189039756013,3603.667507069607,3544.4241892415967,3478.101411593367,3379.2959588059516,3394.695355137044,3478.427953296149,3257.95066268721,3490.9643209429732,3357.7617199234937
3740.4044407044325,3684.612737305331,3654.8007775583064,3678.274587446978,3757.073816840098,3637.2189039756013,3603.667507069607,3544.4241892415967,3478.101411593367,3379.2959588059516,3394.695355137044,3478.427953296149,3257.95066268721,3490.9643209429732,3357.7617199234937,3280.570315339647
3684.612737305331,3654.8007775583064,3678.274587446978,3757.073816840098,3637.2189039756013,3603.667507069607,3544.4241892415967,3478.101411593367,3379.2959588059516,3394.695355137044,3478.427953296149,3257.95066268721,3490.9643209429732,3357.7617199234937,3280.570315339647,3294.7849864773198
3654.8007775583064,3678.274587446978,3757.073816840098,3637.2189039756013,3603.667507069607,3544.4241892415967,3478.101411593367,3379.2959588059516,3394.695355137044,3478.427953296149,3257.95066268721,3490.9643209429732,3357.7617199234937,3280.570315339647,3294.7849864773198,3390.4532101642967
3678.274587446978,3757.073816840098,3637.2189039756013,3603.667507069607,3544.4241892415967,3478.101411593367,3379.2959588059516,3394.695355137044,3478.427953296149,3257.95066268721,3490.9643209429732,3357.7617199234937,3280.570315339647,3294.7849864773198,3390.4532101642967,3336.1895901237567
3757.073816840098,3637.2189039756013,3603.667507069607,3544.4241892415967,3478.101411593367,3379.2959588059516,3394.695355137044,3478.427953296149,3257.95066268721,3490.9643209429732,3357.7617199234937,3280.570315339647,3294.7849864773198,3390.4532101642967,3336.1895901237567,3300.690475303008
3637.2189039756013,3603.667507069607,3544.4241892415967,3478.101411593367,3379.2959588059516,3394.695355137044,3478.427953296149,3257.95066268721,3490.9643209429732,3357.7617199234937,3280.570315339647,3294.7849864773198,3390.4532101642967,3336.1895901237567,3300.690475303008,3426.606334126178
3603.667507069607,3544.4241892415967,3478.101411593367,3379.2959588059516,3394.695355137044,3478.427953296149,3257.95066268721,3490.9643209429732,3357.7617199234937,3280.570315339647,3294.7849864773198,3390.4532101642967,3336.1895901237567,3300.690475303008,3426.606334126178,3460.6244180745853
3544.4241892415967,3478.101411593367,3379.2959588059516,3394.695355137044,3478.427953296149,3257.95066268721,3490.9643209429732,3357.7617199234937,3280.570315339647,3294.7849864773198,3390.4532101642967,3336.1895901237567,3300.690475303008,3426.606334126178,3460.6244180745853,3072.600288791934
3478.101411593367,3379.2959588059516,3394.695355137044,3478.427953296149,3257.95066268721,3490.9643209429732,3357.7617199234937,3280.570315339647,3294.7849864773198,3390.4532101642967,3336.1895901237567,3300.690475303008,3426.606334126178,3460.6244180745853,3072.600288791934,3265.7690845028856
3379.2959588059516,3394.695355137044,3478.427953296149,3257.95066268721,3490.9643209429732,3357.7617199234937,3280.570315339647,3294.7849864773198,3390.4532101642967,3336.1895901237567,3300.690475303008,3426.606334126178,3460.6244180745853,3072.600288791934,3265.7690845028856,3076.0085042009873
3394.695355137044,3478.427953296149,3257.95066268721,3490.9643209429732,3357.7617199234937,3280.570315339647,3294.7849864773198,3390.4532101642967,3336.1895901237567,3300.690475303008,3426.606334126178,3460.6244180745853,3072.600288791934,3265.7690845028856,3076.0085042009873,2989.944438429726
3478.427953296149,3257.95066268721,3490.9643209429732,3357.7617199234937,3280.570315339647,3294.7849864773198,3390.4532101642967,3336.1895901237567,3300.690475303008,3426.606334126178,3460.6244180745853,3072.600288791934,3265.7690845028856,3076.0085042009873,2989.944438429726,3050.9126723176782
3257.95066268721,3490.9643209429732,3357.7617199234937,3280.570315339647,3294.7849864773198,3390.4532101642967,3336.1895901237567,3300.690475303008,3426.606334126178,3460.6244180745853,3072.600288791934,3265.7690845028856,3076.0085042009873,2989.944438429726,3050.9126723176782,3181.5886638962297
3490.9643209429732,3357.7617199234937,3280.570315339647,3294.7849864773198,3390.4532101642967,3336.1895901237567,3300.690475303008,3426.606334126178,3460.6244180745853,3072.600288791934,3265.7690845028856,3076.0085042009873,2989.944438429726,3050.9126723176782,3181.5886638962297,3023.924941209247
3357.7617199234937,3280.570315339647,3294.7849864773198,3390.4532101642967,3336.1895901237567,3300.690475303008,3426.606334126178,3460.6244180745853,3072.600288791934,3265.7690845028856,3076.0085042009873,2989.944438429726,3050.9126723176782,3181.5886638962297,3023.924941209247,2982.720858612202
3280.570315339647,3294.7849864773198,3390.4532101642967,3336.1895901237567,3300.690475303008,3426.606334126178,3460.6244180745853,3072.600288791934,3265.7690845028856,3076.0085042009873,2989.944438429726,3050.9126723176782,3181.5886638962297,3023.924941209247,2982.720858612202,3147.6498788440954
3294.7849864773198,3390.4532101642967,3336.1895901237567,3300.690475303008,3426.606334126178,3460.6244180745853,3072.600288791934,3265.7690845028856,3076.0085042009873,2989.944438429726,3050.9126723176782,3181.5886638962297,3023.924941209247,2982.720858612202,3147.6498788440954,3033.0683915070754
3390.4532101642967,3336.1895901237567,3300.690475303008,3426.606334126178,3460.6244180745853,3072.600288791934,3265.7690845028856,3076.0085042009873,2989.944438429726,3050.9126723176782,3181.5886638962297,3023.924941209247,2982.720858612202,3147.6498788440954,3033.0683915070754,2949.4527548656
3336.1895901237567,3300.690475303008,3426.606334126178,3460.6244180745853,3072.600288791934,3265.7690845028856,3076.0085042009873,2989.944438429726,3050.9126723176782,3181.5886638962297,3023.924941209247,2982.720858612202,3147.6498788440954,3033.0683915070754,2949.4527548656,3115.2047010496844
3300.690475303008,3426.606334126178,3460.6244180745853,3072.600288791934,3265.7690845028856,3076.0085042009873,2989.944438429726,3050.9126723176782,3181.5886638962297,3023.924941209247,2982.720858612202,3147.6498788440954,3033.0683915070754,2949.4527548656,3115.2047010496844,2957.420369051435
3426.606334126178,3460.6244180745853,3072.600288791934,3265.7690845028856,3076.0085042009873,2989.944438429726,3050.9126723176782,3181.5886638962297,3023.924941209247,2982.720858612202,3147.6498788440954,3033.0683915070754,2949.4527548656,3115.2047010496844,2957.420369051435,2810.6836981154847
3460.6244180745853,3072.600288791934,3265.7690845028856,3076.0085042009873,2989.944438429726,3050.9126723176782,3181.5886638962297,3023.924941209247,2982.720858612202,3147.6498788440954,3033.0683915070754,2949.4527548656,3115.2047010496844,2957.420369051435,2810.6836981154847,2749.5916639790407
3072.600288791934,3265.7690845028856,3076.0085042009873,2989.944438429726,3050.9126723176782,3181.5886638962297,3023.924941209247,2982.720858612202,3147.6498788440954,3033.0683915070754,2949.4527548656,3115.2047010496844,2957.420369051435,2810.6836981154847,2749.5916639790407,2791.7148960762884
3265.7690845028856,3076.0085042009873,2989.944438429726,3050.9126723176782,3181.5886638962297,3023.924941209247,2982.720858612202,3147.6498788440954,3033.0683915070754,2949.4527548656,3115.2047010496844,2957.420369051435,2810.6836981154847,2749.5916639790407,2791.7148960762884,2826.1423718731166
3076.0085042009873,2989.944438429726,3050.9126723176782,3181.5886638962297,3023.924941209247,2982.720858612202,3147.6498788440954,3033.0683915070754,2949.4527548656,3115.2047010496844,2957.420369051435,2810.6836981154847,2749.5916639790407,2791.7148960762884,2826.1423718731166,2878.7897859270365
2989.944438429726,3050.9126723176782,3181.5886638962297,3023.924941209247,2982.720858612202,3147.6498788440954,3033.0683915070754,2949.4527548656,3115.2047010496844,2957.420369051435,2810.6836981154847,2749.5916639790407,2791.7148960762884,2826.1423718731166,2878.7897859270365,2844.1368943426346
3050.9126723176782,3181.5886638962297,3023.924941209247,2982.720858612202,3147.6498788440954,3033.0683915070754,2949.4527548656,3115.2047010496844,2957.420369051435,2810.6836981154847,2749.5916639790407,2791.7148960762884,2826.1423718731166,2878.7897859270365,2844.1368943426346,2745.6826706617753
3181.5886638962297,3023.924941209247,2982.720858612202,3147.6498788440954,3033.0683915070754,2949.4527548656,3115.2047010496844,2957.420369051435,2810.6836981154847,2749.5916639790407,2791.7148960762884,2826.1423718731166,2878.7897859270365,2844.1368943426346,2745.6826706617753,2591.1649893510917
3023.924941209247,2982.720858612202,3147.6498788440954,3033.0683915070754,2949.4527548656,3115.2047010496844,2957.420369051435,2810.6836981154847,2749.5916639790407,2791.7148960762884,2826.1423718731166,2878.7897859270365,2844.1368943426346,2745.6826706617753,2591.1649893510917,2777.350872629724
2982.720858612202,3147.6498788440954,3033.0683915070754,2949.4527548656,3115.2047010496844,2957.420369051435,2810.6836981154847,2749.5916639790407,2791.7148960762884,2826.1423718731166,2878.7897859270365,2844.1368943426346,2745.6826706617753,2591.1649893510917,2777.350872629724,2667.922384479051
3147.6498788440954,3033.0683915070754,2949.4527548656,3115.2047010496844,2957.420369051435,2810.6836981154847,2749.5916639790407,2791.7148960762884,2826.1423718731166,2878.7897859270365,2844.1368943426346,2745.6826706617753,2591.1649893510917,2777.350872629724,2667.922384479051,2523.486412001604
3033.0683915070754,2949.4527548656,3115.2047010496844,2957.420369051435,2810.6836981154847,2749.5916639790407,2791.7148960762884,2826.1423718731166,2878.7897859270365,2844.1368943426346,2745.6826706617753,2591.1649893510917,2777.350872629724,2667.922384479051,2523.486412001604,2483.8347986312806
2949.4527548656,3115.2047010496844,2957.420369051435,2810.6836981154847,2749.5916639790407,2791.7148960762884,2826.1423718731166,2878.7897859270365,2844.1368943426346,2745.6826706617753,2591.1649893510917,2777.350872629724,2667.922384479051,2523.486412001604,2483.8347986312806,2605.1015396273683
3115.2047010496844,2957.420369051435,2810.6836981154847,2749.5916639790407,2791.7148960762884,2826.1423718731166,2878.7897859270365,2844.1368943426346,2745.6826706617753,2591.1649893510917,2777.350872629724,2667.922384479051,2523.486412001604,2483.8347986312806,2605.1015396273683,2592.6078525627604
2957.420369051435,2810.6836981154847,2749.5916639790407,2791.7148960762884,2826.1423718731166,2878.7897859270365,2844.1368943426346,2745.6826706617753,2591.1649893510917,2777.350872629724,2667.922384479051,2523.486412001604,2483.8347986312806,2605.1015396273683,2592.6078525627604,2614.71218039699
2810.6836981154847,2749.5916639790407,2791.7148960762884,2826.1423718731166,2878.7897859270365,2844.1368943426346,2745.6826706617753,2591.1649893510917,2777.350872629724,2667.922384479051,2523.486412001604,2483.8347986312806,2605.1015396273683,2592.6078525627604,2614.71218039699,2385.416561567933
2749.5916639790407,2791.7148960762884,2826.1423718731166,2878.7897859270365,2844.1368943426346,2745.6826706617753,2591.1649893510917,2777.350872629724,2667.922384479051,2523.486412001604,2483.8347986312806,2605.1015396273683,2592.6078525627604,2614.71218039699,2385.416561567933,2676.5993158536144
2791.7148960762884,2826.1423718731166,2878.7897859270365,2844.1368943426346,2745.6826706617753,2591.1649893510917,2777.350872629724,2667.922384479051,2523.486412001604,2483.8347986312806,2605.1015396273683,2592.6078525627604,2614.71218039699,2385.416561567933,2676.5993158536144,2276.2349608848217
2826.1423718731166,2878.7897859270365,2844.1368943426346,2745.6826706617753,2591.1649893510917,2777.350872629724,2667.922384479051,2523.486412001604,2483.8347986312806,2605.1015396273683,2592.6078525627604,2614.71218039699,2385.416561567933,2676.5993158536144,2276.2349608848217,2430.9554692546385
2878.7897859270365,2844.1368943426346,2745.6826706617753,2591.1649893510917,2777.350872629724,2667.922384479051,2523.486412001604,2483.8347986312806,2605.1015396273683,2592.6078525627604,2614.71218039699,2385.416561567933,2676.5993158536144,2276.2349608848217,2430.9554692546385,2545.9216977533515
2844.1368943426346,2745.6826706617753,2591.1649893510917,2777.350872629724,2667.922384479051,2523.486412001604,2483.8347986312806,2605.1015396273683,2592.6078525627604,2614.71218039699,2385.416561567933,2676.5993158536144,2276.2349608848217,2430.9554692546385,2545.9216977533515,2492.013472951349
2745.6826706617753,2591.1649893510917,2777.350872629724,2667.922384479051,2523.486412001604,2483.8347986312806,2605.1015396273683,2592.6078525627604,2614.71218039699,2385.416561567933,2676.5993158536144,2276.2349608848217,2430.9554692546385,2545.9216977533515,2492.013472951349,2267.038991633942
2591.1649893510917,2777.350872629724,2667.922384479051,2523.486412001604,2483.8347986312806,2605.1015396273683,2592.6078525627604,2614.71218039699,2385.416561567933,2676.5993158536144,2276.2349608848217,2430.9554692546385,2545.9216977533515,2492.013472951349,2267.038991633942,2401.371472243025
2777.350872629724,2667.922384479051,2523.486412001604,2483.8347986312806,2605.1015396273683,2592.6078525627604,2614.71218039699,2385.416561567933,2676.5993158536144,2276.2349608848217,2430.9554692546385,2545.9216977533515,2492.013472951349,2267.038991633942,2401.371472243025,2440.652209705256
2667.922384479051,2523.486412001604,2483.8347986312806,2605.1015396273683,2592.6078525627604,2614.71218039699,2385.416561567933,2676.5993158536144,2276.2349608848217,2430.9554692546385,2545.9216977533515,2492.013472951349,2267.038991633942,2401.371472243025,2440.652209705256,2367.913615879117
2523.486412001604,2483.8347986312806,2605.1015396273683,2592.6078525627604,2614.71218039699,2385.416561567933,2676.5993158536144,2276.2349608848217,2430.9554692546385,2545.9216977533515,2492.013472951349,2267.038991633942,2401.371472243025,2440.652209705256,2367.913615879117,2171.6235124089403
2483.8347986312806,2605.1015396273683,2592.6078525627604,2614.71218039699,2385.416561567933,2676.5993158536144,2276.2349608848217,2430.9554692546385,2545.9216977533515,2492.013472951349,2267.038991633942,2401.371472243025,2440.652209705256,2367.913615879117,2171.6235124089403,2416.045073636035
2605.1015396273683,2592.6078525627604,2614.71218039699,2385.416561567933,2676.5993158536144,2276.2349608848217,2430.9554692546385,2545.9216977533515,2492.013472951349,2267.038991633942,2401.371472243025,2440.652209705256,2367.913615879117,2171.6235124089403,2416.045073636035,2061.409898201491
2592.6078525627604,2614.71218039699,2385.416561567933,2676.5993158536144,2276.2349608848217,2430.9554692546385,2545.9216977533515,2492.013472951349,2267.038991633942,2401.371472243025,2440.652209705256,2367.913615879117,2171.6235124089403,2416.045073636035,2061.409898201491,2207.3675280066286
2614.71218039699,2385.416561567933,2676.5993158536144,2276.2349608848217,2430.9554692546385,2545.9216977533515,2492.013472951349,2267.038991633942,2401.371472243025,2440.652209705256,2367.913615879117,2171.6235124089403,2416.045073636035,2061.409898201491,2207.3675280066286,2073.041472451955
2385.416561567933,2676.5993158536144,2276.2349608848217,2430.9554692546385,2545.9216977533515,2492.013472951349,2267.038991633942,2401.371472243025,2440.652209705256,2367.913615879117,2171.6235124089403,2416.045073636035,2061.409898201491,2207.3675280066286,2073.041472451955,2115.820817836353
2676.5993158536144,2276.2349608848217,2430.9554692546385,2545.9216977533515,2492.013472951349,2267.038991633942,2401.371472243025,2440.652209705256,2367.913615879117,2171.6235124089403,2416.045073636035,2061.409898201491,2207.3675280066286,2073.041472451955,2115.820817836353,2103.9458086809173
2276.2349608848217,2430.9554692546385,2545.9216977533515,2492.013472951349,2267.038991633942,2401.371472243025,2440.652209705256,2367.913615879117,2171.6235124089403,2416.045073636035,2061.409898201491,2207.3675280066286,2073.041472451955,2115.820817836353,2103.9458086809173,2166.1809432596147
2430.9554692546385,2545.9216977533515,2492.013472951349,2267.038991633942,2401.371472243025,2440.652209705256,2367.913615879117,2171.6235124089403,2416.045073636035,2061.409898201491,2207.3675280066286,2073.041472451955,2115.820817836353,2103.9458086809173,2166.1809432596147,1967.5078215681222
2545.9216977533515,2492.013472951349,2267.038991633942,2401.371472243025,2440.652209705256,2367.913615879117,2171.6235124089403,2416.045073636035,2061.409898201491,2207.3675280066286,2073.041472451955,2115.820817836353,2103.9458086809173,2166.1809432596147,1967.5078215681222,2096.1928991096297
2492.013472951349,2267.038991633942,2401.371472243025,2440.652209705256,2367.913615879117,2171.6235124089403,2416.045073636035,2061.409898201491,2207.3675280066286,2073.041472451955,2115.820817836353,2103.9458086809173,2166.1809432596147,1967.5078215681222,2096.1928991096297,2184.5293313967363
2267.038991633942,2401.371472243025,2440.652209705256,2367.913615879117,2171.6235124089403,2416.045073636035,2061.409898201491,2207.3675280066286,2073.041472451955,2115.820817836353,2103.9458086809173,2166.1809432596147,1967.5078215681222,2096.1928991096297,2184.5293313967363,2041.7122705255738
2401.371472243025,2440.652209705256,2367.913615879117,2171.6235124089403,2416.045073636035,2061.409898201491,2207.3675280066286,2073.041472451955,2115.820817836353,2103.9458086809173,2166.1809432596147,1967.5078215681222,2096.1928991096297,2184.5293313967363,2041.7122705255738,2068.713916084467
2440.652209705256,2367.913615879117,2171.6235124089403,2416.045073636035,2061.409898201491,2207.3675280066286,2073.041472451955,2115.820817836353,2103.9458086809173,2166.1809432596147,1967.5078215681222,2096.1928991096297,2184.5293313967363,2041.7122705255738,2068.713916084467,2037.7993394233952
2367.913615879117,2171.6235124089403,2416.045073636035,2061.409898201491,2207.3675280066286,2073.041472451955,2115.820817836353,2103.9458086809173,2166.1809432596147,1967.5078215681222,2096.1928991096297,2184.5293313967363,2041.7122705255738,2068.713916084467,2037.7993394233952,1900.098510910124
2171.6235124089403,2416.045073636035,2061.409898201491,2207.3675280066286,2073.041472451955,2115.820817836353,2103.9458086809173,2166.1809432596147,1967.5078215681222,2096.1928991096297,2184.5293313967363,2041.7122705255738,2068.713916084467,2037.7993394233952,1900.098510910124,1919.0358368187315
2416.045073636035,2061.409898201491,2207.3675280066286,2073.041472451955,2115.820817836353,2103.9458086809173,2166.1809432596147,1967.5078215681222,2096.1928991096297,2184.5293313967363,2041.7122705255738,2068.713916084467,2037.7993394233952,1900.098510910124,1919.0358368187315,1942.6813200310514
2061.409898201491,2207.3675280066286,2073.041472451955,2115.820817836353,2103.9458086809173,2166.1809432596147,1967.5078215681222,2096.1928991096297,2184.5293313967363,2041.7122705255738,2068.713916084467,2037.7993394233952,1900.098510910124,1919.0358368187315,1942.6813200310514,1967.711112575137
2207.3675280066286,2073.041472451955,2115.820817836353,2103.9458086809173,2166.1809432596147,1967.5078215681222,2096.1928991096297,2184.5293313967363,2041.7122705255738,2068.713916084467,2037.7993394233952,1900.098510910124,1919.0358368187315,1942.6813200310514,1967.711112575137,2106.5298362341596
2073.041472451955,2115.820817836353,2103.9458086809173,2166.1809432596147,1967.5078215681222,2096.1928991096297,2184.5293313967363,2041.7122705255738,2068.713916084467,2037.7993394233952,1900.098510910124,1919.0358368187315,1942.6813200310514,1967.711112575137,2106.5298362341596,2048.72580801057
2115.820817836353,2103.9458086809173,2166.1809432596147,1967.5078215681222,2096.1928991096297,2184.5293313967363,2041.7122705255738,2068.713916084467,2037.7993394233952,1900.098510910124,1919.0358368187315,1942.6813200310514,1967.711112575137,2106.5298362341596,2048.72580801057,1819.8838005056148
2103.9458086809173,2166.1809432596147,1967.5078215681222,2096.1928991096297,2184.5293313967363,2041.7122705255738,2068.713916084467,2037.7993394233952,1900.098510910124,1919.0358368187315,1942.6813200310514,1967.711112575137,2106.5298362341596,2048.72580801057,1819.8838005056148,1806.3456927758655
2166.1809432596147,1967.5078215681222,2096.1928991096297,2184.5293313967363,2041.7122705255738,2068.713916084467,2037.7993394233952,1900.098510910124,1919.0358368187315,1942.6813200310514,1967.711112575137,2106.5298362341596,2048.72580801057,1819.8838005056148,1806.3456927758655,1731.0448092259876
1967.5078215681222,2096.1928991096297,2184.5293313967363,2041.7122705255738,2068.713916084467,2037.7993394233952,1900.098510910124,1919.0358368187315,1942.6813200310514,1967.711112575137,2106.5298362341596,2048.72580801057,1819.8838005056148,1806.3456927758655,1731.0448092259876,1583.7554114377363
2096.1928991096297,2184.5293313967363,2041.7122705255738,2068.713916084467,2037.7993394233952,1900.098510910124,1919.0358368187315,1942.6813200310514,1967.711112575137,2106.5298362341596,2048.72580801057,1819.8838005056148,1806.3456927758655,1731.0448092259876,1583.7554114377363,1933.3723180208463
2184.5293313967363,2041.7122705255738,2068.713916084467,2037.7993394233952,1900.098510910124,1919.0358368187315,1942.6813200310514,1967.711112575137,2106.5298362341596,2048.72580801057,1819.8838005056148,1806.3456927758655,1731.0448092259876,1583.7554114377363,1933.3723180208463,1839.2709989343768
2041.7122705255738,2068.713916084467,2037.7993394233952,1900.098510910124,1919.0358368187315,1942.6813200310514,1967.711112575137,2106.5298362341596,2048.72580801057,1819.8838005056148,1806.3456927758655,1731.0448092259876,1583.7554114377363,1933.3723180208463,1839.2709989343768,1574.030240768157
2068.713916084467,2037.7993394233952,1900.098510910124,1919.0358368187315,1942.6813200310514,1967.711112575137,2106.5298362341596,2048.72580801057,1819.8838005056148,1806.3456927758655,1731.0448092259876,1583.7554114377363,1933.3723180208463,1839.2709989343768,1574.030240768157,1757.232645742517
2037.7993394233952,1900.098510910124,1919.0358368187315,1942.6813200310514,1967.711112575137,2106.5298362341596,2048.72580801057,1819.8838005056148,1806.3456927758655,1731.0448092259876,1583.7554114377363,1933.3723180208463,1839.2709989343768,1574.030240768157,1757.232645742517,1979.537479535436
1900.098510910124,1919.0358368187315,1942.6813200310514,1967.711112575137,2106.5298362341596,2048.72580801057,1819.8838005056148,1806.3456927758655,1731.0448092259876,1583.7554114377363,1933.3723180208463,1839.2709989343768,1574.030240768157,1757.232645742517,1979.537479535436,1777.0549798873517
1919.0358368187315,1942.6813200310514,1967.711112575137,2106.5298362341596,2048.72580801057,1819.8838005056148,1806.3456927758655,1731.0448092259876,1583.7554114377363,1933.3723180208463,1839.2709989343768,1574.030240768157,1757.232645742517,1979.537479535436,1777.0549798873517,1765.3246637107914
1942.6813200310514,1967.711112575137,2106.5298362341596,2048.72580801057,1819.8838005056148,1806.3456927758655,1731.0448092259876,1583.7554114377363,1933.3723180208463,1839.2709989343768,1574.030240768157,1757.232645742517,1979.537479535436,1777.0549798873517,1765.3246637107914,1721.8338806857316
1967.711112575137,2106.5298362341596,2048.72580801057,1819.8838005056148,1806.3456927758655,1731.0448092259876,1583.7554114377363,1933.3723180208463,1839.2709989343768,1574.030240768157,1757.232645742517,1979.537479535436,1777.0549798873517,1765.3246637107914,1721.8338806857316,1611.0196028985251
2106.5298362341596,2048.72580801057,1819.8838005056148,1806.3456927758655,1731.0448092259876,1583.7554114377363,1933.3723180208463,1839.2709989343768,1574.030240768157,1757.232645742517,1979.537479535436,1777.0549798873517,1765.3246637107914,1721.8338806857316,1611.0196028985251,1557.6585528824155
2048.72580801057,1819.8838005056148,1806.3456927758655,1731.0448092259876,1583.7554114377363,1933.3723180208463,1839.2709989343768,1574.030240768157,1757.232645742517,1979.537479535436,1777.0549798873517,1765.3246637107914,1721.8338806857316,1611.0196028985251,1557.6585528824155,1579.9602921381095
1819.8838005056148,1806.3456927758655,1731.0448092259876,1583.7554114377363,1933.3723180208463,1839.2709989343768,1574.030240768157,1757.232645742517,1979.537479535436,1777.0549798873517,1765.3246637107914,1721.8338806857316,1611.0196028985251,1557.6585528824155,1579.9602921381095,1667.295811780216
1806.3456927758655,1731.0448092259876,1583.7554114377363,1933.3723180208463,1839.2709989343768,1574.030240768157,1757.232645742517,1979.537479535436,1777.0549798873517,1765.3246637107914,1721.8338806857316,1611.0196028985251,1557.6585528824155,1579.9602921381095,1667.295811780216,1616.890207775103
1731.0448092259876,1583.7554114377363,1933.3723180208463,1839.2709989343768,1574.030240768157,1757.232645742517,1979.537479535436,1777.0549798873517,1765.3246637107914,1721.8338806857316,1611.0196028985251,1557.6585528824155,1579.9602921381095,1667.295811780216,1616.890207775103,1700.9040405029941
1583.7554114377363,1933.3723180208463,1839.2709989343768,1574.030240768157,1757.232645742517,1979.537479535436,1777.0549798873517,1765.3246637107914,1721.8338806857316,1611.0196028985251,1557.6585528824155,1579.9602921381095,1667.295811780216,1616.890207775103,1700.9040405029941,1798.048427348825
1933.3723180208463,1839.2709989343768,1574.030240768157,1757.232645742517,1979.537479535436,1777.0549798873517,1765.3246637107914,1721.8338806857316,1611.0196028985251,1557.6585528824155,1579.9602921381095,1667.295811780216,1616.890207775103,1700.9040405029941,1798.048427348825,1670.5577963367273
1839.2709989343768,1574.030240768157,1757.232645742517,1979.537479535436,1777.0549798873517,1765.3246637107914,1721.8338806857316,1611.0196028985251,1557.6585528824155,1579.9602921381095,1667.295811780216,1616.890207775103,1700.9040405029941,1798.048427348825,1670.5577963367273,1685.798756461624
1574.030240768157,1757.232645742517,1979.537479535436,1777.0549798873517,1765.3246637107914,1721.8338806857316,1611.0196028985251,1557.6585528824155,1579.9602921381095,1667.295811780216,1616.890207775103,1700.9040405029941,1798.048427348825,1670.5577963367273,1685.798756461624,1556.236036228216
1757.232645742517,1979.537479535436,1777.0549798873517,1765.3246637107914,1721.8338806857316,1611.0196028985251,1557.6585528824155,1579.9602921381095,1667.295811780216,1616.890207775103,1700.9040405029941,1798.048427348825,1670.5577963367273,1685.798756461624,1556.236036228216,1452.1250657028472
1979.537479535436,1777.0549798873517,1765.3246637107914,1721.8338806857316,1611.0196028985251,1557.6585528824155,1579.9602921381095,1667.295811780216,1616.890207775103,1700.9040405029941,1798.048427348825,1670.5577963367273,1685.798756461624,1556.236036228216,1452.1250657028472,1793.963378569882
1777.0549798873517,1765.3246637107914,1721.8338806857316,1611.0196028985251,1557.6585528824155,1579.9602921381095,1667.295811780216,1616.890207775103,1700.9040405029941,1798.048427348825,1670.5577963367273,1685.798756461624,1556.236036228216,1452.1250657028472,1793.963378569882,1640.4773920318034
1765.3246637107914,1721.8338806857316,1611.0196028985251,1557.6585528824155,1579.9602921381095,1667.295811780216,1616.890207775103,1700.9040405029941,1798.048427348825,1670.5577963367273,1685.798756461624,1556.236036228216,1452.1250657028472,1793.963378569882,1640.4773920318034,1679.3320463306202
1721.8338806857316,1611.0196028985251,1557.6585528824155,1579.9602921381095,1667.295811780216,1616.890207775103,1700.9040405029941,1798.048427348825,1670.5577963367273,1685.798756461624,1556.236036228216,1452.1250657028472,1793.963378569882,1640.4773920318034,1679.3320463306202,1514.3824718470312
1611.0196028985251,1557.6585528824155,1579.9602921381095,1667.295811780216,1616.890207775103,1700.9040405029941,1798.048427348825,1670.5577963367273,1685.798756461624,1556.236036228216,1452.1250657028472,1793.963378569882,1640.4773920318034,1679.3320463306202,1514.3824718470312,1373.925186079925
1557.6585528824155,1579.9602921381095,1667.295811780216,1616.890207775103,1700.9040405029941,1798.048427348825,1670.5577963367273,1685.798756461624,1556.236036228216,1452.1250657028472,1793.963378569882,1640.4773920318034,1679.3320463306202,1514.3824718470312,1373.925186079925,1673.118146615126
1579.9602921381095,1667.295811780216,1616.890207775103,1700.9040405029941,1798.048427348825,1670.5577963367273,1685.798756461624,1556.236036228216,1452.1250657028472,1793.963378569882,1640.4773920318034,1679.3320463306202,1514.3824718470312,1373.925186079925,1673.118146615126,1315.3929808745622
1667.295811780216,1616.890207775103,1700.9040405029941,1798.048427348825,1670.5577963367273,1685.798756461624,1556.236036228216,1452.1250657028472,1793.963378569882,1640.4773920318034,1679.3320463306202,1514.3824718470312,1373.925186079925,1673.118146615126,1315.3929808745622,1511.197217502492
1616.890207775103,1700.9040405029941,1798.048427348825,1670.5577963367273,1685.798756461624,1556.236036228216,1452.1250657028472,1793.963378569882,1640.4773920318034,1679.3320463306202,1514.3824718470312,1373.925186079925,1673.118146615126,1315.3929808745622,1511.197217502492,1468.810384207396
1700.9040405029941,1798.048427348825,1670.5577963367273,1685.798756461624,1556.236036228216,1452.1250657028472,1793.963378569882,1640.4773920318034,1679.3320463306202,1514.3824718470312,1373.925186079925,1673.118146615126,1315.3929808745622,1511.197217502492,1468.810384207396,1540.8893910419363
1798.048427348825,1670.5577963367273,1685.798756461624,1556.236036228216,1452.1250657028472,1793.963378569882,1640.4773920318034,1679.3320463306202,1514.3824718470312,1373.925186079925,1673.118146615126,1315.3929808745622,1511.197217502492,1468.810384207396,1540.8893910419363,1596.3987504904426
1670.5577963367273,1685.798756461624,1556.236036228216,1452.1250657028472,1793.963378569882,1640.4773920318034,1679.3320463306202,1514.3824718470312,1373.925186079925,1673.118146615126,1315.3929808745622,1511.197217502492,1468.810384207396,1540.8893910419363,1596.3987504904426,1593.738326493142
1685.798756461624,1556.236036228216,1452.1250657028472,1793.963378569882,1640.4773920318034,1679.3320463306202,1514.3824718470312,1373.925186079925,1673.118146615126,1315.3929808745622,1511.197217502492,1468.810384207396,1540.8893910419363,1596.3987504904426,1593.738326493142,1294.3135850241065
1556.236036228216,1452.1250657028472,1793.963378569882,1640.4773920318034,1679.3320463306202,1514.3824718470312,1373.925186079925,1673.118146615126,1315.3929808745622,1511.197217502492,1468.810384207396,1540.8893910419363,1596.3987504904426,1593.738326493142,1294.3135850241065,1604.6663170161637
1452.1250657028472,1793.963378569882,1640.4773920318034,1679.3320463306202,1514.3824718470312,1373.925186079925,1673.118146615126,1315.3929808745622,1511.197217502492,1468.810384207396,1540.8893910419363,1596.3987504904426,1593.738326493142,1294.3135850241065,1604.6663170161637,1308.814021651837
1793.963378569882,1640.4773920318034,1679.3320463306202,1514.3824718470312,1373.925186079925,1673.118146615126,1315.3929808745622,1511.197217502492,1468.810384207396,1540.8893910419363,1596.3987504904426,1593.738326493142,1294.3135850241065,1604.6663170161637,1308.814021651837,1568.2393030608475
1640.4773920318034,1679.3320463306202,1514.3824718470312,1373.925186079925,1673.118146615126,1315.3929808745622,1511.197217502492,1468.810384207396,1540.8893910419363,1596.3987504904426,1593.738326493142,1294.3135850241065,1604.6663170161637,1308.814021651837,1568.2393030608475,1453.7654064112585
1679.3320463306202,1514.3824718470312,1373.925186079925,1673.118146615126,1315.3929808745622,1511.197217502492,1468.810384207396,1540.8893910419363,1596.3987504904426,1593.738326493142,1294.3135850241065,1604.6663170161637,1308.814021651837,1568.2393030608475,1453.7654064112585,1381.9535317916266
1514.3824718470312,1373.925186079925,1673.118146615126,1315.3929808745622,1511.197217502492,1468.810384207396,1540.8893910419363,1596.3987504904426,1593.738326493142,1294.3135850241065,1604.6663170161637,1308.814021651837,1568.2393030608475,1453.7654064112585,1381.9535317916266,1442.7729705309268
1373.925186079925,1673.118146615126,1315.3929808745622,1511.197217502492,1468.810384207396,1540.8893910419363,1596.3987504904426,1593.738326493142,1294.3135850241065,1604.6663170161637,1308.814021651837,1568.2393030608475,1453.7654064112585,1381.9535317916266,1442.7729705309268,1362.347457560927
1673.118146615126,1315.3929808745622,1511.197217502492,1468.810384207396,1540.8893910419363,1596.3987504904426,1593.738326493142,1294.3135850241065,1604.6663170161637,1308.814021651837,1568.2393030608475,1453.7654064112585,1381.9535317916266,1442.7729705309268,1362.347457560927,1495.4047727922214
1315.3929808745622,1511.197217502492,1468.810384207396,1540.8893910419363,1596.3987504904426,1593.738326493142,1294.3135850241065,1604.6663170161637,1308.814021651837,1568.2393030608475,1453.7654064112585,1381.9535317916266,1442.7729705309268,1362.347457560927,1495.4047727922214,1592.8532596069288
1511.197217502492,1468.810384207396,1540.8893910419363,1596.3987504904426,1593.738326493142,1294.3135850241065,1604.6663170161637,1308.814021651837,1568.2393030608475,1453.7654064112585,1381.9535317916266,1442.7729705309268,1362.347457560927,1495.4047727922214,1592.8532596069288,1579.8575946682934
1468.810384207396,1540.8893910419363,1596.3987504904426,1593.738326493142,1294.3135850241065,1604.6663170161637,1308.814021651837,1568.2393030608475,1453.7654064112585,1381.9535317916266,1442.7729705309268,1362.347457560927,1495.4047727922214,1592.8532596069288,1579.8575946682934,1504.6572335837814
1540.8893910419363,1596.3987504904426,1593.738326493142,1294.3135850241065,1604.6663170161637,1308.814021651837,1568.2393030608475,1453.7654064112585,1381.9535317916266,1442.7729705309268,1362.347457560927,1495.4047727922214,1592.8532596069288,1579.8575946682934,1504.6572335837814,1613.9237237331251
1596.3987504904426,1593.738326493142,1294.3135850241065,1604.6663170161637,1308.814021651837,1568.2393030608475,1453.7654064112585,1381.9535317916266,1442.7729705309268,1362.347457560927,1495.4047727922214,1592.8532596069288,1579.8575946682934,1504.6572335837814,1613.9237237331251,1556.0199479755263
1593.738326493142,1294.3135850241065,1604.6663170161637,1308.814021651837,1568.2393030608475,1453.7654064112585,1381.9535317916266,1442.7729705309268,1362.347457560927,1495.4047727922214,1592.8532596069288,1579.8575946682934,1504.6572335837814,1613.9237237331251,1556.0199479755263,1726.7094582684708
1294.3135850241065,1604.6663170161637,1308.814021651837,1568.2393030608475,1453.7654064112585,1381.9535317916266,1442.7729705309268,1362.347457560927,1495.4047727922214,1592.8532596069288,1579.8575946682934,1504.6572335837814,1613.9237237331251,1556.0199479755263,1726.7094582684708,1563.7643170020167
1604.6663170161637,1308.814021651837,1568.2393030608475,1453.7654064112585,1381.9535317916266,1442.7729705309268,1362.347457560927,1495.4047727922214,1592.8532596069288,1579.8575946682934,1504.6572335837814,1613.9237237331251,1556.0199479755263,1726.7094582684708,1563.7643170020167,1454.531308568654
1308.814021651837,1568.2393030608475,1453.7654064112585,1381.9535317916266,1442.7729705309268,1362.347457560927,1495.4047727922214,1592.8532596069288,1579.8575946682934,1504.6572335837814,1613.9237237331251,1556.0199479755263,1726.7094582684708,1563.7643170020167,1454.531308568654,1489.7739405389639
1568.2393030608475,1453.7654064112585,1381.9535317916266,1442.7729705309268,1362.347457560927,1495.4047727922214,1592.8532596069288,1579.8575946682934,1504.6572335837814,1613.9237237331251,1556.0199479755263,1726.7094582684708,1563.7643170020167,1454.531308568654,1489.7739405389639,1446.7673314025867
1453.7654064112585,1381.9535317916266,1442.7729705309268,1362.347457560927,1495.4047727922214,1592.8532596069288,1579.8575946682934,1504.6572335837814,1613.9237237331251,1556.0199479755263,1726.7094582684708,1563.7643170020167,1454.531308568654,1489.7739405389639,1446.7673314025867,1499.3609834221945
1381.9535317916266,1442.7729705309268,1362.347457560927,1495.4047727922214,1592.8532596069288,1579.8575946682934,1504.6572335837814,1613.9237237331251,1556.0199479755263,1726.7094582684708,1563.7643170020167,1454.531308568654,1489.7739405389639,1446.7673314025867,1499.3609834221945,1519.8161588029839
1442.7729705309268,1362.347457560927,1495.4047727922214,1592.8532596069288,1579.8575946682934,1504.6572335837814,1613.9237237331251,1556.0199479755263,1726.7094582684708,1563.7643170020167,1454.531308568654,1489.7739405389639,1446.7673314025867,1499.3609834221945,1519.8161588029839,1610.125372060374
1362.347457560927,1495.4047727922214,1592.8532596069288,1579.8575946682934,1504.6572335837814,1613.9237237331251,1556.0199479755263,1726.7094582684708,1563.7643170020167,1454.531308568654,1489.7739405389639,1446.7673314025867,1499.3609834221945,1519.8161588029839,1610.125372060374,1626.1610039196419
1495.4047727922214,1592.8532596069288,1579.8575946682934,1504.6572335837814,1613.9237237331251,1556.0199479755263,1726.7094582684708,1563.7643170020167,1454.531308568654,1489.7739405389639,1446.7673314025867,1499.3609834221945,1519.8161588029839,1610.125372060374,1626.1610039196419,1559.0534491065685
1592.8532596069288,1579.8575946682934,1504.6572335837814,1613.9237237331251,1556.0199479755263,1726.7094582684708,1563.7643170020167,1454.531308568654,1489.7739405389639,1446.7673314025867,1499.3609834221945,1519.8161588029839,1610.125372060374,1626.1610039196419,1559.0534491065685,1604.0846969325423
1579.8575946682934,1504.6572335837814,1613.9237237331251,1556.0199479755263,1726.7094582684708,1563.7643170020167,1454.531308568654,1489.7739405389639,1446.7673314025867,1499.3609834221945,1519.8161588029839,1610.125372060374,1626.1610039196419,1559.0534491065685,1604.0846969325423,1493.6664266544306
1504.6572335837814,1613.9237237331251,1556.0199479755263,1726.7094582684708,1563.7643170020167,1454.531308568654,1489.7739405389639,1446.7673314025867,1499.3609834221945,1519.8161588029839,1610.125372060374,1626.1610039196419,1559.0534491065685,1604.0846969325423,1493.6664266544306,1520.9046198117874
1613.9237237331251,1556.0199479755263,1726.7094582684708,1563.7643170020167,1454.531308568654,1489.7739405389639,1446.7673314025867,1499.3609834221945,1519.8161588029839,1610.125372060374,1626.1610039196419,1559.0534491065685,1604.0846969325423,1493.6664266544306,1520.9046198117874,1334.7403935559973
1556.0199479755263,1726.7094582684708,1563.7643170020167,1454.531308568654,1489.7739405389639,1446.7673314025867,1499.3609834221945,1519.8161588029839,1610.125372060374,1626.1610039196419,1559.0534491065685,1604.0846969325423,1493.6664266544306,1520.9046198117874,1334.7403935559973,1515.0658029085257
1726.7094582684708,1563.7643170020167,1454.531308568654,1489.7739405389639,1446.7673314025867,1499.3609834221945,1519.8161588029839,1610.125372060374,1626.1610039196419,1559.0534491065685,1604.0846969325423,1493.6664266544306,1520.9046198117874,1334.7403935559973,1515.0658029085257,1552.7600990270864
1563.7643170020167,1454.531308568654,1489.7739405389639,1446.7673314025867,1499.3609834221945,1519.8161588029839,1610.125372060374,1626.1610039196419,1559.0534491065685,1604.0846969325423,1493.6664266544306,1520.9046198117874,1334.7403935559973,1515.0658029085257,1552.7600990270864,1874.310042053775
1454.531308568654,1489.7739405389639,1446.7673314025867,1499.3609834221945,1519.8161588029839,1610.125372060374,1626.1610039196419,1559.0534491065685,1604.0846969325423,1493.6664266544306,1520.9046198117874,1334.7403935559973,1515.0658029085257,1552.7600990270864,1874.310042053775,1485.6602730708578
1489.7739405389639,1446.7673314025867,1499.3609834221945,1519.8161588029839,1610.125372060374,1626.1610039196419,1559.0534491065685,1604.0846969325423,1493.6664266544306,1520.9046198117874,1334.7403935559973,1515.0658029085257,1552.7600990270864,1874.310042053775,1485.6602730708578,1640.4768236434904
1446.7673314025867,1499.3609834221945,1519.8161588029839,1610.125372060374,1626.1610039196419,1559.0534491065685,1604.0846969325423,1493.6664266544306,1520.9046198117874,1334.7403935559973,1515.0658029085257,1552.7600990270864,1874.310042053775,1485.6602730708578,1640.4768236434904,1610.981633959613
1499.3609834221945,1519.8161588029839,1610.125372060374,1626.1610039196419,1559.0534491065685,1604.0846969325423,1493.6664266544306,1520.9046198117874,1334.7403935559973,1515.0658029085257,1552.7600990270864,1874.310042053775,1485.6602730708578,1640.4768236434904,1610.981633959613,1495.6584342029705
1519.8161588029839,1610.125372060374,1626.1610039196419,1559.0534491065685,1604.0846969325423,1493.6664266544306,1520.9046198117874,1334.7403935559973,1515.0658029085257,1552.7600990270864,1874.310042053775,1485.6602730708578,1640.4768236434904,1610.981633959613,1495.6584342029705,1694.488403924696
1610.125372060374,1626.1610039196419,1559.0534491065685,1604.0846969325423,1493.6664266544306,1520.9046198117874,1334.7403935559973,1515.0658029085257,1552.7600990270864,1874.310042053775,1485.6602730708578,1640.4768236434904,1610.981633959613,1495.6584342029705,1694.488403924696,1681.3471822577633
1626.1610039196419,1559.0534491065685,1604.0846969325423,1493.6664266544306,1520.9046198117874,1334.7403935559973,1515.0658029085257,1552.7600990270864,1874.310042053775,1485.6602730708578,1640.4768236434904,1610.981633959613,1495.6584342029705,1694.488403924696,1681.3471822577633,1544.1123520258825
1559.0534491065685,1604.0846969325423,1493.6664266544306,1520.9046198117874,1334.7403935559973,1515.0658029085257,1552.7600990270864,1874.310042053775,1485.6602730708578,1640.4768236434904,1610.981633959613,1495.6584342029705,1694.488403924696,1681.3471822577633,1544.1123520258825,1468.4887656703854
1604.0846969325423,1493.6664266544306,1520.9046198117874,1334.7403935559973,1515.0658029085257,1552.7600990270864,1874.310042053775,1485.6602730708578,1640.4768236434904,1610.981633959613,1495.6584342029705,1694.488403924696,1681.3471822577633,1544.1123520258825,1468.4887656703854,1713.0377595048008
1493.6664266544306,1520.9046198117874,1334.7403935559973,1515.0658029085257,1552.7600990270864,1874.310042053775,1485.6602730708578,1640.4768236434904,1610.981633959613,1495.6584342029705,1694.488403924696,1681.3471822577633,1544.1123520258825,1468.4887656703854,1713.0377595048008,1587.1459016624503
1520.9046198117874,1334.7403935559973,1515.0658029085257,1552.7600990270864,1874.310042053775,1485.6602730708578,1640.4768236434904,1610.981633959613,1495.6584342029705,1694.488403924696,1681.3471822577633,1544.1123520258825,1468.4887656703854,1713.0377595048008,1587.1459016624503,1815.3345379335713
1334.7403935559973,1515.0658029085257,1552.7600990270864,1874.310042053775,1485.6602730708578,1640.4768236434904,1610.981633959613,1495.6584342029705,1694.488403924696,1681.3471822577633,1544.1123520258825,1468.4887656703854,1713.0377595048008,1587.1459016624503,1815.3345379335713,1733.3135952470707
1515.0658029085257,1552.7600990270864,1874.310042053775,1485.6602730708578,1640.4768236434904,1610.981633959613,1495.6584342029705,1694.488403924696,1681.3471822577633,1544.1123520258825,1468.4887656703854,1713.0377595048008,1587.1459016624503,1815.3345379335713,1733.3135952470707,1830.5879621056129
1552.7600990270864,1874.310042053775,1485.6602730708578,1640.4768236434904,1610.981633959613,1495.6584342029705,1694.488403924696,1681.3471822577633,1544.1123520258825,1468.4887656703854,1713.0377595048008,1587.1459016624503,1815.3345379335713,1733.3135952470707,1830.5879621056129,1760.7350246142103
1874.310042053775,1485.6602730708578,1640.4768236434904,1610.981633959613,1495.6584342029705,1694.488403924696,1681.3471822577633,1544.1123520258825,1468.4887656703854,1713.0377595048008,1587.1459016624503,1815.3345379335713,1733.3135952470707,1830.5879621056129,1760.7350246142103,1964.4136970232225
1485.6602730708578,1640.4768236434904,1610.981633959613,1495.6584342029705,1694.488403924696,1681.3471822577633,1544.1123520258825,1468.4887656703854,1713.0377595048008,1587.1459016624503,1815.3345379335713,1733.3135952470707,1830.5879621056129,1760.7350246142103,1964.4136970232225,1893.9596631726013
1640.4768236434904,1610.981633959613,1495.6584342029705,1694.488403924696,1681.3471822577633,1544.1123520258825,1468.4887656703854,1713.0377595048008,1587.1459016624503,1815.3345379335713,1733.3135952470707,1830.5879621056129,1760.7350246142103,1964.4136970232225,1893.9596631726013,1995.397689309001
1610.981633959613,1495.6584342029705,1694.488403924696,1681.3471822577633,1544.1123520258825,1468.4887656703854,1713.0377595048008,1587.1459016624503,1815.3345379335713,1733.3135952470707,1830.5879621056129,1760.7350246142103,1964.4136970232225,1893.9596631726013,1995.397689309001,1869.0432866395472
1495.6584342029705,1694.488403924696,1681.3471822577633,1544.1123520258825,1468.4887656703854,1713.0377595048008,1587.1459016624503,1815.3345379335713,1733.3135952470707,1830.5879621056129,1760.7350246142103,1964.4136970232225,1893.9596631726013,1995.397689309001,1869.0432866395472,1770.1350991477898
1694.488403924696,1681.3471822577633,1544.1123520258825,1468.4887656703854,1713.0377595048008,1587.1459016624503,1815.3345379335713,1733.3135952470707,1830.5879621056129,1760.7350246142103,1964.4136970232225,1893.9596631726013,1995.397689309001,1869.0432866395472,1770.1350991477898,1747.369984998312
1681.3471822577633,1544.1123520258825,1468.4887656703854,1713.0377595048008,1587.1459016624503,1815.3345379335713,1733.3135952470707,1830.5879621056129,1760.7350246142103,1964.4136970232225,1893.9596631726013,1995.397689309001,1869.0432866395472,1770.1350991477898,1747.369984998312,1858.2604430599372
1544.1123520258825,1468.4887656703854,1713.0377595048008,1587.1459016624503,1815.3345379335713,1733.3135952470707,1830.5879621056129,1760.7350246142103,1964.4136970232225,1893.9596631726013,1995.397689309001,1869.0432866395472,1770.1350991477898,1747.369984998312,1858.2604430599372,1957.093243707515
1468.4887656703854,1713.0377595048008,1587.1459016624503,1815.3345379335713,1733.3135952470707,1830.5879621056129,1760.7350246142103,1964.4136970232225,1893.9596631726013,1995.397689309001,1869.0432866395472,1770.1350991477898,1747.369984998312,1858.2604430599372,1957.093243707515,1881.8240761788686
1713.0377595048008,1587.1459016624503,1815.3345379335713,1733.3135952470707,1830.5879621056129,1760.7350246142103,1964.4136970232225,1893.9596631726013,1995.397689309001,1869.0432866395472,1770.1350991477898,1747.369984998312,1858.2604430599372,1957.093243707515,1881.8240761788686,2214.508538270582
1587.1459016624503,1815.3345379335713,1733.3135952470707,1830.5879621056129,1760.7350246142103,1964.4136970232225,1893.9596631726013,1995.397689309001,1869.0432866395472,1770.1350991477898,1747.369984998312,1858.2604430599372,1957.093243707515,1881.8240761788686,2214.508538270582,1977.17095852539
1815.3345379335713,1733.3135952470707,1830.5879621056129,1760.7350246142103,1964.4136970232225,1893.9596631726013,1995.397689309001,1869.0432866395472,1770.1350991477898,1747.369984998312,1858.2604430599372,1957.093243707515,1881.8240761788686,2214.508538270582,1977.17095852539,2049.92003689941
1733.3135952470707,1830.5879621056129,1760.7350246142103,1964.4136970232225,1893.9596631726013,1995.397689309001,1869.0432866395472,1770.1350991477898,1747.369984998312,1858.2604430599372,1957.093243707515,1881.8240761788686,2214.508538270582,1977.17095852539,2049.92003689941,2031.3505373191388
1830.5879621056129,1760.7350246142103,1964.4136970232225,1893.9596631726013,1995.397689309001,1869.0432866395472,1770.1350991477898,1747.369984998312,1858.2604430599372,1957.093243707515,1881.8240761788686,2214.508538270582,1977.17095852539,2049.92003689941,2031.3505373191388,1914.6768925129813
1760.7350246142103,1964.4136970232225,1893.9596631726013,1995.397689309001,1869.0432866395472,1770.1350991477898,1747.369984998312,1858.2604430599372,1957.093243707515,1881.8240761788686,2214.508538270582,1977.17095852539,2049.92003689941,2031.3505373191388,1914.6768925129813,2170.9031933336987
1964.4136970232225,1893.9596631726013,1995.397689309001,1869.0432866395472,1770.1350991477898,1747.369984998312,1858.2604430599372,1957.093243707515,1881.8240761788686,2214.508538270582,1977.17095852539,2049.92003689941,2031.3505373191388,1914.6768925129813,2170.9031933336987,2149.6378887453507
1893.9596631726013,1995.397689309001,1869.0432866395472,1770.1350991477898,1747.369984998312,1858.2604430599372,1957.093243707515,1881.8240761788686,2214.508538270582,1977.17095852539,2049.92003689941,2031.3505373191388,1914.6768925129813,2170.9031933336987,2149.6378887453507,2192.521644490671
1995.397689309001,1869.0432866395472,1770.1350991477898,1747.369984998312,1858.2604430599372,1957.093243707515,1881.8240761788686,2214.508538270582,1977.17095852539,2049.92003689941,2031.3505373191388,1914.6768925129813,2170.9031933336987,2149.6378887453507,2192.521644490671,2030.2644588778637
1869.0432866395472,1770.1350991477898,1747.369984998312,1858.2604430599372,1957.093243707515,1881.8240761788686,2214.508538270582,1977.17095852539,2049.92003689941,2031.3505373191388,1914.6768925129813,2170.9031933336987,2149.6378887453507,2192.521644490671,2030.2644588778637,2148.6563194159003
1770.1350991477898,1747.369984998312,1858.2604430599372,1957.093243707515,1881.8240761788686,2214.508538270582,1977.17095852539,2049.92003689941,2031.3505373191388,1914.6768925129813,2170.9031933336987,2149.6378887453507,2192.521644490671,2030.2644588778637,2148.6563194159003,2164.2649993601117
1747.369984998312,1858.2604430599372,1957.093243707515,1881.8240761788686,2214.508538270582,1977.17095852539,2049.92003689941,2031.3505373191388,1914.6768925129813,2170.9031933336987,2149.6378887453507,2192.521644490671,2030.2644588778637,2148.6563194159003,2164.2649993601117,2309.396008894729
1858.2604430599372,1957.093243707515,1881.8240761788686,2214.508538270582,1977.17095852539,2049.92003689941,2031.3505373191388,1914.6768925129813,2170.9031933336987,2149.6378887453507,2192.521644490671,2030.2644588778637,2148.6563194159003,2164.2649993601117,2309.396008894729,2071.1207166512004
1957.093243707515,1881.8240761788686,2214.508538270582,1977.17095852539,2049.92003689941,2031.3505373191388,1914.6768925129813,2170.9031933336987,2149.6378887453507,2192.521644490671,2030.2644588778637,2148.6563194159003,2164.2649993601117,2309.396008894729,2071.1207166512004,2302.992814263503
1881.8240761788686,2214.508538270582,1977.17095852539,2049.92003689941,2031.3505373191388,1914.6768925129813,2170.9031933336987,2149.6378887453507,2192.521644490671,2030.2644588778637,2148.6563194159003,2164.2649993601117,2309.396008894729,2071.1207166512004,2302.992814263503,2386.352454665729
2214.508538270582,1977.17095852539,2049.92003689941,2031.3505373191388,1914.6768925129813,2170.9031933336987,2149.6378887453507,2192.521644490671,2030.2644588778637,2148.6563194159003,2164.2649993601117,2309.396008894729,2071.1207166512004,2302.992814263503,2386.352454665729,2236.8340830691645
1977.17095852539,2049.92003689941,2031.3505373191388,1914.6768925129813,2170.9031933336987,2149.6378887453507,2192.521644490671,2030.2644588778637,2148.6563194159003,2164.2649993601117,2309.396008894729,2071.1207166512004,2302.992814263503,2386.352454665729,2236.8340830691645,2219.533054795626
2049.92003689941,2031.3505373191388,1914.6768925129813,2170.9031933336987,2149.6378887453507,2192.521644490671,2030.2644588778637,2148.6563194159003,2164.2649993601117,2309.396008894729,2071.1207166512004,2302.992814263503,2386.352454665729,2236.8340830691645,2219.533054795626,2460.963244677679
2031.3505373191388,1914.6768925129813,2170.9031933336987,2149.6378887453507,2192.521644490671,2030.2644588778637,2148.6563194159003,2164.2649993601117,2309.396008894729,2071.1207166512004,2302.992814263503,2386.352454665729,2236.8340830691645,2219.533054795626,2460.963244677679,2373.9644607564383
1914.6768925129813,2170.9031933336987,2149.6378887453507,2192.521644490671,2030.2644588778637,2148.6563194159003,2164.2649993601117,2309.396008894729,2071.1207166512004,2302.992814263503,2386.352454665729,2236.8340830691645,2219.533054795626,2460.963244677679,2373.9644607564383,2487.8623499880773
2170.9031933336987,2149.6378887453507,2192.521644490671,2030.2644588778637,2148.6563194159003,2164.2649993601117,2309.396008894729,2071.1207166512004,2302.992814263503,2386.352454665729,2236.8340830691645,2219.533054795626,2460.963244677679,2373.9644607564383,2487.8623499880773,2473.2429319161747
2149.6378887453507,2192.521644490671,2030.2644588778637,2148.6563194159003,2164.2649993601117,2309.396008894729,2071.1207166512004,2302.992814263503,2386.352454665729,2236.8340830691645,2219.533054795626,2460.963244677679,2373.9644607564383,2487.8623499880773,2473.2429319161747,2529.4322601939407
2192.521644490671,2030.2644588778637,2148.6563194159003,2164.2649993601117,2309.396008894729,2071.1207166512004,2302.992814263503,2386.352454665729,2236.8340830691645,2219.533054795626,2460.963244677679,2373.9644607564383,2487.8623499880773,2473.2429319161747,2529.4322601939407,2425.6507754870513
2030.2644588778637,2148.6563194159003,2164.2649993601117,2309.396008894729,2071.1207166512004,2302.992814263503,2386.352454665729,2236.8340830691645,2219.533054795626,2460.963244677679,2373.9644607564383,2487.8623499880773,2473.2429319161747,2529.4322601939407,2425.6507754870513,2251.5835488022058
2148.6563194159003,2164.2649993601117,2309.396008894729,2071.1207166512004,2302.992814263503,2386.352454665729,2236.8340830691645,2219.533054795626,2460.963244677679,2373.9644607564383,2487.8623499880773,2473.2429319161747,2529.4322601939407,2425.6507754870513,2251.5835488022058,2553.5244776747213
2164.2649993601117,2309.396008894729,2071.1207166512004,2302.992814263503,2386.352454665729,2236.8340830691645,2219.533054795626,2460.963244677679,2373.9644607564383,2487.8623499880773,2473.2429319161747,2529.4322601939407,2425.6507754870513,2251.5835488022058,2553.5244776747213,2447.1265072836013
2309.396008894729,2071.1207166512004,2302.992814263503,2386.352454665729,2236.8340830691645,2219.533054795626,2460.963244677679,2373.9644607564383,2487.8623499880773,2473.2429319161747,2529.4322601939407,2425.6507754870513,2251.5835488022058,2553.5244776747213,2447.1265072836013,2604.8307945321258
2071.1207166512004,2302.992814263503,2386.352454665729,2236.8340830691645,2219.533054795626,2460.963244677679,2373.9644607564383,2487.8623499880773,2473.2429319161747,2529.4322601939407,2425.6507754870513,2251.5835488022058,2553.5244776747213,2447.1265072836013,2604.8307945321258,2512.5594249374735
2302.992814263503,2386.352454665729,2236.8340830691645,2219.533054795626,2460.963244677679,2373.9644607564383,2487.8623499880773,2473.2429319161747,2529.4322601939407,2425.6507754870513,2251.5835488022058,2553.5244776747213,2447.1265072836013,2604.8307945321258,2512.5594249374735,2757.7869686378176
2386.352454665729,2236.8340830691645,2219.533054795626,2460.963244677679,2373.9644607564383,2487.8623499880773,2473.2429319161747,2529.4322601939407,2425.6507754870513,2251.5835488022058,2553.5244776747213,2447.1265072836013,2604.8307945321258,2512.5594249374735,2757.7869686378176,2591.0227737948267
2236.8340830691645,2219.533054795626,2460.963244677679,2373.9644607564383,2487.8623499880773,2473.2429319161747,2529.4322601939407,2425.6507754870513,2251.5835488022058,2553.5244776747213,2447.1265072836013,2604.8307945321258,2512.5594249374735,2757.7869686378176,2591.0227737948267,2726.129487925927
2219.533054795626,2460.963244677679,2373.9644607564383,2487.8623499880773,2473.2429319161747,2529.4322601939407,2425.6507754870513,2251.5835488022058,2553.5244776747213,2447.1265072836013,2604.8307945321258,2512.5594249374735,2757.7869686378176,2591.0227737948267,2726.129487925927,2780.023431488756
2460.963244677679,2373.9644607564383,2487.8623499880773,2473.2429319161747,2529.4322601939407,2425.6507754870513,2251.5835488022058,2553.5244776747213,2447.1265072836013,2604.8307945321258,2512.5594249374735,2757.7869686378176,2591.0227737948267,2726.129487925927,2780.023431488756,2683.588157128736
2373.9644607564383,2487.8623499880773,2473.2429319161747,2529.4322601939407,2425.6507754870513,2251.5835488022058,2553.5244776747213,2447.1265072836013,2604.8307945321258,2512.5594249374735,2757.7869686378176,2591.0227737948267,2726.129487925927,2780.023431488756,2683.588157128736,2750.404475034226
2487.8623499880773,2473.2429319161747,2529.4322601939407,2425.6507754870513,2251.5835488022058,2553.5244776747213,2447.1265072836013,2604.8307945321258,2512.5594249374735,2757.7869686378176,2591.0227737948267,2726.129487925927,2780.023431488756,2683.588157128736,2750.404475034226,2740.704255228771
2473.2429319161747,2529.4322601939407,2425.6507754870513,2251.5835488022058,2553.5244776747213,2447.1265072836013,2604.8307945321258,2512.5594249374735,2757.7869686378176,2591.0227737948267,2726.129487925927,2780.023431488756,2683.588157128736,2750.404475034226,2740.704255228771,2673.025923664684
2529.4322601939407,2425.6507754870513,2251.5835488022058,2553.5244776747213,2447.1265072836013,2604.8307945321258,2512.5594249374735,2757.7869686378176,2591.0227737948267,2726.129487925927,2780.023431488756,2683.588157128736,2750.404475034226,2740.704255228771,2673.025923664684,2944.0067032324064
2425.6507754870513,2251.5835488022058,2553.5244776747213,2447.1265072836013,2604.8307945321258,2512.5594249374735,2757.7869686378176,2591.0227737948267,2726.129487925927,2780.023431488756,2683.588157128736,2750.404475034226,2740.704255228771,2673.025923664684,2944.0067032324064,2725.0116990577762
2251.5835488022058,2553.5244776747213,2447.1265072836013,2604.8307945321258,2512.5594249374735,2757.7869686378176,2591.0227737948267,2726.129487925927,2780.023431488756,2683.588157128736,2750.404475034226,2740.704255228771,2673.025923664684,2944.0067032324064,2725.0116990577762,2683.8947880952373
2553.5244776747213,2447.1265072836013,2604.8307945321258,2512.5594249374735,2757.7869686378176,2591.0227737948267,2726.129487925927,2780.023431488756,2683.588157128736,2750.404475034226,2740.704255228771,2673.025923664684,2944.0067032324064,2725.0116990577762,2683.8947880952373,2817.859618614714
2447.1265072836013,2604.8307945321258,2512.5594249374735,2757.7869686378176,2591.0227737948267,2726.129487925927,2780.023431488756,2683.588157128736,2750.404475034226,2740.704255228771,2673.025923664684,2944.0067032324064,2725.0116990577762,2683.8947880952373,2817.859618614714,2908.479810433475
2604.8307945321258,2512.5594249374735,2757.7869686378176,2591.0227737948267,2726.129487925927,2780.023431488756,2683.588157128736,2750.404475034226,2740.704255228771,2673.025923664684,2944.0067032324064,2725.0116990577762,2683.8947880952373,2817.859618614714,2908.479810433475,2927.678025620578
2512.5594249374735,2757.7869686378176,2591.0227737948267,2726.129487925927,2780.023431488756,2683.588157128736,2750.404475034226,2740.704255228771,2673.025923664684,2944.0067032324064,2725.0116990577762,2683.8947880952373,2817.859618614714,2908.479810433475,2927.678025620578,2911.6493664599207
2757.7869686378176,2591.0227737948267,2726.129487925927,2780.023431488756,2683.588157128736,2750.404475034226,2740.704255228771,2673.025923664684,2944.0067032324064,2725.0116990577762,2683.8947880952373,2817.859618614714,2908.479810433475,2927.678025620578,2911.6493664599207,2925.656439099399
2591.0227737948267,2726.129487925927,2780.023431488756,2683.588157128736,2750.404475034226,2740.704255228771,2673.025923664684,2944.0067032324064,2725.0116990577762,2683.8947880952373,2817.859618614714,2908.479810433475,2927.678025620578,2911.6493664599207,2925.656439099399,2778.2179340602643
2726.129487925927,2780.023431488756,2683.588157128736,2750.404475034226,2740.704255228771,2673.025923664684,2944.0067032324064,2725.0116990577762,2683.8947880952373,2817.859618614714,2908.479810433475,2927.678025620578,2911.6493664599207,2925.656439099399,2778.2179340602643,3093.8612362173185
2780.023431488756,2683.588157128736,2750.404475034226,2740.704255228771,2673.025923664684,2944.0067032324064,2725.0116990577762,2683.8947880952373,2817.859618614714,2908.479810433475,2927.678025620578,2911.6493664599207,2925.656439099399,2778.2179340602643,3093.8612362173185,3233.3100140216197
2683.588157128736,2750.404475034226,2740.704255228771,2673.025923664684,2944.0067032324064,2725.0116990577762,2683.8947880952373,2817.859618614714,2908.479810433475,2927.678025620578,2911.6493664599207,2925.656439099399,2778.2179340602643,3093.8612362173185,3233.3100140216197,3006.3494735047657
2750.404475034226,2740.704255228771,2673.025923664684,2944.0067032324064,2725.0116990577762,2683.8947880952373,2817.859618614714,2908.479810433475,2927.678025620578,2911.6493664599207,2925.656439099399,2778.2179340602643,3093.8612362173185,3233.3100140216197,3006.3494735047657,2922.067194412478
2740.704255228771,2673.025923664684,2944.0067032324064,2725.0116990577762,2683.8947880952373,2817.859618614714,2908.479810433475,2927.678025620578,2911.6493664599207,2925.656439099399,2778.2179340602643,3093.8612362173185,3233.3100140216197,3006.3494735047657,2922.067194412478,3208.948930815682
2673.025923664684,2944.0067032324064,2725.0116990577762,2683.8947880952373,2817.859618614714,2908.479810433475,2927.678025620578,2911.6493664599207,2925.656439099399,2778.2179340602643,3093.8612362173185,3233.3100140216197,3006.3494735047657,2922.067194412478,3208.948930815682,3140.3665981337813
2944.0067032324064,2725.0116990577762,2683.8947880952373,2817.859618614714,2908.479810433475,2927.678025620578,2911.6493664599207,2925.656439099399,2778.2179340602643,3093.8612362173185,3233.3100140216197,3006.3494735047657,2922.067194412478,3208.948930815682,3140.3665981337813,2774.496394453101
2725.0116990577762,2683.8947880952373,2817.859618614714,2908.479810433475,2927.678025620578,2911.6493664599207,2925.656439099399,2778.2179340602643,3093.8612362173185,3233.3100140216197,3006.3494735047657,2922.067194412478,3208.948930815682,3140.3665981337813,2774.496394453101,3131.7854877158165
2683.8947880952373,2817.859618614714,2908.479810433475,2927.678025620578,2911.6493664599207,2925.656439099399,2778.2179340602643,3093.8612362173185,3233.3100140216197,3006.3494735047657,2922.067194412478,3208.948930815682,3140.3665981337813,2774.496394453101,3131.7854877158165,3085.052953157022
2817.859618614714,2908.479810433475,2927.678025620578,2911.6493664599207,2925.656439099399,2778.2179340602643,3093.8612362173185,3233.3100140216197,3006.3494735047657,2922.067194412478,3208.948930815682,3140.3665981337813,2774.496394453101,3131.7854877158165,3085.052953157022,3139.3445554517784
2908.479810433475,2927.678025620578,2911.6493664599207,2925.656439099399,2778.2179340602643,3093.8612362173185,3233.3100140216197,3006.3494735047657,2922.067194412478,3208.948930815682,3140.3665981337813,2774.496394453101,3131.7854877158165,3085.052953157022,3139.3445554517784,3490.404824481489
2927.678025620578,2911.6493664599207,2925.656439099399,2778.2179340602643,3093.8612362173185,3233.3100140216197,3006.3494735047657,2922.067194412478,3208.948930815682,3140.3665981337813,2774.496394453101,3131.7854877158165,3085.052953157022,3139.3445554517784,3490.404824481489,3412.7422185133073
2911.6493664599207,2925.656439099399,2778.2179340602643,3093.8612362173185,3233.3100140216197,3006.3494735047657,2922.067194412478,3208.948930815682,3140.3665981337813,2774.496394453101,3131.7854877158165,3085.052953157022,3139.3445554517784,3490.404824481489,3412.7422185133073,3320.2998648158546
2925.656439099399,2778.2179340602643,3093.8612362173185,3233.3100140216197,3006.3494735047657,2922.067194412478,3208.948930815682,3140.3665981337813,2774.496394453101,3131.7854877158165,3085.052953157022,3139.3445554517784,3490.404824481489,3412.7422185133073,3320.2998648158546,3363.618098437725
2778.2179340602643,3093.8612362173185,3233.3100140216197,3006.3494735047657,2922.067194412478,3208.948930815682,3140.3665981337813,2774.496394453101,3131.7854877158165,3085.052953157022,3139.3445554517784,3490.404824481489,3412.7422185133073,3320.2998648158546,3363.618098437725,3549.325878870438
3093.8612362173185,3233.3100140216197,3006.3494735047657,2922.067194412478,3208.948930815682,3140.3665981337813,2774.496394453101,3131.7854877158165,3085.052953157022,3139.3445554517784,3490.404824481489,3412.7422185133073,3320.2998648158546,3363.618098437725,3549.325878870438,3299.317624776042
3233.3100140216197,3006.3494735047657,2922.067194412478,3208.948930815682,3140.3665981337813,2774.496394453101,3131.7854877158165,3085.052953157022,3139.3445554517784,3490.404824481489,3412.7422185133073,3320.2998648158546,3363.618098437725,3549.325878870438,3299.317624776042,3513.6066053826576
3006.3494735047657,2922.067194412478,3208.948930815682,3140.3665981337813,2774.496394453101,3131.7854877158165,3085.052953157022,3139.3445554517784,3490.404824481489,3412.7422185133073,3320.2998648158546,3363.618098437725,3549.325878870438,3299.317624776042,3513.6066053826576,3396.3211705838585
2922.067194412478,3208.948930815682,3140.3665981337813,2774.496394453101,3131.7854877158165,3085.052953157022,3139.3445554517784,3490.404824481489,3412.7422185133073,3320.2998648158546,3363.618098437725,3549.325878870438,3299.317624776042,3513.6066053826576,3396.3211705838585,3572.958576198504
3208.948930815682,3140.3665981337813,2774.496394453101,3131.7854877158165,3085.052953157022,3139.3445554517784,3490.404824481489,3412.7422185133073,3320.2998648158546,3363.618098437725,3549.325878870438,3299.317624776042,3513.6066053826576,3396.3211705838585,3572.958576198504,3534.178078041141
3140.3665981337813,2774.496394453101,3131.7854877158165,3085.052953157022,3139.3445554517784,3490.404824481489,3412.7422185133073,3320.2998648158546,3363.618098437725,3549.325878870438,3299.317624776042,3513.6066053826576,3396.3211705838585,3572.958576198504,3534.178078041141,3458.6890081095303
2774.496394453101,3131.7854877158165,3085.052953157022,3139.3445554517784,3490.404824481489,3412.7422185133073,3320.2998648158546,3363.618098437725,3549.325878870438,3299.317624776042,3513.6066053826576,3396.3211705838585,3572.958576198504,3534.178078041141,3458.6890081095303,3669.4547395973614
3131.7854877158165,3085.052953157022,3139.3445554517784,3490.404824481489,3412.7422185133073,3320.2998648158546,3363.618098437725,3549.325878870438,3299.317624776042,3513.6066053826576,3396.3211705838585,3572.958576198504,3534.178078041141,3458.6890081095303,3669.4547395973614,3639.828610008863
3085.052953157022,3139.3445554517784,3490.404824481489,3412.7422185133073,3320.2998648158546,3363.618098437725,3549.325878870438,3299.317624776042,3513.6066053826576,3396.3211705838585,3572.958576198504,3534.178078041141,3458.6890081095303,3669.4547395973614,3639.828610008863,3797.2962246080356
3139.3445554517784,3490.404824481489,3412.7422185133073,3320.2998648158546,3363.618098437725,3549.325878870438,3299.317624776042,3513.6066053826576,3396.3211705838585,3572.958576198504,3534.178078041141,3458.6890081095303,3669.4547395973614,3639.828610008863,3797.2962246080356,3589.2387178980466
3490.404824481489,3412.7422185133073,3320.2998648158546,3363.618098437725,3549.325878870438,3299.317624776042,3513.6066053826576,3396.3211705838585,3572.958576198504,3534.178078041141,3458.6890081095303,3669.4547395973614,3639.828610008863,3797.2962246080356,3589.2387178980466,3668.8203678532773
3412.7422185133073,3320.2998648158546,3363.618098437725,3549.325878870438,3299.317624776042,3513.6066053826576,3396.3211705838585,3572.958576198504,3534.178078041141,3458.6890081095303,3669.4547395973614,3639.828610008863,3797.2962246080356,3589.2387178980466,3668.8203678532773,3606.468742550352
3320.2998648158546,3363.618098437725,3549.325878870438,3299.317624776042,3513.6066053826576,3396.3211705838585,3572.958576198504,3534.178078041141,3458.6890081095303,3669.4547395973614,3639.828610008863,3797.2962246080356,3589.2387178980466,3668.8203678532773,3606.468742550352,3826.574474625032
3363.618098437725,3549.325878870438,3299.317624776042,3513.6066053826576,3396.3211705838585,3572.958576198504,3534.178078041141,3458.6890081095303,3669.4547395973614,3639.828610008863,3797.2962246080356,3589.2387178980466,3668.8203678532773,3606.468742550352,3826.574474625032,3645.136004195692
3549.325878870438,3299.317624776042,3513.6066053826576,3396.3211705838585,3572.958576198504,3534.178078041141,3458.6890081095303,3669.4547395973614,3639.828610008863,3797.2962246080356,3589.2387178980466,3668.8203678532773,3606.468742550352,3826.574474625032,3645.136004195692,3744.1716642674287
3299.317624776042,3513.6066053826576,3396.3211705838585,3572.958576198504,3534.178078041141,3458.6890081095303,3669.4547395973614,3639.828610008863,3797.2962246080356,3589.2387178980466,3668.8203678532773,3606.468742550352,3826.574474625032,3645.136004195692,3744.1716642674287,3902.8820377662405
3513.6066053826576,3396.3211705838585,3572.958576198504,3534.178078041141,3458.6890081095303,3669.4547395973614,3639.828610008863,3797.2962246080356,3589.2387178980466,3668.8203678532773,3606.468742550352,3826.574474625032,3645.136004195692,3744.1716642674287,3902.8820377662405,3844.8766386038315
3396.3211705838585,3572.958576198504,3534.178078041141,3458.6890081095303,3669.4547395973614,3639.828610008863,3797.2962246080356,3589.2387178980466,3668.8203678532773,3606.468742550352,3826.574474625032,3645.136004195692,3744.1716642674287,3902.8820377662405,3844.8766386038315,3841.948008722879
3572.958576198504,3534.178078041141,3458.6890081095303,3669.4547395973614,3639.828610008863,3797.2962246080356,3589.2387178980466,3668.8203678532773,3606.468742550352,3826.574474625032,3645.136004195692,3744.1716642674287,3902.8820377662405,3844.8766386038315,3841.948008722879,3861.0567721850944
3534.178078041141,3458.6890081095303,3669.4547395973614,3639.828610008863,3797.2962246080356,3589.2387178980466,3668.8203678532773,3606.468742550352,3826.574474625032,3645.136004195692,3744.1716642674287,3902.8820377662405,3844.8766386038315,3841.948008722879,3861.0567721850944,3889.9484206386683
3458.6890081095303,3669.4547395973614,3639.828610008863,3797.2962246080356,3589.2387178980466,3668.8203678532773,3606.468742550352,3826.574474625032,3645.136004195692,3744.1716642674287,3902.8820377662405,3844.8766386038315,3841.948008722879,3861.0567721850944,3889.9484206386683,3942.8655687534447
3669.4547395973614,3639.828610008863,3797.2962246080356,3589.2387178980466,3668.8203678532773,3606.468742550352,3826.574474625032,3645.136004195692,3744.1716642674287,3902.8820377662405,3844.8766386038315,3841.948008722879,3861.0567721850944,3889.9484206386683,3942.8655687534447,3865.3107389526
3639.828610008863,3797.2962246080356,3589.2387178980466,3668.8203678532773,3606.468742550352,3826.574474625032,3645.136004195692,3744.1716642674287,3902.8820377662405,3844.8766386038315,3841.948008722879,3861.0567721850944,3889.9484206386683,3942.8655687534447,3865.3107389526,3711.7648902892333
3797.2962246080356,3589.2387178980466,3668.8203678532773,3606.468742550352,3826.574474625032,3645.136004195692,3744.1716642674287,3902.8820377662405,3844.8766386038315,3841.948008722879,3861.0567721850944,3889.9484206386683,3942.8655687534447,3865.3107389526,3711.7648902892333,4075.5111197875553
3589.2387178980466,3668.8203678532773,3606.468742550352,3826.574474625032,3645.136004195692,3744.1716642674287,3902.8820377662405,3844.8766386038315,3841.948008722879,3861.0567721850944,3889.9484206386683,3942.8655687534447,3865.3107389526,3711.7648902892333,4075.5111197875553,3847.9886077528436
3668.8203678532773,3606.468742550352,3826.574474625032,3645.136004195692,3744.1716642674287,3902.8820377662405,3844.8766386038315,3841.948008722879,3861.0567721850944,3889.9484206386683,3942.8655687534447,3865.3107389526,3711.7648902892333,4075.5111197875553,3847.9886077528436,4167.619185068726
3606.468742550352,3826.574474625032,3645.136004195692,3744.1716642674287,3902.8820377662405,3844.8766386038315,3841.948008722879,3861.0567721850944,3889.9484206386683,3942.8655687534447,3865.3107389526,3711.7648902892333,4075.5111197875553,3847.9886077528436,4167.619185068726,4026.283566833157
3826.574474625032,3645.136004195692,3744.1716642674287,3902.8820377662405,3844.8766386038315,3841.948008722879,3861.0567721850944,3889.9484206386683,3942.8655687534447,3865.3107389526,3711.7648902892333,4075.5111197875553,3847.9886077528436,4167.619185068726,4026.283566833157,4344.586249802296
3645.136004195692,3744.1716642674287,3902.8820377662405,3844.8766386038315,3841.948008722879,3861.0567721850944,3889.9484206386683,3942.8655687534447,3865.3107389526,3711.7648902892333,4075.5111197875553,3847.9886077528436,4167.619185068726,4026.283566833157,4344.586249802296,4156.6994555208075
3744.1716642674287,3902.8820377662405,3844.8766386038315,3841.948008722879,3861.0567721850944,3889.9484206386683,3942.8655687534447,3865.3107389526,3711.7648902892333,4075.5111197875553,3847.9886077528436,4167.619185068726,4026.283566833157,4344.586249802296,4156.6994555208075,4097.142597084635
3902.8820377662405,3844.8766386038315,3841.948008722879,3861.0567721850944,3889.9484206386683,3942.8655687534447,3865.3107389526,3711.7648902892333,4075.5111197875553,3847.9886077528436,4167.619185068726,4026.283566833157,4344.586249802296,4156.6994555208075,4097.142597084635,4166.863272619301
3844.8766386038315,3841.948008722879,3861.0567721850944,3889.9484206386683,3942.8655687534447,3865.3107389526,3711.7648902892333,4075.5111197875553,3847.9886077528436,4167.619185068726,4026.283566833157,4344.586249802296,4156.6994555208075,4097.142597084635,4166.863272619301,3945.0148854182758
3841.948008722879,3861.0567721850944,3889.9484206386683,3942.8655687534447,3865.3107389526,3711.7648902892333,4075.5111197875553,3847.9886077528436,4167.619185068726,4026.283566833157,4344.586249802296,4156.6994555208075,4097.142597084635,4166.863272619301,3945.0148854182758,4125.233241775354
3861.0567721850944,3889.9484206386683,3942.8655687534447,3865.3107389526,3711.7648902892333,4075.5111197875553,3847.9886077528436,4167.619185068726,4026.283566833157,4344.586249802296,4156.6994555208075,4097.142597084635,4166.863272619301,3945.0148854182758,4125.233241775354,4086.4895247041845
3889.9484206386683,3942.8655687534447,3865.3107389526,3711.7648902892333,4075.5111197875553,3847.9886077528436,4167.619185068726,4026.283566833157,4344.586249802296,4156.6994555208075,4097.142597084635,4166.863272619301,3945.0148854182758,4125.233241775354,4086.4895247041845,4142.758006029039
3942.8655687534447,3865.3107389526,3711.7648902892333,4075.5111197875553,3847.9886077528436,4167.619185068726,4026.283566833157,4344.586249802296,4156.6994555208075,4097.142597084635,4166.863272619301,3945.0148854182758,4125.233241775354,4086.4895247041845,4142.758006029039,3945.185248454475
3865.3107389526,3711.7648902892333,4075.5111197875553,3847.9886077528436,4167.619185068726,4026.283566833157,4344.586249802296,4156.6994555208075,4097.142597084635,4166.863272619301,3945.0148854182758,4125.233241775354,4086.4895247041845,4142.758006029039,3945.185248454475,3945.773300022893
3711.7648902892333,4075.5111197875553,3847.9886077528436,4167.619185068726,4026.283566833157,4344.586249802296,4156.6994555208075,4097.142597084635,4166.863272619301,3945.0148854182758,4125.233241775354,4086.4895247041845,4142.758006029039,3945.185248454475,3945.773300022893,4263.4136413817805
4075.5111197875553,3847.9886077528436,4167.619185068726,4026.283566833157,4344.586249802296,4156.6994555208075,4097.142597084635,4166.863272619301,3945.0148854182758,4125.233241775354,4086.4895247041845,4142.758006029039,3945.185248454475,3945.773300022893,4263.4136413817805,4209.055696794145
3847.9886077528436,4167.619185068726,4026.283566833157,4344.586249802296,4156.6994555208075,4097.142597084635,4166.863272619301,3945.0148854182758,4125.233241775354,4086.4895247041845,4142.758006029039,3945.185248454475,3945.773300022893,4263.4136413817805,4209.055696794145,4173.11902207007
4167.619185068726,4026.283566833157,4344.586249802296,4156.6994555208075,4097.142597084635,4166.863272619301,3945.0148854182758,4125.233241775354,4086.4895247041845,4142.758006029039,3945.185248454475,3945.773300022893,4263.4136413817805,4209.055696794145,4173.11902207007,4223.981567108595
4026.283566833157,4344.586249802296,4156.6994555208075,4097.142597084635,4166.863272619301,3945.0148854182758,4125.233241775354,4086.4895247041845,4142.758006029039,3945.185248454475,3945.773300022893,4263.4136413817805,4209.055696794145,4173.11902207007,4223.981567108595,4180.376874326341
4344.586249802296,4156.6994555208075,4097.142597084635,4166.863272619301,3945.0148854182758,4125.233241775354,4086.4895247041845,4142.758006029039,3945.185248454475,3945.773300022893,4263.4136413817805,4209.055696794145,4173.11902207007,4223.981567108595,4180.376874326341,4212.0746864039465
4156.6994555208075,4097.142597084635,4166.863272619301,3945.0148854182758,4125.233241775354,4086.4895247041845,4142.758006029039,3945.185248454475,3945.773300022893,4263.4136413817805,4209.055696794145,4173.11902207007,4223.981567108595,4180.376874326341,4212.0746864039465,4346.4022862427855
4097.142597084635,4166.863272619301,3945.0148854182758,4125.233241775354,4086.4895247041845,4142.758006029039,3945.185248454475,3945.773300022893,4263.4136413817805,4209.055696794145,4173.11902207007,4223.981567108595,4180.376874326341,4212.0746864039465,4346.4022862427855,4264.369728983944
4166.863272619301,3945.0148854182758,4125.233241775354,4086.4895247041845,4142.758006029039,3945.185248454475,3945.773300022893,4263.4136413817805,4209.055696794145,4173.11902207007,4223.981567108595,4180.376874326341,4212.0746864039465,4346.4022862427855,4264.369728983944,4374.079804159528
3945.0148854182758,4125.233241775354,4086.4895247041845,4142.758006029039,3945.185248454475,3945.773300022893,4263.4136413817805,4209.055696794145,4173.11902207007,4223.981567108595,4180.376874326341,4212.0746864039465,4346.4022862427855,4264.369728983944,4374.079804159528,4240.662594597648
4125.233241775354,4086.4895247041845,4142.758006029039,3945.185248454475,3945.773300022893,4263.4136413817805,4209.055696794145,4173.11902207007,4223.981567108595,4180.376874326341,4212.0746864039465,4346.4022862427855,4264.369728983944,4374.079804159528,4240.662594597648,4138.30149959711
4086.4895247041845,4142.758006029039,3945.185248454475,3945.773300022893,4263.4136413817805,4209.055696794145,4173.11902207007,4223.981567108595,4180.376874326341,4212.0746864039465,4346.4022862427855,4264.369728983944,4374.079804159528,4240.662594597648,4138.30149959711,4269.462626039529
4142.758006029039,3945.185248454475,3945.773300022893,4263.4136413817805,4209.055696794145,4173.11902207007,4223.981567108595,4180.376874326341,4212.0746864039465,4346.4022862427855,4264.369728983944,4374.079804159528,4240.662594597648,4138.30149959711,4269.462626039529,4334.229909547588
3945.185248454475,3945.773300022893,4263.4136413817805,4209.055696794145,4173.11902207007,4223.981567108595,4180.376874326341,4212.0746864039465,4346.4022862427855,4264.369728983944,4374.079804159528,4240.662594597648,4138.30149959711,4269.462626039529,4334.229909547588,4243.720583027076
3945.773300022893,4263.4136413817805,4209.055696794145,4173.11902207007,4223.981567108595,4180.376874326341,4212.0746864039465,4346.4022862427855,4264.369728983944,4374.079804159528,4240.662594597648,4138.30149959711,4269.462626039529,4334.229909547588,4243.720583027076,4330.091038821799
4263.4136413817805,4209.055696794145,4173.11902207007,4223.981567108595,4180.376874326341,4212.0746864039465,4346.4022862427855,4264.369728983944,4374.079804159528,4240.662594597648,4138.30149959711,4269.462626039529,4334.229909547588,4243.720583027076,4330.091038821799,4328.148396550245
4209.055696794145,4173.11902207007,4223.981567108595,4180.376874326341,4212.0746864039465,4346.4022862427855,4264.369728983944,4374.079804159528,4240.662594597648,4138.30149959711,4269.462626039529,4334.229909547588,4243.720583027076,4330.091038821799,4328.148396550245,4486.420559487134
4173.11902207007,4223.981567108595,4180.376874326341,4212.0746864039465,4346.4022862427855,4264.369728983944,4374.079804159528,4240.662594597648,4138.30149959711,4269.462626039529,4334.229909547588,4243.720583027076,4330.091038821799,4328.148396550245,4486.420559487134,4486.8784440492955
4223.981567108595,4180.376874326341,4212.0746864039465,4346.4022862427855,4264.369728983944,4374.079804159528,4240.662594597648,4138.30149959711,4269.462626039529,4334.229909547588,4243.720583027076,4330.091038821799,4328.148396550245,4486.420559487134,4486.8784440492955,4522.1491746521915
4180.376874326341,4212.0746864039465,4346.4022862427855,4264.369728983944,4374.079804159528,4240.662594597648,4138.30149959711,4269.462626039529,4334.229909547588,4243.720583027076,4330.091038821799,4328.148396550245,4486.420559487134,4486.8784440492955,4522.1491746521915,4337.444873579854
4212.0746864039465,4346.4022862427855,4264.369728983944,4374.079804159528,4240.662594597648,4138.30149959711,4269.462626039529,4334.229909547588,4243.720583027076,4330.091038821799,4328.148396550245,4486.420559487134,4486.8784440492955,4522.1491746521915,4337.444873579854,4460.3048878984855
4346.4022862427855,4264.369728983944,4374.079804159528,4240.662594597648,4138.30149959711,4269.462626039529,4334.229909547588,4243.720583027076,4330.091038821799,4328.148396550245,4486.420559487134,4486.8784440492955,4522.1491746521915,4337.444873579854,4460.3048878984855,4566.552051743557
4264.369728983944,4374.079804159528,4240.662594597648,4138.30149959711,4269.462626039529,4334.229909547588,4243.720583027076,4330.091038821799,4328.148396550245,4486.420559487134,4486.8784440492955,4522.1491746521915,4337.444873579854,4460.3048878984855,4566.552051743557,4458.613381089167
4374.079804159528,4240.662594597648,4138.30149959711,4269.462626039529,4334.229909547588,4243.720583027076,4330.091038821799,4328.148396550245,4486.420559487134,4486.8784440492955,4522.1491746521915,4337.444873579854,4460.3048878984855,4566.552051743557,4458.613381089167,4439.718813350541
4240.662594597648,4138.30149959711,4269.462626039529,4334.229909547588,4243.720583027076,4330.091038821799,4328.148396550245,4486.420559487134,4486.8784440492955,4522.1491746521915,4337.444873579854,4460.3048878984855,4566.552051743557,4458.613381089167,4439.718813350541,4373.933398695873
4138.30149959711,4269.462626039529,4334.229909547588,4243.720583027076,4330.091038821799,4328.148396550245,4486.420559487134,4486.8784440492955,4522.1491746521915,4337.444873579854,4460.3048878984855,4566.552051743557,4458.613381089167,4439.718813350541,4373.933398695873,4546.215410649926
4269.462626039529,4334.229909547588,4243.720583027076,4330.091038821799,4328.148396550245,4486.420559487134,4486.8784440492955,4522.1491746521915,4337.444873579854,4460.3048878984855,4566.552051743557,4458.613381089167,4439.718813350541,4373.933398695873,4546.215410649926,4483.4976667718265
4334.229909547588,4243.720583027076,4330.091038821799,4328.148396550245,4486.420559487134,4486.8784440492955,4522.1491746521915,4337.444873579854,4460.3048878984855,4566.552051743557,4458.613381089167,4439.718813350541,4373.933398695873,4546.215410649926,4483.4976667718265,4574.255116309298
4243.720583027076,4330.091038821799,4328.148396550245,4486.420559487134,4486.8784440492955,4522.1491746521915,4337.444873579854,4460.3048878984855,4566.552051743557,4458.613381089167,4439.718813350541,4373.933398695873,4546.215410649926,4483.4976667718265,4574.255116309298,4459.525411654669
4330.091038821799,4328.148396550245,4486.420559487134,4486.8784440492955,4522.1491746521915,4337.444873579854,4460.3048878984855,4566.552051743557,4458.613381089167,4439.718813350541,4373.933398695873,4546.215410649926,4483.4976667718265,4574.255116309298,4459.525411654669,4693.582941928248
4328.148396550245,4486.420559487134,4486.8784440492955,4522.1491746521915,4337.444873579854,4460.3048878984855,4566.552051743557,4458.613381089167,4439.718813350541,4373.933398695873,4546.215410649926,4483.4976667718265,4574.255116309298,4459.525411654669,4693.582941928248,4480.7333768733515
4486.420559487134,4486.8784440492955,4522.1491746521915,4337.444873579854,4460.3048878984855,4566.552051743557,4458.613381089167,4439.718813350541,4373.933398695873,4546.215410649926,4483.4976667718265,4574.255116309298,4459.525411654669,4693.582941928248,4480.7333768733515,4359.411044959816
4486.8784440492955,4522.1491746521915,4337.444873579854,4460.3048878984855,4566.552051743557,4458.613381089167,4439.718813350541,4373.933398695873,4546.215410649926,4483.4976667718265,4574.255116309298,4459.525411654669,4693.582941928248,4480.7333768733515,4359.411044959816,4511.092812714491
4522.1491746521915,4337.444873579854,4460.3048878984855,4566.552051743557,4458.613381089167,4439.718813350541,4373.933398695873,4546.215410649926,4483.4976667718265,4574.255116309298,4459.525411654669,4693.582941928248,4480.7333768733515,4359.411044959816,4511.092812714491,4542.574198968852
4337.444873579854,4460.3048878984855,4566.552051743557,4458.613381089167,4439.718813350541,4373.933398695873,4546.215410649926,4483.4976667718265,4574.255116309298,4459.525411654669,4693.582941928248,4480.7333768733515,4359.411044959816,4511.092812714491,4542.574198968852,4627.856417889535
4460.3048878984855,4566.552051743557,4458.613381089167,4439.718813350541,4373.933398695873,4546.215410649926,4483.4976667718265,4574.255116309298,4459.525411654669,4693.582941928248,4480.7333768733515,4359.411044959816,4511.092812714491,4542.574198968852,4627.856417889535,4446.878903293646
4566.552051743557,4458.613381089167,4439.718813350541,4373.933398695873,4546.215410649926,4483.4976667718265,4574.255116309298,4459.525411654669,4693.582941928248,4480.7333768733515,4359.411044959816,4511.092812714491,4542.574198968852,4627.856417889535,4446.878903293646,4441.227173839216
4458.613381089167,4439.718813350541,4373.933398695873,4546.215410649926,4483.4976667718265,4574.255116309298,4459.525411654669,4693.582941928248,4480.7333768733515,4359.411044959816,4511.092812714491,4542.574198968852,4627.856417889535,4446.878903293646,4441.227173839216,4470.3473637617635
4439.718813350541,4373.933398695873,4546.215410649926,4483.4976667718265,4574.255116309298,4459.525411654669,4693.582941928248,4480.7333768733515,4359.411044959816,4511.092812714491,4542.574198968852,4627.856417889535,4446.878903293646,4441.227173839216,4470.3473637617635,4457.860613876062
4373.933398695873,4546.215410649926,4483.4976667718265,4574.255116309298,4459.525411654669,4693.582941928248,4480.7333768733515,4359.411044959816,4511.092812714491,4542.574198968852,4627.856417889535,4446.878903293646,4441.227173839216,4470.3473637617635,4457.860613876062,4278.771155292357
4546.215410649926,4483.4976667718265,4574.255116309298,4459.525411654669,4693.582941928248,4480.7333768733515,4359.411044959816,4511.092812714491,4542.574198968852,4627.856417889535,4446.878903293646,4441.227173839216,4470.3473637617635,4457.860613876062,4278.771155292357,4572.457574475734
4483.4976667718265,4574.255116309298,4459.525411654669,4693.582941928248,4480.7333768733515,4359.411044959816,4511.092812714491,4542.574198968852,4627.856417889535,4446.878903293646,4441.227173839216,4470.3473637617635,4457.860613876062,4278.771155292357,4572.457574475734,4626.812561474455
4574.255116309298,4459.525411654669,4693.582941928248,4480.7333768733515,4359.411044959816,4511.092812714491,4542.574198968852,4627.856417889535,4446.878903293646,4441.227173839216,4470.3473637617635,4457.860613876062,4278.771155292357,4572.457574475734,4626.812561474455,4416.632151262926
4459.525411654669,4693.582941928248,4480.7333768733515,4359.411044959816,4511.092812714491,4542.574198968852,4627.856417889535,4446.878903293646,4441.227173839216,4470.3473637617635,4457.860613876062,4278.771155292357,4572.457574475734,4626.812561474455,4416.632151262926,4391.536768057065
4693.582941928248,4480.7333768733515,4359.411044959816,4511.092812714491,4542.574198968852,4627.856417889535,4446.878903293646,4441.227173839216,4470.3473637617635,4457.860613876062,4278.771155292357,4572.457574475734,4626.812561474455,4416.632151262926,4391.536768057065,4476.780234595547
4480.7333768733515,4359.411044959816,4511.092812714491,4542.574198968852,4627.856417889535,4446.878903293646,4441.227173839216,4470.3473637617635,4457.860613876062,4278.771155292357,4572.457574475734,4626.812561474455,4416.632151262926,4391.536768057065,4476.780234595547,4404.272692341183
4359.411044959816,4511.092812714491,4542.574198968852,4627.856417889535,4446.878903293646,4441.227173839216,4470.3473637617635,4457.860613876062,4278.771155292357,4572.457574475734,4626.812561474455,4416.632151262926,4391.536768057065,4476.780234595547,4404.272692341183,4567.741257900467
4511.092812714491,4542.574198968852,4627.856417889535,4446.878903293646,4441.227173839216,4470.3473637617635,4457.860613876062,4278.771155292357,4572.457574475734,4626.812561474455,4416.632151262926,4391.536768057065,4476.780234595547,4404.272692341183,4567.741257900467,4417.831958082837
4542.574198968852,4627.856417889535,4446.878903293646,4441.227173839216,4470.3473637617635,4457.860613876062,4278.771155292357,4572.457574475734,4626.812561474455,4416.632151262926,4391.536768057065,4476.780234595547,4404.272692341183,4567.741257900467,4417.831958082837,4541.834802947268
4627.856417889535,4446.878903293646,4441.227173839216,4470.3473637617635,4457.860613876062,4278.771155292357,4572.457574475734,4626.812561474455,4416.632151262926,4391.536768057065,4476.780234595547,4404.272692341183,4567.741257900467,4417.831958082837,4541.834802947268,4345.323718032514
4446.878903293646,4441.227173839216,4470.3473637617635,4457.860613876062,4278.771155292357,4572.457574475734,4626.812561474455,4416.632151262926,4391.536768057065,4476.780234595547,4404.272692341183,4567.741257900467,4417.831958082837,4541.834802947268,4345.323718032514,4322.760920294218
4441.227173839216,4470.3473637617635,4457.860613876062,4278.771155292357,4572.457574475734,4626.812561474455,4416.632151262926,4391.536768057065,4476.780234595547,4404.272692341183,4567.741257900467,4417.831958082837,4541.834802947268,4345.323718032514,4322.760920294218,4302.92172621382
4470.3473637617635,4457.860613876062,4278.771155292357,4572.457574475734,4626.812561474455,4416.632151262926,4391.536768057065,4476.780234595547,4404.272692341183,4567.741257900467,4417.831958082837,4541.834802947268,4345.323718032514,4322.760920294218,4302.92172621382,4311.00774639403
4457.860613876062,4278.771155292357,4572.457574475734,4626.812561474455,4416.632151262926,4391.536768057065,4476.780234595547,4404.272692341183,4567.741257900467,4417.831958082837,4541.834802947268,4345.323718032514,4322.760920294218,4302.92172621382,4311.00774639403,4496.331853723995
4278.771155292357,4572.457574475734,4626.812561474455,4416.632151262926,4391.536768057065,4476.780234595547,4404.272692341183,4567.741257900467,4417.831958082837,4541.834802947268,4345.323718032514,4322.760920294218,4302.92172621382,4311.00774639403,4496.331853723995,4532.8691011829405
4572.457574475734,4626.812561474455,4416.632151262926,4391.536768057065,4476.780234595547,4404.272692341183,4567.741257900467,4417.831958082837,4541.834802947268,4345.323718032514,4322.760920294218,4302.92172621382,4311.00774639403,4496.331853723995,4532.8691011829405,4453.332880322655
4626.812561474455,4416.632151262926,4391.536768057065,4476.780234595547,4404.272692341183,4567.741257900467,4417.831958082837,4541.834802947268,4345.323718032514,4322.760920294218,4302.92172621382,4311.00774639403,4496.331853723995,4532.8691011829405,4453.332880322655,4452.968847969875
4416.632151262926,4391.536768057065,4476.780234595547,4404.272692341183,4567.741257900467,4417.831958082837,4541.834802947268,4345.323718032514,4322.760920294218,4302.92172621382,4311.00774639403,4496.331853723995,4532.8691011829405,4453.332880322655,4452.968847969875,4194.400069240907
4391.536768057065,4476.780234595547,4404.272692341183,4567.741257900467,4417.831958082837,4541.834802947268,4345.323718032514,4322.760920294218,4302.92172621382,4311.00774639403,4496.331853723995,4532.8691011829405,4453.332880322655,4452.968847969875,4194.400069240907,4529.770401244985
4476.780234595547,4404.272692341183,4567.741257900467,4417.831958082837,4541.834802947268,4345.323718032514,4322.760920294218,4302.92172621382,4311.00774639403,4496.331853723995,4532.8691011829405,4453.332880322655,4452.968847969875,4194.400069240907,4529.770401244985,4277.932345566557
4404.272692341183,4567.741257900467,4417.831958082837,4541.834802947268,4345.323718032514,4322.760920294218,4302.92172621382,4311.00774639403,4496.331853723995,4532.8691011829405,4453.332880322655,4452.968847969875,4194.400069240907,4529.770401244985,4277.932345566557,4531.436794104467
4567.741257900467,4417.831958082837,4541.834802947268,4345.323718032514,4322.760920294218,4302.92172621382,4311.00774639403,4496.331853723995,4532.8691011829405,4453.332880322655,4452.968847969875,4194.400069240907,4529.770401244985,4277.932345566557,4531.436794104467,4637.076952019999
4417.831958082837,4541.834802947268,4345.323718032514,4322.760920294218,4302.92172621382,4311.00774639403,4496.331853723995,4532.8691011829405,4453.332880322655,4452.968847969875,4194.400069240907,4529.770401244985,4277.932345566557,4531.436794104467,4637.076952019999,4383.4993546542555
4541.834802947268,4345.323718032514,4322.760920294218,4302.92172621382,4311.00774639403,4496.331853723995,4532.8691011829405,4453.332880322655,4452.968847969875,4194.400069240907,4529.770401244985,4277.932345566557,4531.436794104467,4637.076952019999,4383.4993546542555,4431.057684075078
4345.323718032514,4322.760920294218,4302.92172621382,4311.00774639403,4496.331853723995,4532.8691011829405,4453.332880322655,4452.968847969875,4194.400069240907,4529.770401244985,4277.932345566557,4531.436794104467,4637.076952019999,4383.4993546542555,4431.057684075078,4419.908299816379
4322.760920294218,4302.92172621382,4311.00774639403,4496.331853723995,4532.8691011829405,4453.332880322655,4452.968847969875,4194.400069240907,4529.770401244985,4277.932345566557,4531.436794104467,4637.076952019999,4383.4993546542555,4431.057684075078,4419.908299816379,4208.713674472125
4302.92172621382,4311.00774639403,4496.331853723995,4532.8691011829405,4453.332880322655,4452.968847969875,4194.400069240907,4529.770401244985,4277.932345566557,4531.436794104467,4637.076952019999,4383.4993546542555,4431.057684075078,4419.908299816379,4208.713674472125,4216.185646425043
4311.00774639403,4496.331853723995,4532.8691011829405,4453.332880322655,4452.968847969875,4194.400069240907,4529.770401244985,4277.932345566557,4531.436794104467,4637.076952019999,4383.4993546542555,4431.057684075078,4419.908299816379,4208.713674472125,4216.185646425043,4249.689903333678
4496.331853723995,4532.8691011829405,4453.332880322655,4452.968847969875,4194.400069240907,4529.770401244985,4277.932345566557,4531.436794104467,4637.076952019999,4383.4993546542555,4431.057684075078,4419.908299816379,4208.713674472125,4216.185646425043,4249.689903333678,4324.290859657855
4532.8691011829405,4453.332880322655,4452.968847969875,4194.400069240907,4529.770401244985,4277.932345566557,4531.436794104467,4637.076952019999,4383.4993546542555,4431.057684075078,4419.908299816379,4208.713674472125,4216.185646425043,4249.689903333678,4324.290859657855,4382.620667458637
4453.332880322655,4452.968847969875,4194.400069240907,4529.770401244985,4277.932345566557,4531.436794104467,4637.076952019999,4383.4993546542555,4431.057684075078,4419.908299816379,4208.713674472125,4216.185646425043,4249.689903333678,4324.290859657855,4382.620667458637,4294.524639971925
4452.968847969875,4194.400069240907,4529.770401244985,4277.932345566557,4531.436794104467,4637.076952019999,4383.4993546542555,4431.057684075078,4419.908299816379,4208.713674472125,4216.185646425043,4249.689903333678,4324.290859657855,4382.620667458637,4294.524639971925,4382.8469247121775
4194.400069240907,4529.770401244985,4277.932345566557,4531.436794104467,4637.076952019999,4383.4993546542555,4431.057684075078,4419.908299816379,4208.713674472125,4216.185646425043,4249.689903333678,4324.290859657855,4382.620667458637,4294.524639971925,4382.8469247121775,4202.538817068765
4529.770401244985,4277.932345566557,4531.436794104467,4637.076952019999,4383.4993546542555,4431.057684075078,4419.908299816379,4208.713674472125,4216.185646425043,4249.689903333678,4324.290859657855,4382.620667458637,4294.524639971925,4382.8469247121775,4202.538817068765,4094.8104726462693
4277.932345566557,4531.436794104467,4637.076952019999,4383.4993546542555,4431.057684075078,4419.908299816379,4208.713674472125,4216.185646425043,4249.689903333678,4324.290859657855,4382.620667458637,4294.524639971925,4382.8469247121775,4202.538817068765,4094.8104726462693,4229.167028358138
4531.436794104467,4637.076952019999,4383.4993546542555,4431.057684075078,4419.908299816379,4208.713674472125,4216.185646425043,4249.689903333678,4324.290859657855,4382.620667458637,4294.524639971925,4382.8469247121775,4202.538817068765,4094.8104726462693,4229.167028358138,4205.387455297254
4637.076952019999,4383.4993546542555,4431.057684075078,4419.908299816379,4208.713674472125,4216.185646425043,4249.689903333678,4324.290859657855,4382.620667458637,4294.524639971925,4382.8469247121775,4202.538817068765,4094.8104726462693,4229.167028358138,4205.387455297254,4049.2132134273816
4383.4993546542555,4431.057684075078,4419.908299816379,4208.713674472125,4216.185646425043,4249.689903333678,4324.290859657855,4382.620667458637,4294.524639971925,4382.8469247121775,4202.538817068765,4094.8104726462693,4229.167028358138,4205.387455297254,4049.2132134273816,4286.119544236647
4431.057684075078,4419.908299816379,4208.713674472125,4216.185646425043,4249.689903333678,4324.290859657855,4382.620667458637,4294.524639971925,4382.8469247121775,4202.538817068765,4094.8104726462693,4229.167028358138,4205.387455297254,4049.2132134273816,4286.119544236647,4065.355878243525
4419.908299816379,4208.713674472125,4216.185646425043,4249.689903333678,4324.290859657855,4382.620667458637,4294.524639971925,4382.8469247121775,4202.538817068765,4094.8104726462693,4229.167028358138,4205.387455297254,4049.2132134273816,4286.119544236647,4065.355878243525,4072.8387995615367
4208.713674472125,4216.185646425043,4249.689903333678,4324.290859657855,4382.620667458637,4294.524639971925,4382.8469247121775,4202.538817068765,4094.8104726462693,4229.167028358138,4205.387455297254,4049.2132134273816,4286.119544236647,4065.355878243525,4072.8387995615367,4153.6947533618295
4216.185646425043,4249.689903333678,4324.290859657855,4382.620667458637,4294.524639971925,4382.8469247121775,4202.538817068765,4094.8104726462693,4229.167028358138,4205.387455297254,4049.2132134273816,4286.119544236647,4065.355878243525,4072.8387995615367,4153.6947533618295,4002.7165751165667
4249.689903333678,4324.290859657855,4382.620667458637,4294.524639971925,4382.8469247121775,4202.538817068765,4094.8104726462693,4229.167028358138,4205.387455297254,4049.2132134273816,4286.119544236647,4065.355878243525,4072.8387995615367,4153.6947533618295,4002.7165751165667,4160.140739081178
4324.290859657855,4382.620667458637,4294.524639971925,4382.8469247121775,4202.538817068765,4094.8104726462693,4229.167028358138,4205.387455297254,4049.2132134273816,4286.119544236647,4065.355878243525,4072.8387995615367,4153.6947533618295,4002.7165751165667,4160.140739081178,4118.584704242222
4382.620667458637,4294.524639971925,4382.8469247121775,4202.538817068765,4094.8104726462693,4229.167028358138,4205.387455297254,4049.2132134273816,4286.119544236647,4065.355878243525,4072.8387995615367,4153.6947533618295,4002.7165751165667,4160.140739081178,4118.584704242222,4107.388344199272
4294.524639971925,4382.8469247121775,4202.538817068765,4094.8104726462693,4229.167028358138,4205.387455297254,4049.2132134273816,4286.119544236647,4065.355878243525,4072.8387995615367,4153.6947533618295,4002.7165751165667,4160.140739081178,4118.584704242222,4107.388344199272,4041.94111745423
4382.8469247121775,4202.538817068765,4094.8104726462693,4229.167028358138,4205.387455297254,4049.2132134273816,4286.119544236647,4065.355878243525,4072.8387995615367,4153.6947533618295,4002.7165751165667,4160.140739081178,4118.584704242222,4107.388344199272,4041.94111745423,3974.555136458838
4202.538817068765,4094.8104726462693,4229.167028358138,4205.387455297254,4049.2132134273816,4286.119544236647,4065.355878243525,4072.8387995615367,4153.6947533618295,4002.7165751165667,4160.140739081178,4118.584704242222,4107.388344199272,4041.94111745423,3974.555136458838,3926.268633825843
4094.8104726462693,4229.167028358138,4205.387455297254,4049.2132134273816,4286.119544236647,4065.355878243525,4072.8387995615367,4153.6947533618295,4002.7165751165667,4160.140739081178,4118.584704242222,4107.388344199272,4041.94111745423,3974.555136458838,3926.268633825843,4017.101312424754
4229.167028358138,4205.387455297254,4049.2132134273816,4286.119544236647,4065.355878243525,4072.8387995615367,4153.6947533618295,4002.7165751165667,4160.140739081178,4118.584704242222,4107.388344199272,4041.94111745423,3974.555136458838,3926.268633825843,4017.101312424754,4106.8918629658165
4205.387455297254,4049.2132134273816,4286.119544236647,4065.355878243525,4072.8387995615367,4153.6947533618295,4002.7165751165667,4160.140739081178,4118.584704242222,4107.388344199272,4041.94111745423,3974.555136458838,3926.268633825843,4017.101312424754,4106.8918629658165,4027.3321452170185
4049.2132134273816,4286.119544236647,4065.355878243525,4072.8387995615367,4153.6947533618295,4002.7165751165667,4160.140739081178,4118.584704242222,4107.388344199272,4041.94111745423,3974.555136458838,3926.268633825843,4017.101312424754,4106.8918629658165,4027.3321452170185,3964.585357816655
4286.119544236647,4065.355878243525,4072.8387995615367,4153.6947533618295,4002.7165751165667,4160.140739081178,4118.584704242222,4107.388344199272,4041.94111745423,3974.555136458838,3926.268633825843,4017.101312424754,4106.8918629658165,4027.3321452170185,3964.585357816655,4009.411233836978
4065.355878243525,4072.8387995615367,4153.6947533618295,4002.7165751165667,4160.140739081178,4118.584704242222,4107.388344199272,4041.94111745423,3974.555136458838,3926.268633825843,4017.101312424754,4106.8918629658165,4027.3321452170185,3964.585357816655,4009.411233836978,4022.7786163051665
4072.8387995615367,4153.6947533618295,4002.7165751165667,4160.140739081178,4118.584704242222,4107.388344199272,4041.94111745423,3974.555136458838,3926.268633825843,4017.101312424754,4106.8918629658165,4027.3321452170185,3964.585357816655,4009.411233836978,4022.7786163051665,3735.817361767926
4153.6947533618295,4002.7165751165667,4160.140739081178,4118.584704242222,4107.388344199272,4041.94111745423,3974.555136458838,3926.268633825843,4017.101312424754,4106.8918629658165,4027.3321452170185,3964.585357816655,4009.411233836978,4022.7786163051665,3735.817361767926,3839.7775015951916
4002.7165751165667,4160.140739081178,4118.584704242222,4107.388344199272,4041.94111745423,3974.555136458838,3926.268633825843,4017.101312424754,4106.8918629658165,4027.3321452170185,3964.585357816655,4009.411233836978,4022.7786163051665,3735.817361767926,3839.7775015951916,3948.5371341149366
4160.140739081178,4118.584704242222,4107.388344199272,4041.94111745423,3974.555136458838,3926.268633825843,4017.101312424754,4106.8918629658165,4027.3321452170185,3964.585357816655,4009.411233836978,4022.7786163051665,3735.817361767926,3839.7775015951916,3948.5371341149366,3734.398106586903
4118.584704242222,4107.388344199272,4041.94111745423,3974.555136458838,3926.268633825843,4017.101312424754,4106.8918629658165,4027.3321452170185,3964.585357816655,4009.411233836978,4022.7786163051665,3735.817361767926,3839.7775015951916,3948.5371341149366,3734.398106586903,3731.429461936895
4107.388344199272,4041.94111745423,3974.555136458838,3926.268633825843,4017.101312424754,4106.8918629658165,4027.3321452170185,3964.585357816655,4009.411233836978,4022.7786163051665,3735.817361767926,3839.7775015951916,3948.5371341149366,3734.398106586903,3731.429461936895,3820.860645997254
4041.94111745423,3974.555136458838,3926.268633825843,4017.101312424754,4106.8918629658165,4027.3321452170185,3964.585357816655,4009.411233836978,4022.7786163051665,3735.817361767926,3839.7775015951916,3948.5371341149366,3734.398106586903,3731.429461936895,3820.860645997254,3712.554730558381
3974.555136458838,3926.268633825843,4017.101312424754,4106.8918629658165,4027.3321452170185,3964.585357816655,4009.411233836978,4022.7786163051665,3735.817361767926,3839.7775015951916,3948.5371341149366,3734.398106586903,3731.429461936895,3820.860645997254,3712.554730558381,3837.1001853867074
3926.268633825843,4017.101312424754,4106.8918629658165,4027.3321452170185,3964.585357816655,4009.411233836978,4022.7786163051665,3735.817361767926,3839.7775015951916,3948.5371341149366,3734.398106586903,3731.429461936895,3820.860645997254,3712.554730558381,3837.1001853867074,3658.0940178048586
4017.101312424754,4106.8918629658165,4027.3321452170185,3964.585357816655,4009.411233836978,4022.7786163051665,3735.817361767926,3839.7775015951916,3948.5371341149366,3734.398106586903,3731.429461936895,3820.860645997254,3712.554730558381,3837.1001853867074,3658.0940178048586,3728.7225943966005
4106.8918629658165,4027.3321452170185,3964.585357816655,4009.411233836978,4022.7786163051665,3735.817361767926,3839.7775015951916,3948.5371341149366,3734.398106586903,3731.429461936895,3820.860645997254,3712.554730558381,3837.1001853867074,3658.0940178048586,3728.7225943966005,3902.578764694464
4027.3321452170185,3964.585357816655,4009.411233836978,4022.7786163051665,3735.817361767926,3839.7775015951916,3948.5371341149366,3734.398106586903,3731.429461936895,3820.860645997254,3712.554730558381,3837.1001853867074,3658.0940178048586,3728.7225943966005,3902.578764694464,3739.0547073529033
3964.585357816655,4009.411233836978,4022.7786163051665,3735.817361767926,3839.7775015951916,3948.5371341149366,3734.398106586903,3731.429461936895,3820.860645997254,3712.554730558381,3837.1001853867074,3658.0940178048586,3728.7225943966005,3902.578764694464,3739.0547073529033,3457.9263526907057
4009.411233836978,4022.7786163051665,3735.817361767926,3839.7775015951916,3948.5371341149366,3734.398106586903,3731.429461936895,3820.860645997254,3712.554730558381,3837.1001853867074,3658.0940178048586,3728.7225943966005,3902.578764694464,3739.0547073529033,3457.9263526907057,3466.4042356009013
4022.7786163051665,3735.817361767926,3839.7775015951916,3948.5371341149366,3734.398106586903,3731.429461936895,3820.860645997254,3712.554730558381,3837.1001853867074,3658.0940178048586,3728.7225943966005,3902.578764694464,3739.0547073529033,3457.9263526907057,3466.4042356009013,3445.9203743697904
3735.817361767926,3839.7775015951916,3948.5371341149366,3734.398106586903,3731.429461936895,3820.860645997254,3712.554730558381,3837.1001853867074,3658.0940178048586,3728.7225943966005,3902.578764694464,3739.0547073529033,3457.9263526907057,3466.4042356009013,3445.9203743697904,3520.2571578350025
3839.7775015951916,3948.5371341149366,3734.398106586903,3731.429461936895,3820.860645997254,3712.554730558381,3837.1001853867074,3658.0940178048586,3728.7225943966005,3902.578764694464,3739.0547073529033,3457.9263526907057,3466.4042356009013,3445.9203743697904,3520.2571578350025,3356.9427505845524
3948.5371341149366,3734.398106586903,3731.429461936895,3820.860645997254,3712.554730558381,3837.1001853867074,3658.0940178048586,3728.7225943966005,3902.578764694464,3739.0547073529033,3457.9263526907057,3466.4042356009013,3445.9203743697904,3520.2571578350025,3356.9427505845524,3533.876992508019
3734.398106586903,3731.429461936895,3820.860645997254,3712.554730558381,3837.1001853867074,3658.0940178048586,3728.7225943966005,3902.578764694464,3739.0547073529033,3457.9263526907057,3466.4042356009013,3445.9203743697904,3520.2571578350025,3356.9427505845524,3533.876992508019,3629.0608593730008
3731.429461936895,3820.860645997254,3712.554730558381,3837.1001853867074,3658.0940178048586,3728.7225943966005,3902.578764694464,3739.0547073529033,3457.9263526907057,3466.4042356009013,3445.9203743697904,3520.2571578350025,3356.9427505845524,3533.876992508019,3629.0608593730008,3587.8669027527862
3820.860645997254,3712.554730558381,3837.1001853867074,3658.0940178048586,3728.7225943966005,3902.578764694464,3739.0547073529033,3457.9263526907057,3466.4042356009013,3445.9203743697904,3520.2571578350025,3356.9427505845524,3533.876992508019,3629.0608593730008,3587.8669027527862,3324.0464726939445
3712.554730558381,3837.1001853867074,3658.0940178048586,3728.7225943966005,3902.578764694464,3739.0547073529033,3457.9263526907057,3466.4042356009013,3445.9203743697904,3520.2571578350025,3356.9427505845524,3533.876992508019,3629.0608593730008,3587.8669027527862,3324.0464726939445,3348.369047929468
3837.1001853867074,3658.0940178048586,3728.7225943966005,3902.578764694464,3739.0547073529033,3457.9263526907057,3466.4042356009013,3445.9203743697904,3520.2571578350025,3356.9427505845524,3533.876992508019,3629.0608593730008,3587.8669027527862,3324.0464726939445,3348.369047929468,3320.9960396369815
3658.0940178048586,3728.7225943966005,3902.578764694464,3739.0547073529033,3457.9263526907057,3466.4042356009013,3445.9203743697904,3520.2571578350025,3356.9427505845524,3533.876992508019,3629.0608593730008,3587.8669027527862,3324.0464726939445,3348.369047929468,3320.9960396369815,3241.652852456956
3728.7225943966005,3902.578764694464,3739.0547073529033,3457.9263526907057,3466.4042356009013,3445.9203743697904,3520.2571578350025,3356.9427505845524,3533.876992508019,3629.0608593730008,3587.8669027527862,3324.0464726939445,3348.369047929468,3320.9960396369815,3241.652852456956,3475.534960448231
3902.578764694464,3739.0547073529033,3457.9263526907057,3466.4042356009013,3445.9203743697904,3520.2571578350025,3356.9427505845524,3533.876992508019,3629.0608593730008,3587.8669027527862,3324.0464726939445,3348.369047929468,3320.9960396369815,3241.652852456956,3475.534960448231,3205.109181055254
3739.0547073529033,3457.9263526907057,3466.4042356009013,3445.9203743697904,3520.2571578350025,3356.9427505845524,3533.876992508019,3629.0608593730008,3587.8669027527862,3324.0464726939445,3348.369047929468,3320.9960396369815,3241.652852456956,3475.534960448231,3205.109181055254,3135.6381086913116
3457.9263526907057,3466.4042356009013,3445.9203743697904,3520.2571578350025,3356.9427505845524,3533.876992508019,3629.0608593730008,3587.8669027527862,3324.0464726939445,3348.369047929468,3320.9960396369815,3241.652852456956,3475.534960448231,3205.109181055254,3135.6381086913116,3261.52447685318
3466.4042356009013,3445.9203743697904,3520.2571578350025,3356.9427505845524,3533.876992508019,3629.0608593730008,3587.8669027527862,3324.0464726939445,3348.369047929468,3320.9960396369815,3241.652852456956,3475.534960448231,3205.109181055254,3135.6381086913116,3261.52447685318,3233.1305834606583
3445.9203743697904,3520.2571578350025,3356.9427505845524,3533.876992508019,3629.0608593730008,3587.8669027527862,3324.0464726939445,3348.369047929468,3320.9960396369815,3241.652852456956,3475.534960448231,3205.109181055254,3135.6381086913116,3261.52447685318,3233.1305834606583,3329.727882750765
3520.2571578350025,3356.9427505845524,3533.876992508019,3629.0608593730008,3587.8669027527862,3324.0464726939445,3348.369047929468,3320.9960396369815,3241.652852456956,3475.534960448231,3205.109181055254,3135.6381086913116,3261.52447685318,3233.1305834606583,3329.727882750765,3304.9370336666916
3356.9427505845524,3533.876992508019,3629.0608593730008,3587.8669027527862,3324.0464726939445,3348.369047929468,3320.9960396369815,3241.652852456956,3475.534960448231,3205.109181055254,3135.6381086913116,3261.52447685318,3233.1305834606583,3329.727882750765,3304.9370336666916,3102.6290270860445
3533.876992508019,3629.0608593730008,3587.8669027527862,3324.0464726939445,3348.369047929468,3320.9960396369815,3241.652852456956,3475.534960448231,3205.109181055254,3135.6381086913116,3261.52447685318,3233.1305834606583,3329.727882750765,3304.9370336666916,3102.6290270860445,2880.5596725983546
3629.0608593730008,3587.8669027527862,3324.0464726939445,3348.369047929468,3320.9960396369815,3241.652852456956,3475.534960448231,3205.109181055254,3135.6381086913116,3261.52447685318,3233.1305834606583,3329.727882750765,3304.9370336666916,3102.6290270860445,2880.5596725983546,3138.982939445939
3587.8669027527862,3324.0464726939445,3348.369047929468,3320.9960396369815,3241.652852456956,3475.534960448231,3205.109181055254,3135.6381086913116,3261.52447685318,3233.1305834606583,3329.727882750765,3304.9370336666916,3102.6290270860445,2880.5596725983546,3138.982939445939,3126.483439200738
3324.0464726939445,3348.369047929468,3320.9960396369815,3241.652852456956,3475.534960448231,3205.109181055254,3135.6381086913116,3261.52447685318,3233.1305834606583,3329.727882750765,3304.9370336666916,3102.6290270860445,2880.5596725983546,3138.982939445939,3126.483439200738,3201.877453736825
3348.369047929468,3320.9960396369815,3241.652852456956,3475.534960448231,3205.109181055254,3135.6381086913116,3261.52447685318,3233.1305834606583,3329.727882750765,3304.9370336666916,3102.6290270860445,2880.5596725983546,3138.982939445939,3126.483439200738,3201.877453736825,2830.3934174100273
3320.9960396369815,3241.652852456956,3475.534960448231,3205.109181055254,3135.6381086913116,3261.52447685318,3233.1305834606583,3329.727882750765,3304.9370336666916,3102.6290270860445,2880.5596725983546,3138.982939445939,3126.483439200738,3201.877453736825,2830.3934174100273,2846.1550969137356
3241.652852456956,3475.534960448231,3205.109181055254,3135.6381086913116,3261.52447685318,3233.1305834606583,3329.727882750765,3304.9370336666916,3102.6290270860445,2880.5596725983546,3138.982939445939,3126.483439200738,3201.877453736825,2830.3934174100273,2846.1550969137356,3099.1910183225955
3475.534960448231,3205.109181055254,3135.6381086913116,3261.52447685318,3233.1305834606583,3329.727882750765,3304.9370336666916,3102.6290270860445,2880.5596725983546,3138.982939445939,3126.483439200738,3201.877453736825,2830.3934174100273,2846.1550969137356,3099.1910183225955,3080.4401465374467
3205.109181055254,3135.6381086913116,3261.52447685318,3233.1305834606583,3329.727882750765,3304.9370336666916,3102.6290270860445,2880.5596725983546,3138.982939445939,3126.483439200738,3201.877453736825,2830.3934174100273,2846.1550969137356,3099.1910183225955,3080.4401465374467,3020.9357596605805
3135.6381086913116,3261.52447685318,3233.1305834606583,3329.727882750765,3304.9370336666916,3102.6290270860445,2880.5596725983546,3138.982939445939,3126.483439200738,3201.877453736825,2830.3934174100273,2846.1550969137356,3099.1910183225955,3080.4401465374467,3020.9357596605805,2859.5539646353395
3261.52447685318,3233.1305834606583,3329.727882750765,3304.9370336666916,3102.6290270860445,2880.5596725983546,3138.982939445939,3126.483439200738,3201.877453736825,2830.3934174100273,2846.1550969137356,3099.1910183225955,3080.4401465374467,3020.9357596605805,2859.5539646353395,2968.1747787850677
3233.1305834606583,3329.727882750765,3304.9370336666916,3102.6290270860445,2880.5596725983546,3138.982939445939,3126.483439200738,3201.877453736825,2830.3934174100273,2846.1550969137356,3099.1910183225955,3080.4401465374467,3020.9357596605805,2859.5539646353395,2968.1747787850677,2753.3117361200907
3329.727882750765,3304.9370336666916,3102.6290270860445,2880.5596725983546,3138.982939445939,3126.483439200738,3201.877453736825,2830.3934174100273,2846.1550969137356,3099.1910183225955,3080.4401465374467,3020.9357596605805,2859.5539646353395,2968.1747787850677,2753.3117361200907,2656.7049272908193
3304.9370336666916,3102.6290270860445,2880.5596725983546,3138.982939445939,3126.483439200738,3201.877453736825,2830.3934174100273,2846.1550969137356,3099.1910183225955,3080.4401465374467,3020.9357596605805,2859.5539646353395,2968.1747787850677,2753.3117361200907,2656.7049272908193,2752.157964673192
3102.6290270860445,2880.5596725983546,3138.982939445939,3126.483439200738,3201.877453736825,2830.3934174100273,2846.1550969137356,3099.1910183225955,3080.4401465374467,3020.9357596605805,2859.5539646353395,2968.1747787850677,2753.3117361200907,2656.7049272908193,2752.157964673192,2743.450356883966
2880.5596725983546,3138.982939445939,3126.483439200738,3201.877453736825,2830.3934174100273,2846.1550969137356,3099.1910183225955,3080.4401465374467,3020.9357596605805,2859.5539646353395,2968.1747787850677,2753.3117361200907,2656.7049272908193,2752.157964673192,2743.450356883966,2789.8643362359544
3138.982939445939,3126.483439200738,3201.877453736825,2830.3934174100273,2846.1550969137356,3099.1910183225955,3080.4401465374467,3020.9357596605805,2859.5539646353395,2968.1747787850677,2753.3117361200907,2656.7049272908193,2752.157964673192,2743.450356883966,2789.8643362359544,2793.812566753251
3126.483439200738,3201.877453736825,2830.3934174100273,2846.1550969137356,3099.1910183225955,3080.4401465374467,3020.9357596605805,2859.5539646353395,2968.1747787850677,2753.3117361200907,2656.7049272908193,2752.157964673192,2743.450356883966,2789.8643362359544,2793.812566753251,2475.908006845023
3201.877453736825,2830.3934174100273,2846.1550969137356,3099.1910183225955,3080.4401465374467,3020.9357596605805,2859.5539646353395,2968.1747787850677,2753.3117361200907,2656.7049272908193,2752.157964673192,2743.450356883966,2789.8643362359544,2793.812566753251,2475.908006845023,2660.0763580016855
2830.3934174100273,2846.1550969137356,3099.1910183225955,3080.4401465374467,3020.9357596605805,2859.5539646353395,2968.1747787850677,2753.3117361200907,2656.7049272908193,2752.157964673192,2743.450356883966,2789.8643362359544,2793.812566753251,2475.908006845023,2660.0763580016855,2655.8191352117738
2846.1550969137356,3099.1910183225955,3080.4401465374467,3020.9357596605805,2859.5539646353395,2968.1747787850677,2753.3117361200907,2656.7049272908193,2752.157964673192,2743.450356883966,2789.8643362359544,2793.812566753251,2475.908006845023,2660.0763580016855,2655.8191352117738,2451.3968777553046
3099.1910183225955,3080.4401465374467,3020.9357596605805,2859.5539646353395,2968.1747787850677,2753.3117361200907,2656.7049272908193,2752.157964673192,2743.450356883966,2789.8643362359544,2793.812566753251,2475.908006845023,2660.0763580016855,2655.8191352117738,2451.3968777553046,2528.822552551109
3080.4401465374467,3020.9357596605805,2859.5539646353395,2968.1747787850677,2753.3117361200907,2656.7049272908193,2752.157964673192,2743.450356883966,2789.8643362359544,2793.812566753251,2475.908006845023,2660.0763580016855,2655.8191352117738,2451.3968777553046,2528.822552551109,2536.9209170903873
3020.9357596605805,2859.5539646353395,2968.1747787850677,2753.3117361200907,2656.7049272908193,2752.157964673192,2743.450356883966,2789.8643362359544,2793.812566753251,2475.908006845023,2660.0763580016855,2655.8191352117738,2451.3968777553046,2528.822552551109,2536.9209170903873,2552.2013350297107
2859.5539646353395,2968.1747787850677,2753.3117361200907,2656.7049272908193,2752.157964673192,2743.450356883966,2789.8643362359544,2793.812566753251,2475.908006845023,2660.0763580016855,2655.8191352117738,2451.3968777553046,2528.822552551109,2536.9209170903873,2552.2013350297107,2394.1166484861715
2968.1747787850677,2753.3117361200907,2656.7049272908193,2752.157964673192,2743.450356883966,2789.8643362359544,2793.812566753251,2475.908006845023,2660.0763580016855,2655.8191352117738,2451.3968777553046,2528.822552551109,2536.9209170903873,2552.2013350297107,2394.1166484861715,2396.3036542986297
2753.3117361200907,2656.7049272908193,2752.157964673192,2743.450356883966,2789.8643362359544,2793.812566753251,2475.908006845023,2660.0763580016855,2655.8191352117738,2451.3968777553046,2528.822552551109,2536.9209170903873,2552.2013350297107,2394.1166484861715,2396.3036542986297,2320.8650540804742
2656.7049272908193,2752.157964673192,2743.450356883966,2789.8643362359544,2793.812566753251,2475.908006845023,2660.0763580016855,2655.8191352117738,2451.3968777553046,2528.822552551109,2536.9209170903873,2552.2013350297107,2394.1166484861715,2396.3036542986297,2320.8650540804742,2444.574860020796
2752.157964673192,2743.450356883966,2789.8643362359544,2793.812566753251,2475.908006845023,2660.0763580016855,2655.8191352117738,2451.3968777553046,2528.822552551109,2536.9209170903873,2552.2013350297107,2394.1166484861715,2396.3036542986297,2320.8650540804742,2444.574860020796,2351.9288593451693
2743.450356883966,2789.8643362359544,2793.812566753251,2475.908006845023,2660.0763580016855,2655.8191352117738,2451.3968777553046,2528.822552551109,2536.9209170903873,2552.2013350297107,2394.1166484861715,2396.3036542986297,2320.8650540804742,2444.574860020796,2351.9288593451693,2302.2211447329237
2789.8643362359544,2793.812566753251,2475.908006845023,2660.0763580016855,2655.8191352117738,2451.3968777553046,2528.822552551109,2536.9209170903873,2552.2013350297107,2394.1166484861715,2396.3036542986297,2320.8650540804742,2444.574860020796,2351.9288593451693,2302.2211447329237,2404.560358974004
2793.812566753251,2475.908006845023,2660.0763580016855,2655.8191352117738,2451.3968777553046,2528.822552551109,2536.9209170903873,2552.2013350297107,2394.1166484861715,2396.3036542986297,2320.8650540804742,2444.574860020796,2351.9288593451693,2302.2211447329237,2404.560358974004,2298.4817171818627
2475.908006845023,2660.0763580016855,2655.8191352117738,2451.3968777553046,2528.822552551109,2536.9209170903873,2552.2013350297107,2394.1166484861715,2396.3036542986297,2320.8650540804742,2444.574860020796,2351.9288593451693,2302.2211447329237,2404.560358974004,2298.4817171818627,2170.2693685082018
2660.0763580016855,2655.8191352117738,2451.3968777553046,2528.822552551109,2536.9209170903873,2552.2013350297107,2394.1166484861715,2396.3036542986297,2320.8650540804742,2444.574860020796,2351.9288593451693,2302.2211447329237,2404.560358974004,2298.4817171818627,2170.2693685082018,2386.2807609453534
2655.8191352117738,2451.3968777553046,2528.822552551109,2536.9209170903873,2552.2013350297107,2394.1166484861715,2396.3036542986297,2320.8650540804742,2444.574860020796,2351.9288593451693,2302.2211447329237,2404.560358974004,2298.4817171818627,2170.2693685082018,2386.2807609453534,2347.211620801705
2451.3968777553046,2528.822552551109,2536.9209170903873,2552.2013350297107,2394.1166484861715,2396.3036542986297,2320.8650540804742,2444.574860020796,2351.9288593451693,2302.2211447329237,2404.560358974004,2298.4817171818627,2170.2693685082018,2386.2807609453534,2347.211620801705,2272.290647380871
2528.822552551109,2536.9209170903873,2552.2013350297107,2394.1166484861715,2396.3036542986297,2320.8650540804742,2444.574860020796,2351.9288593451693,2302.2211447329237,2404.560358974004,2298.4817171818627,2170.2693685082018,2386.2807609453534,2347.211620801705,2272.290647380871,2097.2934637582784
2536.9209170903873,2552.2013350297107,2394.1166484861715,2396.3036542986297,2320.8650540804742,2444.574860020796,2351.9288593451693,2302.2211447329237,2404.560358974004,2298.4817171818627,2170.2693685082018,2386.2807609453534,2347.211620801705,2272.290647380871,2097.2934637582784,2294.7633059357254
2552.2013350297107,2394.1166484861715,2396.3036542986297,2320.8650540804742,2444.574860020796,2351.9288593451693,2302.2211447329237,2404.560358974004,2298.4817171818627,2170.2693685082018,2386.2807609453534,2347.211620801705,2272.290647380871,2097.2934637582784,2294.7633059357254,2099.8282798908563
2394.1166484861715,2396.3036542986297,2320.8650540804742,2444.574860020796,2351.9288593451693,2302.2211447329237,2404.560358974004,2298.4817171818627,2170.2693685082018,2386.2807609453534,2347.211620801705,2272.290647380871,2097.2934637582784,2294.7633059357254,2099.8282798908563,1947.5023484966791
2396.3036542986297,2320.8650540804742,2444.574860020796,2351.9288593451693,2302.2211447329237,2404.560358974004,2298.4817171818627,2170.2693685082018,2386.2807609453534,2347.211620801705,2272.290647380871,2097.2934637582784,2294.7633059357254,2099.8282798908563,1947.5023484966791,2104.4686962906126
2320.8650540804742,2444.574860020796,2351.9288593451693,2302.2211447329237,2404.560358974004,2298.4817171818627,2170.2693685082018,2386.2807609453534,2347.211620801705,2272.290647380871,2097.2934637582784,2294.7633059357254,2099.8282798908563,1947.5023484966791,2104.4686962906126,2280.634176740106
2444.574860020796,2351.9288593451693,2302.2211447329237,2404.560358974004,2298.4817171818627,2170.2693685082018,2386.2807609453534,2347.211620801705,2272.290647380871,2097.2934637582784,2294.7633059357254,2099.8282798908563,1947.5023484966791,2104.4686962906126,2280.634176740106,2030.3007675366716
2351.9288593451693,2302.2211447329237,2404.560358974004,2298.4817171818627,2170.2693685082018,2386.2807609453534,2347.211620801705,2272.290647380871,2097.2934637582784,2294.7633059357254,2099.8282798908563,1947.5023484966791,2104.4686962906126,2280.634176740106,2030.3007675366716,2115.710930296261
2302.2211447329237,2404.560358974004,2298.4817171818627,2170.2693685082018,2386.2807609453534,2347.211620801705,2272.290647380871,2097.2934637582784,2294.7633059357254,2099.8282798908563,1947.5023484966791,2104.4686962906126,2280.634176740106,2030.3007675366716,2115.710930296261,2175.5273868039276
2404.560358974004,2298.4817171818627,2170.2693685082018,2386.2807609453534,2347.211620801705,2272.290647380871,2097.2934637582784,2294.7633059357254,2099.8282798908563,1947.5023484966791,2104.4686962906126,2280.634176740106,2030.3007675366716,2115.710930296261,2175.5273868039276,2035.0500584849767
2298.4817171818627,2170.2693685082018,2386.2807609453534,2347.211620801705,2272.290647380871,2097.2934637582784,2294.7633059357254,2099.8282798908563,1947.5023484966791,2104.4686962906126,2280.634176740106,2030.3007675366716,2115.710930296261,2175.5273868039276,2035.0500584849767,1964.8830189414646
2170.2693685082018,2386.2807609453534,2347.211620801705,2272.290647380871,2097.2934637582784,2294.7633059357254,2099.8282798908563,1947.5023484966791,2104.4686962906126,2280.634176740106,2030.3007675366716,2115.710930296261,2175.5273868039276,2035.0500584849767,1964.8830189414646,1978.96185675697
2386.2807609453534,2347.211620801705,2272.290647380871,2097.2934637582784,2294.7633059357254,2099.8282798908563,1947.5023484966791,2104.4686962906126,2280.634176740106,2030.3007675366716,2115.710930296261,2175.5273868039276,2035.0500584849767,1964.8830189414646,1978.96185675697,2018.0543172043226
2347.211620801705,2272.290647380871,2097.2934637582784,2294.7633059357254,2099.8282798908563,1947.5023484966791,2104.4686962906126,2280.634176740106,2030.3007675366716,2115.710930296261,2175.5273868039276,2035.0500584849767,1964.8830189414646,1978.96185675697,2018.0543172043226,1888.5012871274007
2272.290647380871,2097.2934637582784,2294.7633059357254,2099.8282798908563,1947.5023484966791,2104.4686962906126,2280.634176740106,2030.3007675366716,2115.710930296261,2175.5273868039276,2035.0500584849767,1964.8830189414646,1978.96185675697,2018.0543172043226,1888.5012871274007,1957.6473164258502
2097.2934637582784,2294.7633059357254,2099.8282798908563,1947.5023484966791,2104.4686962906126,2280.634176740106,2030.3007675366716,2115.710930296261,2175.5273868039276,2035.0500584849767,1964.8830189414646,1978.96185675697,2018.0543172043226,1888.5012871274007,1957.6473164258502,1960.9422629218002
2294.7633059357254,2099.8282798908563,1947.5023484966791,2104.4686962906126,2280.634176740106,2030.3007675366716,2115.710930296261,2175.5273868039276,2035.0500584849767,1964.8830189414646,1978.96185675697,2018.0543172043226,1888.5012871274007,1957.6473164258502,1960.9422629218002,1848.649586366319
2099.8282798908563,1947.5023484966791,2104.4686962906126,2280.634176740106,2030.3007675366716,2115.710930296261,2175.5273868039276,2035.0500584849767,1964.8830189414646,1978.96185675697,2018.0543172043226,1888.5012871274007,1957.6473164258502,1960.9422629218002,1848.649586366319,1942.6917519078172
1947.5023484966791,2104.4686962906126,2280.634176740106,2030.3007675366716,2115.710930296261,2175.5273868039276,2035.0500584849767,1964.8830189414646,1978.96185675697,2018.0543172043226,1888.5012871274007,1957.6473164258502,1960.9422629218002,1848.649586366319,1942.6917519078172,1909.7620167893326
2104.4686962906126,2280.634176740106,2030.3007675366716,2115.710930296261,2175.5273868039276,2035.0500584849767,1964.8830189414646,1978.96185675697,2018.0543172043226,1888.5012871274007,1957.6473164258502,1960.9422629218002,1848.649586366319,1942.6917519078172,1909.7620167893326,1803.334426715668
2280.634176740106,2030.3007675366716,2115.710930296261,2175.5273868039276,2035.0500584849767,1964.8830189414646,1978.96185675697,2018.0543172043226,1888.5012871274007,1957.6473164258502,1960.9422629218002,1848.649586366319,1942.6917519078172,1909.7620167893326,1803.334426715668,1801.3698063782845
2030.3007675366716,2115.710930296261,2175.5273868039276,2035.0500584849767,1964.8830189414646,1978.96185675697,2018.0543172043226,1888.5012871274007,1957.6473164258502,1960.9422629218002,1848.649586366319,1942.6917519078172,1909.7620167893326,1803.334426715668,1801.3698063782845,1815.6468463827637
2115.710930296261,2175.5273868039276,2035.0500584849767,1964.8830189414646,1978.96185675697,2018.0543172043226,1888.5012871274007,1957.6473164258502,1960.9422629218002,1848.649586366319,1942.6917519078172,1909.7620167893326,1803.334426715668,1801.3698063782845,1815.6468463827637,1773.714988578156
2175.5273868039276,2035.0500584849767,1964.8830189414646,1978.96185675697,2018.0543172043226,1888.5012871274007,1957.6473164258502,1960.9422629218002,1848.649586366319,1942.6917519078172,1909.7620167893326,1803.334426715668,1801.3698063782845,1815.6468463827637,1773.714988578156,1752.5178871349349
2035.0500584849767,1964.8830189414646,1978.96185675697,2018.0543172043226,1888.5012871274007,1957.6473164258502,1960.9422629218002,1848.649586366319,1942.6917519078172,1909.7620167893326,1803.334426715668,1801.3698063782845,1815.6468463827637,1773.714988578156,1752.5178871349349,1655.4041550835063
1964.8830189414646,1978.96185675697,2018.0543172043226,1888.5012871274007,1957.6473164258502,1960.9422629218002,1848.649586366319,1942.6917519078172,1909.7620167893326,1803.334426715668,1801.3698063782845,1815.6468463827637,1773.714988578156,1752.5178871349349,1655.4041550835063,1755.4309231458412
1978.96185675697,2018.0543172043226,1888.5012871274007,1957.6473164258502,1960.9422629218002,1848.649586366319,1942.6917519078172,1909.7620167893326,1803.334426715668,1801.3698063782845,1815.6468463827637,1773.714988578156,1752.5178871349349,1655.4041550835063,1755.4309231458412,1804.9498240500966
2018.0543172043226,1888.5012871274007,1957.6473164258502,1960.9422629218002,1848.649586366319,1942.6917519078172,1909.7620167893326,1803.334426715668,1801.3698063782845,1815.6468463827637,1773.714988578156,1752.5178871349349,1655.4041550835063,1755.4309231458412,1804.9498240500966,1781.6336066570695
1888.5012871274007,1957.6473164258502,1960.9422629218002,1848.649586366319,1942.6917519078172,1909.7620167893326,1803.334426715668,1801.3698063782845,1815.6468463827637,1773.714988578156,1752.5178871349349,1655.4041550835063,1755.4309231458412,1804.9498240500966,1781.6336066570695,1620.6034930009369
1957.6473164258502,1960.9422629218002,1848.649586366319,1942.6917519078172,1909.7620167893326,1803.334426715668,1801.3698063782845,1815.6468463827637,1773.714988578156,1752.5178871349349,1655.4041550835063,1755.4309231458412,1804.9498240500966,1781.6336066570695,1620.6034930009369,1747.5339394024325
1960.9422629218002,1848.649586366319,1942.6917519078172,1909.7620167893326,1803.334426715668,1801.3698063782845,1815.6468463827637,1773.714988578156,1752.5178871349349,1655.4041550835063,1755.4309231458412,1804.9498240500966,1781.6336066570695,1620.6034930009369,1747.5339394024325,1739.971379524502
1848.649586366319,1942.6917519078172,1909.7620167893326,1803.334426715668,1801.3698063782845,1815.6468463827637,1773.714988578156,1752.5178871349349,1655.4041550835063,1755.4309231458412,1804.9498240500966,1781.6336066570695,1620.6034930009369,1747.5339394024325,1739.971379524502,1573.2421377210935
1942.6917519078172,1909.7620167893326,1803.334426715668,1801.3698063782845,1815.6468463827637,1773.714988578156,1752.5178871349349,1655.4041550835063,1755.4309231458412,1804.9498240500966,1781.6336066570695,1620.6034930009369,1747.5339394024325,1739.971379524502,1573.2421377210935,1707.2653272490086
1909.7620167893326,1803.334426715668,1801.3698063782845,1815.6468463827637,1773.714988578156,1752.5178871349349,1655.4041550835063,1755.4309231458412,1804.9498240500966,1781.6336066570695,1620.6034930009369,1747.5339394024325,1739.971379524502,1573.2421377210935,1707.2653272490086,1625.8230685860917
1803.334426715668,1801.3698063782845,1815.6468463827637,1773.714988578156,1752.5178871349349,1655.4041550835063,1755.4309231458412,1804.9498240500966,1781.6336066570695,1620.6034930009369,1747.5339394024325,1739.971379524502,1573.2421377210935,1707.2653272490086,1625.8230685860917,1594.9535913042978
1801.3698063782845,1815.6468463827637,1773.714988578156,1752.5178871349349,1655.4041550835063,1755.4309231458412,1804.9498240500966,1781.6336066570695,1620.6034930009369,1747.5339394024325,1739.971379524502,1573.2421377210935,1707.2653272490086,1625.8230685860917,1594.9535913042978,1645.3360662176865
1815.6468463827637,1773.714988578156,1752.5178871349349,1655.4041550835063,1755.4309231458412,1804.9498240500966,1781.6336066570695,1620.6034930009369,1747.5339394024325,1739.971379524502,1573.2421377210935,1707.2653272490086,1625.8230685860917,1594.9535913042978,1645.3360662176865,1590.6919823956298
1773.714988578156,1752.5178871349349,1655.4041550835063,1755.4309231458412,1804.9498240500966,1781.6336066570695,1620.6034930009369,1747.5339394024325,1739.971379524502,1573.2421377210935,1707.2653272490086,1625.8230685860917,1594.9535913042978,1645.3360662176865,1590.6919823956298,1377.7999342728524
1752.5178871349349,1655.4041550835063,1755.4309231458412,1804.9498240500966,1781.6336066570695,1620.6034930009369,1747.5339394024325,1739.971379524502,1573.2421377210935,1707.2653272490086,1625.8230685860917,1594.9535913042978,1645.3360662176865,1590.6919823956298,1377.7999342728524,1613.9389511256472
1655.4041550835063,1755.4309231458412,1804.9498240500966,1781.6336066570695,1620.6034930009369,1747.5339394024325,1739.971379524502,1573.2421377210935,1707.2653272490086,1625.8230685860917,1594.9535913042978,1645.3360662176865,1590.6919823956298,1377.7999342728524,1613.9389511256472,1471.3561708814925
1755.4309231458412,1804.9498240500966,1781.6336066570695,1620.6034930009369,1747.5339394024325,1739.971379524502,1573.2421377210935,1707.2653272490086,1625.8230685860917,1594.9535913042978,1645.3360662176865,1590.6919823956298,1377.7999342728524,1613.9389511256472,1471.3561708814925,1566.0086684680325
1804.9498240500966,1781.6336066570695,1620.6034930009369,1747.5339394024325,1739.971379524502,1573.2421377210935,1707.2653272490086,1625.8230685860917,1594.9535913042978,1645.3360662176865,1590.6919823956298,1377.7999342728524,1613.9389511256472,1471.3561708814925,1566.0086684680325,1635.6698243827586
1781.6336066570695,1620.6034930009369,1747.5339394024325,1739.971379524502,1573.2421377210935,1707.2653272490086,1625.8230685860917,1594.9535913042978,1645.3360662176865,1590.6919823956298,1377.7999342728524,1613.9389511256472,1471.3561708814925,1566.0086684680325,1635.6698243827586,1535.9813109615409
1620.6034930009369,1747.5339394024325,1739.971379524502,1573.2421377210935,1707.2653272490086,1625.8230685860917,1594.9535913042978,1645.3360662176865,1590.6919823956298,1377.7999342728524,1613.9389511256472,1471.3561708814925,1566.0086684680325,1635.6698243827586,1535.9813109615409,1507.359595274821
1747.5339394024325,1739.971379524502,1573.2421377210935,1707.2653272490086,1625.8230685860917,1594.9535913042978,1645.3360662176865,1590.6919823956298,1377.7999342728524,1613.9389511256472,1471.3561708814925,1566.0086684680325,1635.6698243827586,1535.9813109615409,1507.359595274821,1559.046996915731
1739.971379524502,1573.2421377210935,1707.2653272490086,1625.8230685860917,1594.9535913042978,1645.3360662176865,1590.6919823956298,1377.7999342728524,1613.9389511256472,1471.3561708814925,1566.0086684680325,1635.6698243827586,1535.9813109615409,1507.359595274821,1559.046996915731,1588.6641318442955
1573.2421377210935,1707.2653272490086,1625.8230685860917,1594.9535913042978,1645.3360662176865,1590.6919823956298,1377.7999342728524,1613.9389511256472,1471.3561708814925,1566.0086684680325,1635.6698243827586,1535.9813109615409,1507.359595274821,1559.046996915731,1588.6641318442955,1449.117065055312
1707.2653272490086,1625.8230685860917,1594.9535913042978,1645.3360662176865,1590.6919823956298,1377.7999342728524,1613.9389511256472,1471.3561708814925,1566.0086684680325,1635.6698243827586,1535.9813109615409,1507.359595274821,1559.046996915731,1588.6641318442955,1449.117065055312,1464.1340201765547
1625.8230685860917,1594.9535913042978,1645.3360662176865,1590.6919823956298,1377.7999342728524,1613.9389511256472,1471.3561708814925,1566.0086684680325,1635.6698243827586,1535.9813109615409,1507.359595274821,1559.046996915731,1588.6641318442955,1449.117065055312,1464.1340201765547,1572.3930967735594
1594.9535913042978,1645.3360662176865,1590.6919823956298,1377.7999342728524,1613.9389511256472,1471.3561708814925,1566.0086684680325,1635.6698243827586,1535.9813109615409,1507.359595274821,1559.046996915731,1588.6641318442955,1449.117065055312,1464.1340201765547,1572.3930967735594,1677.959250966269
1645.3360662176865,1590.6919823956298,1377.7999342728524,1613.9389511256472,1471.3561708814925,1566.0086684680325,1635.6698243827586,1535.9813109615409,1507.359595274821,1559.046996915731,1588.6641318442955,1449.117065055312,1464.1340201765547,1572.3930967735594,1677.959250966269,1513.4034049248887
1590.6919823956298,1377.7999342728524,1613.9389511256472,1471.3561708814925,1566.0086684680325,1635.6698243827586,1535.9813109615409,1507.359595274821,1559.046996915731,1588.6641318442955,1449.117065055312,1464.1340201765547,1572.3930967735594,1677.959250966269,1513.4034049248887,1597.5513772126642
1377.7999342728524,1613.9389511256472,1471.3561708814925,1566.0086684680325,1635.6698243827586,1535.9813109615409,1507.359595274821,1559.046996915731,1588.6641318442955,1449.117065055312,1464.1340201765547,1572.3930967735594,1677.959250966269,1513.4034049248887,1597.5513772126642,1432.2548456310365
1613.9389511256472,1471.3561708814925,1566.0086684680325,1635.6698243827586,1535.9813109615409,1507.359595274821,1559.046996915731,1588.6641318442955,1449.117065055312,1464.1340201765547,1572.3930967735594,1677.959250966269,1513.4034049248887,1597.5513772126642,1432.2548456310365,1504.3513140671787
1471.3561708814925,1566.0086684680325,1635.6698243827586,1535.9813109615409,1507.359595274821,1559.046996915731,1588.6641318442955,1449.117065055312,1464.1340201765547,1572.3930967735594,1677.959250966269,1513.4034049248887,1597.5513772126642,1432.2548456310365,1504.3513140671787,1508.167227378287
1566.0086684680325,1635.6698243827586,1535.9813109615409,1507.359595274821,1559.046996915731,1588.6641318442955,1449.117065055312,1464.1340201765547,1572.3930967735594,1677.959250966269,1513.4034049248887,1597.5513772126642,1432.2548456310365,1504.3513140671787,1508.167227378287,1370.1589584367314
1635.6698243827586,1535.9813109615409,1507.359595274821,1559.046996915731,1588.6641318442955,1449.117065055312,1464.1340201765547,1572.3930967735594,1677.959250966269,1513.4034049248887,1597.5513772126642,1432.2548456310365,1504.3513140671787,1508.167227378287,1370.1589584367314,1495.4415320861997
1535.9813109615409,1507.359595274821,1559.046996915731,1588.6641318442955,1449.117065055312,1464.1340201765547,1572.3930967735594,1677.959250966269,1513.4034049248887,1597.5513772126642,1432.2548456310365,1504.3513140671787,1508.167227378287,1370.1589584367314,1495.4415320861997,1477.366638243559
1507.359595274821,1559.046996915731,1588.6641318442955,1449.117065055312,1464.1340201765547,1572.3930967735594,1677.959250966269,1513.4034049248887,1597.5513772126642,1432.2548456310365,1504.3513140671787,1508.167227378287,1370.1589584367314,1495.4415320861997,1477.366638243559,1240.1347624061418
1559.046996915731,1588.6641318442955,1449.117065055312,1464.1340201765547,1572.3930967735594,1677.959250966269,1513.4034049248887,1597.5513772126642,1432.2548456310365,1504.3513140671787,1508.167227378287,1370.1589584367314,1495.4415320861997,1477.366638243559,1240.1347624061418,1485.7590151063284
1588.6641318442955,1449.117065055312,1464.1340201765547,1572.3930967735594,1677.959250966269,1513.4034049248887,1597.5513772126642,1432.2548456310365,1504.3513140671787,1508.167227378287,1370.1589584367314,1495.4415320861997,1477.366638243559,1240.1347624061418,1485.7590151063284,1523.9664778342446
1449.117065055312,1464.1340201765547,1572.3930967735594,1677.959250966269,1513.4034049248887,1597.5513772126642,1432.2548456310365,1504.3513140671787,1508.167227378287,1370.1589584367314,1495.4415320861997,1477.366638243559,1240.1347624061418,1485.7590151063284,1523.9664778342446,1519.0126085076354
1464.1340201765547,1572.3930967735594,1677.959250966269,1513.4034049248887,1597.5513772126642,1432.2548456310365,1504.3513140671787,1508.167227378287,1370.1589584367314,1495.4415320861997,1477.366638243559,1240.1347624061418,1485.7590151063284,1523.9664778342446,1519.0126085076354,1527.6536410197166
1572.3930967735594,1677.959250966269,1513.4034049248887,1597.5513772126642,1432.2548456310365,1504.3513140671787,1508.167227378287,1370.1589584367314,1495.4415320861997,1477.366638243559,1240.1347624061418,1485.7590151063284,1523.9664778342446,1519.0126085076354,1527.6536410197166,1385.9554729849542
1677.959250966269,1513.4034049248887,1597.5513772126642,1432.2548456310365,1504.3513140671787,1508.167227378287,1370.1589584367314,1495.4415320861997,1477.366638243559,1240.1347624061418,1485.7590151063284,1523.9664778342446,1519.0126085076354,1527.6536410197166,1385.9554729849542,1425.259576215505
1513.4034049248887,1597.5513772126642,1432.2548456310365,1504.3513140671787,1508.167227378287,1370.1589584367314,1495.4415320861997,1477.366638243559,1240.1347624061418,1485.7590151063284,1523.9664778342446,1519.0126085076354,1527.6536410197166,1385.9554729849542,1425.259576215505,1481.7305502401032
1597.5513772126642,1432.2548456310365,1504.3513140671787,1508.167227378287,1370.1589584367314,1495.4415320861997,1477.366638243559,1240.1347624061418,1485.7590151063284,1523.9664778342446,1519.0126085076354,1527.6536410197166,1385.9554729849542,1425.259576215505,1481.7305502401032,1417.0516786921041
1432.2548456310365,1504.3513140671787,1508.167227378287,1370.1589584367314,1495.4415320861997,1477.366638243559,1240.1347624061418,1485.7590151063284,1523.9664778342446,1519.0126085076354,1527.6536410197166,1385.9554729849542,1425.259576215505,1481.7305502401032,1417.0516786921041,1460.076997058168
1504.3513140671787,1508.167227378287,1370.1589584367314,1495.4415320861997,1477.366638243559,1240.1347624061418,1485.7590151063284,1523.9664778342446,1519.0126085076354,1527.6536410197166,1385.9554729849542,1425.259576215505,1481.7305502401032,1417.0516786921041,1460.076997058168,1632.146206854823
1508.167227378287,1370.1589584367314,1495.4415320861997,1477.366638243559,1240.1347624061418,1485.7590151063284,1523.9664778342446,1519.0126085076354,1527.6536410197166,1385.9554729849542,1425.259576215505,1481.7305502401032,1417.0516786921041,1460.076997058168,1632.146206854823,1426.570402541882
1370.1589584367314,1495.4415320861997,1477.366638243559,1240.1347624061418,1485.7590151063284,1523.9664778342446,1519.0126085076354,1527.6536410197166,1385.9554729849542,1425.259576215505,1481.7305502401032,1417.0516786921041,1460.076997058168,1632.146206854823,1426.570402541882,1485.1164882519333
1495.4415320861997,1477.366638243559,1240.1347624061418,1485.7590151063284,1523.9664778342446,1519.0126085076354,1527.6536410197166,1385.9554729849542,1425.259576215505,1481.7305502401032,1417.0516786921041,1460.076997058168,1632.146206854823,1426.570402541882,1485.1164882519333,1706.8156236212876
1477.366638243559,1240.1347624061418,1485.7590151063284,1523.9664778342446,1519.0126085076354,1527.6536410197166,1385.9554729849542,1425.259576215505,1481.7305502401032,1417.0516786921041,1460.076997058168,1632.146206854823,1426.570402541882,1485.1164882519333,1706.8156236212876,1516.7738684682947
1240.1347624061418,1485.7590151063284,1523.9664778342446,1519.0126085076354,1527.6536410197166,1385.9554729849542,1425.259576215505,1481.7305502401032,1417.0516786921041,1460.076997058168,1632.146206854823,1426.570402541882,1485.1164882519333,1706.8156236212876,1516.7738684682947,1436.5094647594747
1485.7590151063284,1523.9664778342446,1519.0126085076354,1527.6536410197166,1385.9554729849542,1425.259576215505,1481.7305502401032,1417.0516786921041,1460.076997058168,1632.146206854823,1426.570402541882,1485.1164882519333,1706.8156236212876,1516.7738684682947,1436.5094647594747,1568.5918024935186
1523.9664778342446,1519.0126085076354,1527.6536410197166,1385.9554729849542,1425.259576215505,1481.7305502401032,1417.0516786921041,1460.076997058168,1632.146206854823,1426.570402541882,1485.1164882519333,1706.8156236212876,1516.7738684682947,1436.5094647594747,1568.5918024935186,1568.0288104742222
1519.0126085076354,1527.6536410197166,1385.9554729849542,1425.259576215505,1481.7305502401032,1417.0516786921041,1460.076997058168,1632.146206854823,1426.570402541882,1485.1164882519333,1706.8156236212876,1516.7738684682947,1436.5094647594747,1568.5918024935186,1568.0288104742222,1571.4776151569806
1527.6536410197166,1385.9554729849542,1425.259576215505,1481.7305502401032,1417.0516786921041,1460.076997058168,1632.146206854823,1426.570402541882,1485.1164882519333,1706.8156236212876,1516.7738684682947,1436.5094647594747,1568.5918024935186,1568.0288104742222,1571.4776151569806,1400.7809775634146
1385.9554729849542,1425.259576215505,1481.7305502401032,1417.0516786921041,1460.076997058168,1632.146206854823,1426.570402541882,1485.1164882519333,1706.8156236212876,1516.7738684682947,1436.5094647594747,1568.5918024935186,1568.0288104742222,1571.4776151569806,1400.7809775634146,1602.4034989064373
1425.259576215505,1481.7305502401032,1417.0516786921041,1460.076997058168,1632.146206854823,1426.570402541882,1485.1164882519333,1706.8156236212876,1516.7738684682947,1436.5094647594747,1568.5918024935186,1568.0288104742222,1571.4776151569806,1400.7809775634146,1602.4034989064373,1620.8640850551394
1481.7305502401032,1417.0516786921041,1460.076997058168,1632.146206854823,1426.570402541882,1485.1164882519333,1706.8156236212876,1516.7738684682947,1436.5094647594747,1568.5918024935186,1568.0288104742222,1571.4776151569806,1400.7809775634146,1602.4034989064373,1620.8640850551394,1797.2454356255882
1417.0516786921041,1460.076997058168,1632.146206854823,1426.570402541882,1485.1164882519333,1706.8156236212876,1516.7738684682947,1436.5094647594747,1568.5918024935186,1568.0288104742222,1571.4776151569806,1400.7809775634146,1602.4034989064373,1620.8640850551394,1797.2454356255882,1670.35283710606
1460.076997058168,1632.146206854823,1426.570402541882,1485.1164882519333,1706.8156236212876,1516.7738684682947,1436.5094647594747,1568.5918024935186,1568.0288104742222,1571.4776151569806,1400.7809775634146,1602.4034989064373,1620.8640850551394,1797.2454356255882,1670.35283710606,1570.1327666588586
1632.146206854823,1426.570402541882,1485.1164882519333,1706.8156236212876,1516.7738684682947,1436.5094647594747,1568.5918024935186,1568.0288104742222,1571.4776151569806,1400.7809775634146,1602.4034989064373,1620.8640850551394,1797.2454356255882,1670.35283710606,1570.1327666588586,1655.286948262043
1426.570402541882,1485.1164882519333,1706.8156236212876,1516.7738684682947,1436.5094647594747,1568.5918024935186,1568.0288104742222,1571.4776151569806,1400.7809775634146,1602.4034989064373,1620.8640850551394,1797.2454356255882,1670.35283710606,1570.1327666588586,1655.286948262043,1701.6171126859524
1485.1164882519333,1706.8156236212876,1516.7738684682947,1436.5094647594747,1568.5918024935186,1568.0288104742222,1571.4776151569806,1400.7809775634146,1602.4034989064373,1620.8640850551394,1797.2454356255882,1670.35283710606,1570.1327666588586,1655.286948262043,1701.6171126859524,1632.165742285468
1706.8156236212876,1516.7738684682947,1436.5094647594747,1568.5918024935186,1568.0288104742222,1571.4776151569806,1400.7809775634146,1602.4034989064373,1620.8640850551394,1797.2454356255882,1670.35283710606,1570.1327666588586,1655.286948262043,1701.6171126859524,1632.165742285468,1654.2947476570694
1516.7738684682947,1436.5094647594747,1568.5918024935186,1568.0288104742222,1571.4776151569806,1400.7809775634146,1602.4034989064373,1620.8640850551394,1797.2454356255882,1670.35283710606,1570.1327666588586,1655.286948262043,1701.6171126859524,1632.165742285468,1654.2947476570694,1806.341054612383
1436.5094647594747,1568.5918024935186,1568.0288104742222,1571.4776151569806,1400.7809775634146,1602.4034989064373,1620.8640850551394,1797.2454356255882,1670.35283710606,1570.1327666588586,1655.286948262043,1701.6171126859524,1632.165742285468,1654.2947476570694,1806.341054612383,1731.9219908766725
1568.5918024935186,1568.0288104742222,1571.4776151569806,1400.7809775634146,1602.4034989064373,1620.8640850551394,1797.2454356255882,1670.35283710606,1570.1327666588586,1655.286948262043,1701.6171126859524,1632.165742285468,1654.2947476570694,1806.341054612383,1731.9219908766725,1747.6287520080418
1568.0288104742222,1571.4776151569806,1400.7809775634146,1602.4034989064373,1620.8640850551394,1797.2454356255882,1670.35283710606,1570.1327666588586,1655.286948262043,1701.6171126859524,1632.165742285468,1654.2947476570694,1806.341054612383,1731.9219908766725,1747.6287520080418,1614.4432031486135
1571.4776151569806,1400.7809775634146,1602.4034989064373,1620.8640850551394,1797.2454356255882,1670.35283710606,1570.1327666588586,1655.286948262043,1701.6171126859524,1632.165742285468,1654.2947476570694,1806.341054612383,1731.9219908766725,1747.6287520080418,1614.4432031486135,1766.3909206048706
1400.7809775634146,1602.4034989064373,1620.8640850551394,1797.2454356255882,1670.35283710606,1570.1327666588586,1655.286948262043,1701.6171126859524,1632.165742285468,1654.2947476570694,1806.341054612383,1731.9219908766725,1747.6287520080418,1614.4432031486135,1766.3909206048706,1549.9372287896726
1602.4034989064373,1620.8640850551394,1797.2454356255882,1670.35283710606,1570.1327666588586,1655.286948262043,1701.6171126859524,1632.165742285468,1654.2947476570694,1806.341054612383,1731.9219908766725,1747.6287520080418,1614.4432031486135,1766.3909206048706,1549.9372287896726,1874.6283652272082
1620.8640850551394,1797.2454356255882,1670.35283710606,1570.1327666588586,1655.286948262043,1701.6171126859524,1632.165742285468,1654.2947476570694,1806.341054612383,1731.9219908766725,1747.6287520080418,1614.4432031486135,1766.3909206048706,1549.9372287896726,1874.6283652272082,1721.9410464125854
1797.2454356255882,1670.35283710606,1570.1327666588586,1655.286948262043,1701.6171126859524,1632.165742285468,1654.2947476570694,1806.341054612383,1731.9219908766725,1747.6287520080418,1614.4432031486135,1766.3909206048706,1549.9372287896726,1874.6283652272082,1721.9410464125854,1845.9096569294948
1670.35283710606,1570.1327666588586,1655.286948262043,1701.6171126859524,1632.165742285468,1654.2947476570694,1806.341054612383,1731.9219908766725,1747.6287520080418,1614.4432031486135,1766.3909206048706,1549.9372287896726,1874.6283652272082,1721.9410464125854,1845.9096569294948,1936.9292211333122
1570.1327666588586,1655.286948262043,1701.6171126859524,1632.165742285468,1654.2947476570694,1806.341054612383,1731.9219908766725,1747.6287520080418,1614.4432031486135,1766.3909206048706,1549.9372287896726,1874.6283652272082,1721.9410464125854,1845.9096569294948,1936.9292211333122,1707.236395725046
1655.286948262043,1701.6171126859524,1632.165742285468,1654.2947476570694,1806.341054612383,1731.9219908766725,1747.6287520080418,1614.4432031486135,1766.3909206048706,1549.9372287896726,1874.6283652272082,1721.9410464125854,1845.9096569294948,1936.9292211333122,1707.236395725046,1945.5805726196247
1701.6171126859524,1632.165742285468,1654.2947476570694,1806.341054612383,1731.9219908766725,1747.6287520080418,1614.4432031486135,1766.3909206048706,1549.9372287896726,1874.6283652272082,1721.9410464125854,1845.9096569294948,1936.9292211333122,1707.236395725046,1945.5805726196247,1870.0013433625816
1632.165742285468,1654.2947476570694,1806.341054612383,1731.9219908766725,1747.6287520080418,1614.4432031486135,1766.3909206048706,1549.9372287896726,1874.6283652272082,1721.9410464125854,1845.9096569294948,1936.9292211333122,1707.236395725046,1945.5805726196247,1870.0013433625816,1978.5037941798787
1654.2947476570694,1806.341054612383,1731.9219908766725,1747.6287520080418,1614.4432031486135,1766.3909206048706,1549.9372287896726,1874.6283652272082,1721.9410464125854,1845.9096569294948,1936.9292211333122,1707.236395725046,1945.5805726196247,1870.0013433625816,1978.5037941798787,1845.8629398854578
1806.341054612383,1731.9219908766725,1747.6287520080418,1614.4432031486135,1766.3909206048706,1549.9372287896726,1874.6283652272082,1721.9410464125854,1845.9096569294948,1936.9292211333122,1707.236395725046,1945.5805726196247,1870.0013433625816,1978.5037941798787,1845.8629398854578,1830.929984717665
1731.9219908766725,1747.6287520080418,1614.4432031486135,1766.3909206048706,1549.9372287896726,1874.6283652272082,1721.9410464125854,1845.9096569294948,1936.9292211333122,1707.236395725046,1945.5805726196247,1870.0013433625816,1978.5037941798787,1845.8629398854578,1830.929984717665,2045.1253115540321
1747.6287520080418,1614.4432031486135,1766.3909206048706,1549.9372287896726,1874.6283652272082,1721.9410464125854,1845.9096569294948,1936.9292211333122,1707.236395725046,1945.5805726196247,1870.0013433625816,1978.5037941798787,1845.8629398854578,1830.929984717665,2045.1253115540321,1976.8916289112306
1614.4432031486135,1766.3909206048706,1549.9372287896726,1874.6283652272082,1721.9410464125854,1845.9096569294948,1936.9292211333122,1707.236395725046,1945.5805726196247,1870.0013433625816,1978.5037941798787,1845.8629398854578,1830.929984717665,2045.1253115540321,1976.8916289112306,1958.6002912328095
1766.3909206048706,1549.9372287896726,1874.6283652272082,1721.9410464125854,1845.9096569294948,1936.9292211333122,1707.236395725046,1945.5805726196247,1870.0013433625816,1978.5037941798787,1845.8629398854578,1830.929984717665,2045.1253115540321,1976.8916289112306,1958.6002912328095,1859.0899265831042
1549.9372287896726,1874.6283652272082,1721.9410464125854,1845.9096569294948,1936.9292211333122,1707.236395725046,1945.5805726196247,1870.0013433625816,1978.5037941798787,1845.8629398854578,1830.929984717665,2045.1253115540321,1976.8916289112306,1958.6002912328095,1859.0899265831042,2121.821946926146
1874.6283652272082,1721.9410464125854,1845.9096569294948,1936.9292211333122,1707.236395725046,1945.5805726196247,1870.0013433625816,1978.5037941798787,1845.8629398854578,1830.929984717665,2045.1253115540321,1976.8916289112306,1958.6002912328095,1859.0899265831042,2121.821946926146,1977.4787963330064
1721.9410464125854,1845.9096569294948,1936.9292211333122,1707.236395725046,1945.5805726196247,1870.0013433625816,1978.5037941798787,1845.8629398854578,1830.929984717665,2045.1253115540321,1976.8916289112306,1958.6002912328095,1859.0899265831042,2121.821946926146,1977.4787963330064,2008.2750260159253
1845.9096569294948,1936.9292211333122,1707.236395725046,1945.5805726196247,1870.0013433625816,1978.5037941798787,1845.8629398854578,1830.929984717665,2045.1253115540321,1976.8916289112306,1958.6002912328095,1859.0899265831042,2121.821946926146,1977.4787963330064,2008.2750260159253,1981.3129691093234
1936.9292211333122,1707.236395725046,1945.5805726196247,1870.0013433625816,1978.5037941798787,1845.8629398854578,1830.929984717665,2045.1253115540321,1976.8916289112306,1958.6002912328095,1859.0899265831042,2121.821946926146,1977.4787963330064,2008.2750260159253,1981.3129691093234,2070.7202505717983
1707.236395725046,1945.5805726196247,1870.0013433625816,1978.5037941798787,1845.8629398854578,1830.929984717665,2045.1253115540321,1976.8916289112306,1958.6002912328095,1859.0899265831042,2121.821946926146,1977.4787963330064,2008.2750260159253,1981.3129691093234,2070.7202505717983,2148.4874416110924
1945.5805726196247,1870.0013433625816,1978.5037941798787,1845.8629398854578,1830.929984717665,2045.1253115540321,1976.8916289112306,1958.6002912328095,1859.0899265831042,2121.821946926146,1977.4787963330064,2008.2750260159253,1981.3129691093234,2070.7202505717983,2148.4874416110924,2104.1904383751585
1870.0013433625816,1978.5037941798787,1845.8629398854578,1830.929984717665,2045.1253115540321,1976.8916289112306,1958.6002912328095,1859.0899265831042,2121.821946926146,1977.4787963330064,2008.2750260159253,1981.3129691093234,2070.7202505717983,2148.4874416110924,2104.1904383751585,2122.2778235266446
1978.5037941798787,1845.8629398854578,1830.929984717665,2045.1253115540321,1976.8916289112306,1958.6002912328095,1859.0899265831042,2121.821946926146,1977.4787963330064,2008.2750260159253,1981.3129691093234,2070.7202505717983,2148.4874416110924,2104.1904383751585,2122.2778235266446,2097.402005640562
1845.8629398854578,1830.929984717665,2045.1253115540321,1976.8916289112306,1958.6002912328095,1859.0899265831042,2121.821946926146,1977.4787963330064,2008.2750260159253,1981.3129691093234,2070.7202505717983,2148.4874416110924,2104.1904383751585,2122.2778235266446,2097.402005640562,2320.198478616866
1830.929984717665,2045.1253115540321,1976.8916289112306,1958.6002912328095,1859.0899265831042,2121.821946926146,1977.4787963330064,2008.2750260159253,1981.3129691093234,2070.7202505717983,2148.4874416110924,2104.1904383751585,2122.2778235266446,2097.402005640562,2320.198478616866,2354.641689065619
2045.1253115540321,1976.8916289112306,1958.6002912328095,1859.0899265831042,2121.821946926146,1977.4787963330064,2008.2750260159253,1981.3129691093234,2070.7202505717983,2148.4874416110924,2104.1904383751585,2122.2778235266446,2097.402005640562,2320.198478616866,2354.641689065619,2187.2822707655664
1976.8916289112306,1958.6002912328095,1859.0899265831042,2121.821946926146,1977.4787963330064,2008.2750260159253,1981.3129691093234,2070.7202505717983,2148.4874416110924,2104.1904383751585,2122.2778235266446,2097.402005640562,2320.198478616866,2354.641689065619,2187.2822707655664,2151.1705694700745
1958.6002912328095,1859.0899265831042,2121.821946926146,1977.4787963330064,2008.2750260159253,1981.3129691093234,2070.7202505717983,2148.4874416110924,2104.1904383751585,2122.2778235266446,2097.402005640562,2320.198478616866,2354.641689065619,2187.2822707655664,2151.1705694700745,2286.067969325756
1859.0899265831042,2121.821946926146,1977.4787963330064,2008.2750260159253,1981.3129691093234,2070.7202505717983,2148.4874416110924,2104.1904383751585,2122.2778235266446,2097.402005640562,2320.198478616866,2354.641689065619,2187.2822707655664,2151.1705694700745,2286.067969325756,2123.008436612152
2121.821946926146,1977.4787963330064,2008.2750260159253,1981.3129691093234,2070.7202505717983,2148.4874416110924,2104.1904383751585,2122.2778235266446,2097.402005640562,2320.198478616866,2354.641689065619,2187.2822707655664,2151.1705694700745,2286.067969325756,2123.008436612152,2329.3051787591744
1977.4787963330064,2008.2750260159253,1981.3129691093234,2070.7202505717983,2148.4874416110924,2104.1904383751585,2122.2778235266446,2097.402005640562,2320.198478616866,2354.641689065619,2187.2822707655664,2151.1705694700745,2286.067969325756,2123.008436612152,2329.3051787591744,2354.5339025181033
2008.2750260159253,1981.3129691093234,2070.7202505717983,2148.4874416110924,2104.1904383751585,2122.2778235266446,2097.402005640562,2320.198478616866,2354.641689065619,2187.2822707655664,2151.1705694700745,2286.067969325756,2123.008436612152,2329.3051787591744,2354.5339025181033,2366.9223545887467
1981.3129691093234,2070.7202505717983,2148.4874416110924,2104.1904383751585,2122.2778235266446,2097.402005640562,2320.198478616866,2354.641689065619,2187.2822707655664,2151.1705694700745,2286.067969325756,2123.008436612152,2329.3051787591744,2354.5339025181033,2366.9223545887467,2531.0458634187207
2070.7202505717983,2148.4874416110924,2104.1904383751585,2122.2778235266446,2097.402005640562,2320.198478616866,2354.641689065619,2187.2822707655664,2151.1705694700745,2286.067969325756,2123.008436612152,2329.3051787591744,2354.5339025181033,2366.9223545887467,2531.0458634187207,2578.354970925726
2148.4874416110924,2104.1904383751585,2122.2778235266446,2097.402005640562,2320.198478616866,2354.641689065619,2187.2822707655664,2151.1705694700745,2286.067969325756,2123.008436612152,2329.3051787591744,2354.5339025181033,2366.9223545887467,2531.0458634187207,2578.354970925726,2465.4534794613246
2104.1904383751585,2122.2778235266446,2097.402005640562,2320.198478616866,2354.641689065619,2187.2822707655664,2151.1705694700745,2286.067969325756,2123.008436612152,2329.3051787591744,2354.5339025181033,2366.9223545887467,2531.0458634187207,2578.354970925726,2465.4534794613246,2409.8182747313435
2122.2778235266446,2097.402005640562,2320.198478616866,2354.641689065619,2187.2822707655664,2151.1705694700745,2286.067969325756,2123.008436612152,2329.3051787591744,2354.5339025181033,2366.9223545887467,2531.0458634187207,2578.354970925726,2465.4534794613246,2409.8182747313435,2570.59653962001
2097.402005640562,2320.198478616866,2354.641689065619,2187.2822707655664,2151.1705694700745,2286.067969325756,2123.008436612152,2329.3051787591744,2354.5339025181033,2366.9223545887467,2531.0458634187207,2578.354970925726,2465.4534794613246,2409.8182747313435,2570.59653962001,2605.6975719084653
2320.198478616866,2354.641689065619,2187.2822707655664,2151.1705694700745,2286.067969325756,2123.008436612152,2329.3051787591744,2354.5339025181033,2366.9223545887467,2531.0458634187207,2578.354970925726,2465.4534794613246,2409.8182747313435,2570.59653962001,2605.6975719084653,2399.864160399188
2354.641689065619,2187.2822707655664,2151.1705694700745,2286.067969325756,2123.008436612152,2329.3051787591744,2354.5339025181033,2366.9223545887467,2531.0458634187207,2578.354970925726,2465.4534794613246,2409.8182747313435,2570.59653962001,2605.6975719084653,2399.864160399188,2470.2047668487135
2187.2822707655664,2151.1705694700745,2286.067969325756,2123.008436612152,2329.3051787591744,2354.5339025181033,2366.9223545887467,2531.0458634187207,2578.354970925726,2465.4534794613246,2409.8182747313435,2570.59653962001,2605.6975719084653,2399.864160399188,2470.2047668487135,2541.140033817673
2151.1705694700745,2286.067969325756,2123.008436612152,2329.3051787591744,2354.5339025181033,2366.9223545887467,2531.0458634187207,2578.354970925726,2465.4534794613246,2409.8182747313435,2570.59653962001,2605.6975719084653,2399.864160399188,2470.2047668487135,2541.140033817673,2427.65331493013
2286.067969325756,2123.008436612152,2329.3051787591744,2354.5339025181033,2366.9223545887467,2531.0458634187207,2578.354970925726,2465.4534794613246,2409.8182747313435,2570.59653962001,2605.6975719084653,2399.864160399188,2470.2047668487135,2541.140033817673,2427.65331493013,2506.517347332535
2123.008436612152,2329.3051787591744,2354.5339025181033,2366.9223545887467,2531.0458634187207,2578.354970925726,2465.4534794613246,2409.8182747313435,2570.59653962001,2605.6975719084653,2399.864160399188,2470.2047668487135,2541.140033817673,2427.65331493013,2506.517347332535,2802.1901583842177
2329.3051787591744,2354.5339025181033,2366.9223545887467,2531.0458634187207,2578.354970925726,2465.4534794613246,2409.8182747313435,2570.59653962001,2605.6975719084653,2399.864160399188,2470.2047668487135,2541.140033817673,2427.65331493013,2506.517347332535,2802.1901583842177,2542.116519489234
2354.5339025181033,2366.9223545887467,2531.0458634187207,2578.354970925726,2465.4534794613246,2409.8182747313435,2570.59653962001,2605.6975719084653,2399.864160399188,2470.2047668487135,2541.140033817673,2427.65331493013,2506.517347332535,2802.1901583842177,2542.116519489234,2774.5148921450027
2366.9223545887467,2531.0458634187207,2578.354970925726,2465.4534794613246,2409.8182747313435,2570.59653962001,2605.6975719084653,2399.864160399188,2470.2047668487135,2541.140033817673,2427.65331493013,2506.517347332535,2802.1901583842177,2542.116519489234,2774.5148921450027,2637.408135598199
2531.0458634187207,2578.354970925726,2465.4534794613246,2409.8182747313435,2570.59653962001,2605.6975719084653,2399.864160399188,2470.2047668487135,2541.140033817673,2427.65331493013,2506.517347332535,2802.1901583842177,2542.116519489234,2774.5148921450027,2637.408135598199,2839.795574199858
2578.354970925726,2465.4534794613246,2409.8182747313435,2570.59653962001,2605.6975719084653,2399.864160399188,2470.2047668487135,2541.140033817673,2427.65331493013,2506.517347332535,2802.1901583842177,2542.116519489234,2774.5148921450027,2637.408135598199,2839.795574199858,2799.3065674298364
2465.4534794613246,2409.8182747313435,2570.59653962001,2605.6975719084653,2399.864160399188,2470.2047668487135,2541.140033817673,2427.65331493013,2506.517347332535,2802.1901583842177,2542.116519489234,2774.5148921450027,2637.408135598199,2839.795574199858,2799.3065674298364,2881.6229908831424
2409.8182747313435,2570.59653962001,2605.6975719084653,2399.864160399188,2470.2047668487135,2541.140033817673,2427.65331493013,2506.517347332535,2802.1901583842177,2542.116519489234,2774.5148921450027,2637.408135598199,2839.795574199858,2799.3065674298364,2881.6229908831424,2682.1148164229985
2570.59653962001,2605.6975719084653,2399.864160399188,2470.2047668487135,2541.140033817673,2427.65331493013,2506.517347332535,2802.1901583842177,2542.116519489234,2774.5148921450027,2637.408135598199,2839.795574199858,2799.3065674298364,2881.6229908831424,2682.1148164229985,2872.8607792083917
2605.6975719084653,2399.864160399188,2470.2047668487135,2541.140033817673,2427.65331493013,2506.517347332535,2802.1901583842177,2542.116519489234,2774.5148921450027,2637.408135598199,2839.795574199858,2799.3065674298364,2881.6229908831424,2682.1148164229985,2872.8607792083917,2814.144724748613
2399.864160399188,2470.2047668487135,2541.140033817673,2427.65331493013,2506.517347332535,2802.1901583842177,2542.116519489234,2774.5148921450027,2637.408135598199,2839.795574199858,2799.3065674298364,2881.6229908831424,2682.1148164229985,2872.8607792083917,2814.144724748613,2971.0399285422623
2470.2047668487135,2541.140033817673,2427.65331493013,2506.517347332535,2802.1901583842177,2542.116519489234,2774.5148921450027,2637.408135598199,2839.795574199858,2799.3065674298364,2881.6229908831424,2682.1148164229985,2872.8607792083917,2814.144724748613,2971.0399285422623,2991.8892763173567
2541.140033817673,2427.65331493013,2506.517347332535,2802.1901583842177,2542.116519489234,2774.5148921450027,2637.408135598199,2839.795574199858,2799.3065674298364,2881.6229908831424,2682.1148164229985,2872.8607792083917,2814.144724748613,2971.0399285422623,2991.8892763173567,2964.0974856403586
2427.65331493013,2506.517347332535,2802.1901583842177,2542.116519489234,2774.5148921450027,2637.408135598199,2839.795574199858,2799.3065674298364,2881.6229908831424,2682.1148164229985,2872.8607792083917,2814.144724748613,2971.0399285422623,2991.8892763173567,2964.0974856403586,2960.5517308566837
2506.517347332535,2802.1901583842177,2542.116519489234,2774.5148921450027,2637.408135598199,2839.795574199858,2799.3065674298364,2881.6229908831424,2682.1148164229985,2872.8607792083917,2814.144724748613,2971.0399285422623,2991.8892763173567,2964.0974856403586,2960.5517308566837,2997.6823917506135
2802.1901583842177,2542.116519489234,2774.5148921450027,2637.408135598199,2839.795574199858,2799.3065674298364,2881.6229908831424,2682.1148164229985,2872.8607792083917,2814.144724748613,2971.0399285422623,2991.8892763173567,2964.0974856403586,2960.5517308566837,2997.6823917506135,3055.722501142119
2542.116519489234,2774.5148921450027,2637.408135598199,2839.795574199858,2799.3065674298364,2881.6229908831424,2682.1148164229985,2872.8607792083917,2814.144724748613,2971.0399285422623,2991.8892763173567,2964.0974856403586,2960.5517308566837,2997.6823917506135,3055.722501142119,3006.6730048595546
2774.5148921450027,2637.408135598199,2839.795574199858,2799.3065674298364,2881.6229908831424,2682.1148164229985,2872.8607792083917,2814.144724748613,2971.0399285422623,2991.8892763173567,2964.0974856403586,2960.5517308566837,2997.6823917506135,3055.722501142119,3006.6730048595546,3039.556458521416
2637.408135598199,2839.795574199858,2799.3065674298364,2881.6229908831424,2682.1148164229985,2872.8607792083917,2814.144724748613,2971.0399285422623,2991.8892763173567,2964.0974856403586,2960.5517308566837,2997.6823917506135,3055.722501142119,3006.6730048595546,3039.556458521416,3044.9418287042795
2839.795574199858,2799.3065674298364,2881.6229908831424,2682.1148164229985,2872.8607792083917,2814.144724748613,2971.0399285422623,2991.8892763173567,2964.0974856403586,2960.5517308566837,2997.6823917506135,3055.722501142119,3006.6730048595546,3039.556458521416,3044.9418287042795,3030.336018748404
2799.3065674298364,2881.6229908831424,2682.1148164229985,2872.8607792083917,2814.144724748613,2971.0399285422623,2991.8892763173567,2964.0974856403586,2960.5517308566837,2997.6823917506135,3055.722501142119,3006.6730048595546,3039.556458521416,3044.9418287042795,3030.336018748404,3262.0655811354072
2881.6229908831424,2682.1148164229985,2872.8607792083917,2814.144724748613,2971.0399285422623,2991.8892763173567,2964.0974856403586,2960.5517308566837,2997.6823917506135,3055.722501142119,3006.6730048595546,3039.556458521416,3044.9418287042795,3030.336018748404,3262.0655811354072,3055.3283324030153
2682.1148164229985,2872.8607792083917,2814.144724748613,2971.0399285422623,2991.8892763173567,2964.0974856403586,2960.5517308566837,2997.6823917506135,3055.722501142119,3006.6730048595546,3039.556458521416,3044.9418287042795,3030.336018748404,3262.0655811354072,3055.3283324030153,3338.4167710281613
2872.8607792083917,2814.144724748613,2971.0399285422623,2991.8892763173567,2964.0974856403586,2960.5517308566837,2997.6823917506135,3055.722501142119,3006.6730048595546,3039.556458521416,3044.9418287042795,3030.336018748404,3262.0655811354072,3055.3283324030153,3338.4167710281613,3305.803210451594
2814.144724748613,2971.0399285422623,2991.8892763173567,2964.0974856403586,2960.5517308566837,2997.6823917506135,3055.722501142119,3006.6730048595546,3039.556458521416,3044.9418287042795,3030.336018748404,3262.0655811354072,3055.3283324030153,3338.4167710281613,3305.803210451594,3093.627229503616
2971.0399285422623,2991.8892763173567,2964.0974856403586,2960.5517308566837,2997.6823917506135,3055.722501142119,3006.6730048595546,3039.556458521416,3044.9418287042795,3030.336018748404,3262.0655811354072,3055.3283324030153,3338.4167710281613,3305.803210451594,3093.627229503616,3106.8751425178675
2991.8892763173567,2964.0974856403586,2960.5517308566837,2997.6823917506135,3055.722501142119,3006.6730048595546,3039.556458521416,3044.9418287042795,3030.336018748404,3262.0655811354072,3055.3283324030153,3338.4167710281613,3305.803210451594,3093.627229503616,3106.8751425178675,3314.493725009319
2964.0974856403586,2960.5517308566837,2997.6823917506135,3055.722501142119,3006.6730048595546,3039.556458521416,3044.9418287042795,3030.336018748404,3262.0655811354072,3055.3283324030153,3338.4167710281613,3305.803210451594,3093.627229503616,3106.8751425178675,3314.493725009319,3232.5715199656943
2960.5517308566837,2997.6823917506135,3055.722501142119,3006.6730048595546,3039.556458521416,3044.9418287042795,3030.336018748404,3262.0655811354072,3055.3283324030153,3338.4167710281613,3305.803210451594,3093.627229503616,3106.8751425178675,3314.493725009319,3232.5715199656943,3376.0673695612436
2997.6823917506135,3055.722501142119,3006.6730048595546,3039.556458521416,3044.9418287042795,3030.336018748404,3262.0655811354072,3055.3283324030153,3338.4167710281613,3305.803210451594,3093.627229503616,3106.8751425178675,3314.493725009319,3232.5715199656943,3376.0673695612436,3480.708644164602
3055.722501142119,3006.6730048595546,3039.556458521416,3044.9418287042795,3030.336018748404,3262.0655811354072,3055.3283324030153,3338.4167710281613,3305.803210451594,3093.627229503616,3106.8751425178675,3314.493725009319,3232.5715199656943,3376.0673695612436,3480.708644164602,3447.374653296791
3006.6730048595546,3039.556458521416,3044.9418287042795,3030.336018748404,3262.0655811354072,3055.3283324030153,3338.4167710281613,3305.803210451594,3093.627229503616,3106.8751425178675,3314.493725009319,3232.5715199656943,3376.0673695612436,3480.708644164602,3447.374653296791,3415.8304384192356
3039.556458521416,3044.9418287042795,3030.336018748404,3262.0655811354072,3055.3283324030153,3338.4167710281613,3305.803210451594,3093.627229503616,3106.8751425178675,3314.493725009319,3232.5715199656943,3376.0673695612436,3480.708644164602,3447.374653296791,3415.8304384192356,3443.762252228823
3044.9418287042795,3030.336018748404,3262.0655811354072,3055.3283324030153,3338.4167710281613,3305.803210451594,3093.627229503616,3106.8751425178675,3314.493725009319,3232.5715199656943,3376.0673695612436,3480.708644164602,3447.374653296791,3415.8304384192356,3443.762252228823,3630.917987031088
3030.336018748404,3262.0655811354072,3055.3283324030153,3338.4167710281613,3305.803210451594,3093.627229503616,3106.8751425178675,3314.493725009319,3232.5715199656943,3376.0673695612436,3480.708644164602,3447.374653296791,3415.8304384192356,3443.762252228823,3630.917987031088,3475.2821326825406
3262.0655811354072,3055.3283324030153,3338.4167710281613,3305.803210451594,3093.627229503616,3106.8751425178675,3314.493725009319,3232.5715199656943,3376.0673695612436,3480.708644164602,3447.374653296791,3415.8304384192356,3443.762252228823,3630.917987031088,3475.2821326825406,3705.7568288505017
3055.3283324030153,3338.4167710281613,3305.803210451594,3093.627229503616,3106.8751425178675,3314.493725009319,3232.5715199656943,3376.0673695612436,3480.708644164602,3447.374653296791,3415.8304384192356,3443.762252228823,3630.917987031088,3475.2821326825406,3705.7568288505017,3760.294297716294
3338.4167710281613,3305.803210451594,3093.627229503616,3106.8751425178675,3314.493725009319,3232.5715199656943,3376.0673695612436,3480.708644164602,3447.374653296791,3415.8304384192356,3443.762252228823,3630.917987031088,3475.2821326825406,3705.7568288505017,3760.294297716294,3547.9509289545026
3305.803210451594,3093.627229503616,3106.8751425178675,3314.493725009319,3232.5715199656943,3376.0673695612436,3480.708644164602,3447.374653296791,3415.8304384192356,3443.762252228823,3630.917987031088,3475.2821326825406,3705.7568288505017,3760.294297716294,3547.9509289545026,3637.039854320185
3093.627229503616,3106.8751425178675,3314.493725009319,3232.5715199656943,3376.0673695612436,3480.708644164602,3447.374653296791,3415.8304384192356,3443.762252228823,3630.917987031088,3475.2821326825406,3705.7568288505017,3760.294297716294,3547.9509289545026,3637.039854320185,3800.3206487394664
3106.8751425178675,3314.493725009319,3232.5715199656943,3376.0673695612436,3480.708644164602,3447.374653296791,3415.8304384192356,3443.762252228823,3630.917987031088,3475.2821326825406,3705.7568288505017,3760.294297716294,3547.9509289545026,3637.039854320185,3800.3206487394664,3587.138677080765
3314.493725009319,3232.5715199656943,3376.0673695612436,3480.708644164602,3447.374653296791,3415.8304384192356,3443.762252228823,3630.917987031088,3475.2821326825406,3705.7568288505017,3760.294297716294,3547.9509289545026,3637.039854320185,3800.3206487394664,3587.138677080765,3721.298916245634
3232.5715199656943,3376.0673695612436,3480.708644164602,3447.374653296791,3415.8304384192356,3443.762252228823,3630.917987031088,3475.2821326825406,3705.7568288505017,3760.294297716294,3547.9509289545026,3637.039854320185,3800.3206487394664,3587.138677080765,3721.298916245634,3805.7111954320726
3376.0673695612436,3480.708644164602,3447.374653296791,3415.8304384192356,3443.762252228823,3630.917987031088,3475.2821326825406,3705.7568288505017,3760.294297716294,3547.9509289545026,3637.039854320185,3800.3206487394664,3587.138677080765,3721.298916245634,3805.7111954320726,3623.413148016979
3480.708644164602,3447.374653296791,3415.8304384192356,3443.762252228823,3630.917987031088,3475.2821326825406,3705.7568288505017,3760.294297716294,3547.9509289545026,3637.039854320185,3800.3206487394664,3587.138677080765,3721.298916245634,3805.7111954320726,3623.413148016979,3784.6277398421353
3447.374653296791,3415.8304384192356,3443.762252228823,3630.917987031088,3475.2821326825406,3705.7568288505017,3760.294297716294,3547.9509289545026,3637.039854320185,3800.3206487394664,3587.138677080765,3721.298916245634,3805.7111954320726,3623.413148016979,3784.6277398421353,3783.5393900824674
3415.8304384192356,3443.762252228823,3630.917987031088,3475.2821326825406,3705.7568288505017,3760.294297716294,3547.9509289545026,3637.039854320185,3800.3206487394664,3587.138677080765,3721.298916245634,3805.7111954320726,3623.413148016979,3784.6277398421353,3783.5393900824674,3741.296446272292
3443.762252228823,3630.917987031088,3475.2821326825406,3705.7568288505017,3760.294297716294,3547.9509289545026,3637.039854320185,3800.3206487394664,3587.138677080765,3721.298916245634,3805.7111954320726,3623.413148016979,3784.6277398421353,3783.5393900824674,3741.296446272292,3966.6859109849047
3630.917987031088,3475.2821326825406,3705.7568288505017,3760.294297716294,3547.9509289545026,3637.039854320185,3800.3206487394664,3587.138677080765,3721.298916245634,3805.7111954320726,3623.413148016979,3784.6277398421353,3783.5393900824674,3741.296446272292,3966.6859109849047,3823.5410792140806
3475.2821326825406,3705.7568288505017,3760.294297716294,3547.9509289545026,3637.039854320185,3800.3206487394664,3587.138677080765,3721.298916245634,3805.7111954320726,3623.413148016979,3784.6277398421353,3783.5393900824674,3741.296446272292,3966.6859109849047,3823.5410792140806,4082.5436442261157
3705.7568288505017,3760.294297716294,3547.9509289545026,3637.039854320185,3800.3206487394664,3587.138677080765,3721.298916245634,3805.7111954320726,3623.413148016979,3784.6277398421353,3783.5393900824674,3741.296446272292,3966.6859109849047,3823.5410792140806,4082.5436442261157,3950.108142960482
3760.294297716294,3547.9509289545026,3637.039854320185,3800.3206487394664,3587.138677080765,3721.298916245634,3805.7111954320726,3623.413148016979,3784.6277398421353,3783.5393900824674,3741.296446272292,3966.6859109849047,3823.5410792140806,4082.5436442261157,3950.108142960482,3831.645903519591
3547.9509289545026,3637.039854320185,3800.3206487394664,3587.138677080765,3721.298916245634,3805.7111954320726,3623.413148016979,3784.6277398421353,3783.5393900824674,3741.296446272292,3966.6859109849047,3823.5410792140806,4082.5436442261157,3950.108142960482,3831.645903519591,3947.4812894169004
3637.039854320185,3800.3206487394664,3587.138677080765,3721.298916245634,3805.7111954320726,3623.413148016979,3784.6277398421353,3783.5393900824674,3741.296446272292,3966.6859109849047,3823.5410792140806,4082.5436442261157,3950.108142960482,3831.645903519591,3947.4812894169004,3866.7966195898625
3800.3206487394664,3587.138677080765,3721.298916245634,3805.7111954320726,3623.413148016979,3784.6277398421353,3783.5393900824674,3741.296446272292,3966.6859109849047,3823.5410792140806,4082.5436442261157,3950.108142960482,3831.645903519591,3947.4812894169004,3866.7966195898625,4042.5438115716424
3587.138677080765,3721.298916245634,3805.7111954320726,3623.413148016979,3784.6277398421353,3783.5393900824674,3741.296446272292,3966.6859109849047,3823.5410792140806,4082.5436442261157,3950.108142960482,3831.645903519591,3947.4812894169004,3866.7966195898625,4042.5438115716424,4046.8087378678747
3721.298916245634,3805.7111954320726,3623.413148016979,3784.6277398421353,3783.5393900824674,3741.296446272292,3966.6859109849047,3823.5410792140806,4082.5436442261157,3950.108142960482,3831.645903519591,3947.4812894169004,3866.7966195898625,4042.5438115716424,4046.8087378678747,3884.8233029863873
3805.7111954320726,3623.413148016979,3784.6277398421353,3783.5393900824674,3741.296446272292,3966.6859109849047,3823.5410792140806,4082.5436442261157,3950.108142960482,3831.645903519591,3947.4812894169004,3866.7966195898625,4042.5438115716424,4046.8087378678747,3884.8233029863873,3980.131431818006
3623.413148016979,3784.6277398421353,3783.5393900824674,3741.296446272292,3966.6859109849047,3823.5410792140806,4082.5436442261157,3950.108142960482,3831.645903519591,3947.4812894169004,3866.7966195898625,4042.5438115716424,4046.8087378678747,3884.8233029863873,3980.131431818006,4086.2025404266083
3784.6277398421353,3783.5393900824674,3741.296446272292,3966.6859109849047,3823.5410792140806,4082.5436442261157,3950.108142960482,3831.645903519591,3947.4812894169004,3866.7966195898625,4042.5438115716424,4046.8087378678747,3884.8233029863873,3980.131431818006,4086.2025404266083,4064.105566256356
3783.5393900824674,3741.296446272292,3966.6859109849047,3823.5410792140806,4082.5436442261157,3950.108142960482,3831.645903519591,3947.4812894169004,3866.7966195898625,4042.5438115716424,4046.8087378678747,3884.8233029863873,3980.131431818006,4086.2025404266083,4064.105566256356,3980.5596451571205
3741.296446272292,3966.6859109849047,3823.5410792140806,4082.5436442261157,3950.108142960482,3831.645903519591,3947.4812894169004,3866.7966195898625,4042.5438115716424,4046.8087378678747,3884.8233029863873,3980.131431818006,4086.2025404266083,4064.105566256356,3980.5596451571205,4201.401651385631
3966.6859109849047,3823.5410792140806,4082.5436442261157,3950.108142960482,3831.645903519591,3947.4812894169004,3866.7966195898625,4042.5438115716424,4046.8087378678747,3884.8233029863873,3980.131431818006,4086.2025404266083,4064.105566256356,3980.5596451571205,4201.401651385631,4245.691136490183
3823.5410792140806,4082.5436442261157,3950.108142960482,3831.645903519591,3947.4812894169004,3866.7966195898625,4042.5438115716424,4046.8087378678747,3884.8233029863873,3980.131431818006,4086.2025404266083,4064.105566256356,3980.5596451571205,4201.401651385631,4245.691136490183,3983.577289325149
4082.5436442261157,3950.108142960482,3831.645903519591,3947.4812894169004,3866.7966195898625,4042.5438115716424,4046.8087378678747,3884.8233029863873,3980.131431818006,4086.2025404266083,4064.105566256356,3980.5596451571205,4201.401651385631,4245.691136490183,3983.577289325149,4290.372273076389
3950.108142960482,3831.645903519591,3947.4812894169004,3866.7966195898625,4042.5438115716424,4046.8087378678747,3884.8233029863873,3980.131431818006,4086.2025404266083,4064.105566256356,3980.5596451571205,4201.401651385631,4245.691136490183,3983.577289325149,4290.372273076389,3961.9748711880097
3831.645903519591,3947.4812894169004,3866.7966195898625,4042.5438115716424,4046.8087378678747,3884.8233029863873,3980.131431818006,4086.2025404266083,4064.105566256356,3980.5596451571205,4201.401651385631,4245.691136490183,3983.577289325149,4290.372273076389,3961.9748711880097,4164.592859993078
3947.4812894169004,3866.7966195898625,4042.5438115716424,4046.8087378678747,3884.8233029863873,3980.131431818006,4086.2025404266083,4064.105566256356,3980.5596451571205,4201.401651385631,4245.691136490183,3983.577289325149,4290.372273076389,3961.9748711880097,4164.592859993078,4128.4289572731295
3866.7966195898625,4042.5438115716424,4046.8087378678747,3884.8233029863873,3980.131431818006,4086.2025404266083,4064.105566256356,3980.5596451571205,4201.401651385631,4245.691136490183,3983.577289325149,4290.372273076389,3961.9748711880097,4164.592859993078,4128.4289572731295,4154.778523995579
4042.5438115716424,4046.8087378678747,3884.8233029863873,3980.131431818006,4086.2025404266083,4064.105566256356,3980.5596451571205,4201.401651385631,4245.691136490183,3983.577289325149,4290.372273076389,3961.9748711880097,4164.592859993078,4128.4289572731295,4154.778523995579,4241.841630147124
4046.8087378678747,3884.8233029863873,3980.131431818006,4086.2025404266083,4064.105566256356,3980.5596451571205,4201.401651385631,4245.691136490183,3983.577289325149,4290.372273076389,3961.9748711880097,4164.592859993078,4128.4289572731295,4154.778523995579,4241.841630147124,4124.642826379269
3884.8233029863873,3980.131431818006,4086.2025404266083,4064.105566256356,3980.5596451571205,4201.401651385631,4245.691136490183,3983.577289325149,4290.372273076389,3961.9748711880097,4164.592859993078,4128.4289572731295,4154.778523995579,4241.841630147124,4124.642826379269,4243.061012581171
3980.131431818006,4086.2025404266083,4064.105566256356,3980.5596451571205,4201.401651385631,4245.691136490183,3983.577289325149,4290.372273076389,3961.9748711880097,4164.592859993078,4128.4289572731295,4154.778523995579,4241.841630147124,4124.642826379269,4243.061012581171,4432.141015461483
4086.2025404266083,4064.105566256356,3980.5596451571205,4201.401651385631,4245.691136490183,3983.577289325149,4290.372273076389,3961.9748711880097,4164.592859993078,4128.4289572731295,4154.778523995579,4241.841630147124,4124.642826379269,4243.061012581171,4432.141015461483,4325.4842910395655
4064.105566256356,3980.5596451571205,4201.401651385631,4245.691136490183,3983.577289325149,4290.372273076389,3961.9748711880097,4164.592859993078,4128.4289572731295,4154.778523995579,4241.841630147124,4124.642826379269,4243.061012581171,4432.141015461483,4325.4842910395655,4440.1820892330825
3980.5596451571205,4201.401651385631,4245.691136490183,3983.577289325149,4290.372273076389,3961.9748711880097,4164.592859993078,4128.4289572731295,4154.778523995579,4241.841630147124,4124.642826379269,4243.061012581171,4432.141015461483,4325.4842910395655,4440.1820892330825,4392.119965201
4201.401651385631,4245.691136490183,3983.577289325149,4290.372273076389,3961.9748711880097,4164.592859993078,4128.4289572731295,4154.778523995579,4241.841630147124,4124.642826379269,4243.061012581171,4432.141015461483,4325.4842910395655,4440.1820892330825,4392.119965201,4160.966255215427
4245.691136490183,3983.577289325149,4290.372273076389,3961.9748711880097,4164.592859993078,4128.4289572731295,4154.778523995579,4241.841630147124,4124.642826379269,4243.061012581171,4432.141015461483,4325.4842910395655,4440.1820892330825,4392.119965201,4160.966255215427,4506.2781515041015
3983.577289325149,4290.372273076389,3961.9748711880097,4164.592859993078,4128.4289572731295,4154.778523995579,4241.841630147124,4124.642826379269,4243.061012581171,4432.141015461483,4325.4842910395655,4440.1820892330825,4392.119965201,4160.966255215427,4506.2781515041015,4427.896734901437
4290.372273076389,3961.9748711880097,4164.592859993078,4128.4289572731295,4154.778523995579,4241.841630147124,4124.642826379269,4243.061012581171,4432.141015461483,4325.4842910395655,4440.1820892330825,4392.119965201,4160.966255215427,4506.2781515041015,4427.896734901437,4420.146309219556
3961.9748711880097,4164.592859993078,4128.4289572731295,4154.778523995579,4241.841630147124,4124.642826379269,4243.061012581171,4432.141015461483,4325.4842910395655,4440.1820892330825,4392.119965201,4160.966255215427,4506.2781515041015,4427.896734901437,4420.146309219556,4329.9996710639025
4164.592859993078,4128.4289572731295,4154.778523995579,4241.841630147124,4124.642826379269,4243.061012581171,4432.141015461483,4325.4842910395655,4440.1820892330825,4392.119965201,4160.966255215427,4506.2781515041015,4427.896734901437,4420.146309219556,4329.9996710639025,4326.45151435133
4128.4289572731295,4154.778523995579,4241.841630147124,4124.642826379269,4243.061012581171,4432.141015461483,4325.4842910395655,4440.1820892330825,4392.119965201,4160.966255215427,4506.2781515041015,4427.896734901437,4420.146309219556,4329.9996710639025,4326.45151435133,4285.1338454401075
4154.778523995579,4241.841630147124,4124.642826379269,4243.061012581171,4432.141015461483,4325.4842910395655,4440.1820892330825,4392.119965201,4160.966255215427,4506.2781515041015,4427.896734901437,4420.146309219556,4329.9996710639025,4326.45151435133,4285.1338454401075,4382.929710317325
4241.841630147124,4124.642826379269,4243.061012581171,4432.141015461483,4325.4842910395655,4440.1820892330825,4392.119965201,4160.966255215427,4506.2781515041015,4427.896734901437,4420.146309219556,4329.9996710639025,4326.45151435133,4285.1338454401075,4382.929710317325,4418.379173190291
4124.642826379269,4243.061012581171,4432.141015461483,4325.4842910395655,4440.1820892330825,4392.119965201,4160.966255215427,4506.2781515041015,4427.896734901437,4420.146309219556,4329.9996710639025,4326.45151435133,4285.1338454401075,4382.929710317325,4418.379173190291,4400.905085353862
4243.061012581171,4432.141015461483,4325.4842910395655,4440.1820892330825,4392.119965201,4160.966255215427,4506.2781515041015,4427.896734901437,4420.146309219556,4329.9996710639025,4326.45151435133,4285.1338454401075,4382.929710317325,4418.379173190291,4400.905085353862,4409.900842341974
4432.141015461483,4325.4842910395655,4440.1820892330825,4392.119965201,4160.966255215427,4506.2781515041015,4427.896734901437,4420.146309219556,4329.9996710639025,4326.45151435133,4285.1338454401075,4382.929710317325,4418.379173190291,4400.905085353862,4409.900842341974,4242.747146801088
4325.4842910395655,4440.1820892330825,4392.119965201,4160.966255215427,4506.2781515041015,4427.896734901437,4420.146309219556,4329.9996710639025,4326.45151435133,4285.1338454401075,4382.929710317325,4418.379173190291,4400.905085353862,4409.900842341974,4242.747146801088,4366.794069046823
4440.1820892330825,4392.119965201,4160.966255215427,4506.2781515041015,4427.896734901437,4420.146309219556,4329.9996710639025,4326.45151435133,4285.1338454401075,4382.929710317325,4418.379173190291,4400.905085353862,4409.900842341974,4242.747146801088,4366.794069046823,4370.545105979419
4392.119965201,4160.966255215427,4506.2781515041015,4427.896734901437,4420.146309219556,4329.9996710639025,4326.45151435133,4285.1338454401075,4382.929710317325,4418.379173190291,4400.905085353862,4409.900842341974,4242.747146801088,4366.794069046823,4370.545105979419,4483.844873215954
4160.966255215427,4506.2781515041015,4427.896734901437,4420.146309219556,4329.9996710639025,4326.45151435133,4285.1338454401075,4382.929710317325,4418.379173190291,4400.905085353862,4409.900842341974,4242.747146801088,4366.794069046823,4370.545105979419,4483.844873215954,4416.760159578596
4506.2781515041015,4427.896734901437,4420.146309219556,4329.9996710639025,4326.45151435133,4285.1338454401075,4382.929710317325,4418.379173190291,4400.905085353862,4409.900842341974,4242.747146801088,4366.794069046823,4370.545105979419,4483.844873215954,4416.760159578596,4422.765901129461
4427.896734901437,4420.146309219556,4329.9996710639025,4326.45151435133,4285.1338454401075,4382.929710317325,4418.379173190291,4400.905085353862,4409.900842341974,4242.747146801088,4366.794069046823,4370.545105979419,4483.844873215954,4416.760159578596,4422.765901129461,4481.051168336925
4420.146309219556,4329.9996710639025,4326.45151435133,4285.1338454401075,4382.929710317325,4418.379173190291,4400.905085353862,4409.900842341974,4242.747146801088,4366.794069046823,4370.545105979419,4483.844873215954,4416.760159578596,4422.765901129461,4481.051168336925,4431.10217211879
4329.9996710639025,4326.45151435133,4285.1338454401075,4382.929710317325,4418.379173190291,4400.905085353862,4409.900842341974,4242.747146801088,4366.794069046823,4370.545105979419,4483.844873215954,4416.760159578596,4422.765901129461,4481.051168336925,4431.10217211879,4454.394438757958
4326.45151435133,4285.1338454401075,4382.929710317325,4418.379173190291,4400.905085353862,4409.900842341974,4242.747146801088,4366.794069046823,4370.545105979419,4483.844873215954,4416.760159578596,4422.765901129461,4481.051168336925,4431.10217211879,4454.394438757958,4593.32459666804
4285.1338454401075,4382.929710317325,4418.379173190291,4400.905085353862,4409.900842341974,4242.747146801088,4366.794069046823,4370.545105979419,4483.844873215954,4416.760159578596,4422.765901129461,4481.051168336925,4431.10217211879,4454.394438757958,4593.32459666804,4474.163231019732
4382.929710317325,4418.379173190291,4400.905085353862,4409.900842341974,4242.747146801088,4366.794069046823,4370.545105979419,4483.844873215954,4416.760159578596,4422.765901129461,4481.051168336925,4431.10217211879,4454.394438757958,4593.32459666804,4474.163231019732,4404.951363498123
4418.379173190291,4400.905085353862,4409.900842341974,4242.747146801088,4366.794069046823,4370.545105979419,4483.844873215954,4416.760159578596,4422.765901129461,4481.051168336925,4431.10217211879,4454.394438757958,4593.32459666804,4474.163231019732,4404.951363498123,4554.745873654678
4400.905085353862,4409.900842341974,4242.747146801088,4366.794069046823,4370.545105979419,4483.844873215954,4416.760159578596,4422.765901129461,4481.051168336925,4431.10217211879,4454.394438757958,4593.32459666804,4474.163231019732,4404.951363498123,4554.745873654678,4577.124993900727
4409.900842341974,4242.747146801088,4366.794069046823,4370.545105979419,4483.844873215954,4416.760159578596,4422.765901129461,4481.051168336925,4431.10217211879,4454.394438757958,4593.32459666804,4474.163231019732,4404.951363498123,4554.745873654678,4577.124993900727,4562.259180166175
4242.747146801088,4366.794069046823,4370.545105979419,4483.844873215954,4416.760159578596,4422.765901129461,4481.051168336925,4431.10217211879,4454.394438757958,4593.32459666804,4474.163231019732,4404.951363498123,4554.745873654678,4577.124993900727,4562.259180166175,4374.116485037879
4366.794069046823,4370.545105979419,4483.844873215954,4416.760159578596,4422.765901129461,4481.051168336925,4431.10217211879,4454.394438757958,4593.32459666804,4474.163231019732,4404.951363498123,4554.745873654678,4577.124993900727,4562.259180166175,4374.116485037879,4595.88663086282
4370.545105979419,4483.844873215954,4416.760159578596,4422.765901129461,4481.051168336925,4431.10217211879,4454.394438757958,4593.32459666804,4474.163231019732,4404.951363498123,4554.745873654678,4577.124993900727,4562.259180166175,4374.116485037879,4595.88663086282,4509.301920142024
4483.844873215954,4416.760159578596,4422.765901129461,4481.051168336925,4431.10217211879,4454.394438757958,4593.32459666804,4474.163231019732,4404.951363498123,4554.745873654678,4577.124993900727,4562.259180166175,4374.116485037879,4595.88663086282,4509.301920142024,4518.00819940765
4416.760159578596,4422.765901129461,4481.051168336925,4431.10217211879,4454.394438757958,4593.32459666804,4474.163231019732,4404.951363498123,4554.745873654678,4577.124993900727,4562.259180166175,4374.116485037879,4595.88663086282,4509.301920142024,4518.00819940765,4513.754528739663
4422.765901129461,4481.051168336925,4431.10217211879,4454.394438757958,4593.32459666804,4474.163231019732,4404.951363498123,4554.745873654678,4577.124993900727,4562.259180166175,4374.116485037879,4595.88663086282,4509.301920142024,4518.00819940765,4513.754528739663,4549.554763621286
4481.051168336925,4431.10217211879,4454.394438757958,4593.32459666804,4474.163231019732,4404.951363498123,4554.745873654678,4577.124993900727,4562.259180166175,4374.116485037879,4595.88663086282,4509.301920142024,4518.00819940765,4513.754528739663,4549.554763621286,4551.485266461097
4431.10217211879,4454.394438757958,4593.32459666804,4474.163231019732,4404.951363498123,4554.745873654678,4577.124993900727,4562.259180166175,4374.116485037879,4595.88663086282,4509.301920142024,4518.00819940765,4513.754528739663,4549.554763621286,4551.485266461097,4645.995885100245
4454.394438757958,4593.32459666804,4474.163231019732,4404.951363498123,4554.745873654678,4577.124993900727,4562.259180166175,4374.116485037879,4595.88663086282,4509.301920142024,4518.00819940765,4513.754528739663,4549.554763621286,4551.485266461097,4645.995885100245,4524.901058626129
4593.32459666804,4474.163231019732,4404.951363498123,4554.745873654678,4577.124993900727,4562.259180166175,4374.116485037879,4595.88663086282,4509.301920142024,4518.00819940765,4513.754528739663,4549.554763621286,4551.485266461097,4645.995885100245,4524.901058626129,4490.520590338348
4474.163231019732,4404.951363498123,4554.745873654678,4577.124993900727,4562.259180166175,4374.116485037879,4595.88663086282,4509.301920142024,4518.00819940765,4513.754528739663,4549.554763621286,4551.485266461097,4645.995885100245,4524.901058626129,4490.520590338348,4558.71233501376
4404.951363498123,4554.745873654678,4577.124993900727,4562.259180166175,4374.116485037879,4595.88663086282,4509.301920142024,4518.00819940765,4513.754528739663,4549.554763621286,4551.485266461097,4645.995885100245,4524.901058626129,4490.520590338348,4558.71233501376,4482.772290887075
4554.745873654678,4577.124993900727,4562.259180166175,4374.116485037879,4595.88663086282,4509.301920142024,4518.00819940765,4513.754528739663,4549.554763621286,4551.485266461097,4645.995885100245,4524.901058626129,4490.520590338348,4558.71233501376,4482.772290887075,4595.573827477944
4577.124993900727,4562.259180166175,4374.116485037879,4595.88663086282,4509.301920142024,4518.00819940765,4513.754528739663,4549.554763621286,4551.485266461097,4645.995885100245,4524.901058626129,4490.520590338348,4558.71233501376,4482.772290887075,4595.573827477944,4500.678590677522
4562.259180166175,4374.116485037879,4595.88663086282,4509.301920142024,4518.00819940765,4513.754528739663,4549.554763621286,4551.485266461097,4645.995885100245,4524.901058626129,4490.520590338348,4558.71233501376,4482.772290887075,4595.573827477944,4500.678590677522,4553.368293551561
4374.116485037879,4595.88663086282,4509.301920142024,4518.00819940765,4513.754528739663,4549.554763621286,4551.485266461097,4645.995885100245,4524.901058626129,4490.520590338348,4558.71233501376,4482.772290887075,4595.573827477944,4500.678590677522,4553.368293551561,4426.245301651099
4595.88663086282,4509.301920142024,4518.00819940765,4513.754528739663,4549.554763621286,4551.485266461097,4645.995885100245,4524.901058626129,4490.520590338348,4558.71233501376,4482.772290887075,4595.573827477944,4500.678590677522,4553.368293551561,4426.245301651099,4567.184855889533
4509.301920142024,4518.00819940765,4513.754528739663,4549.554763621286,4551.485266461097,4645.995885100245,4524.901058626129,4490.520590338348,4558.71233501376,4482.772290887075,4595.573827477944,4500.678590677522,4553.368293551561,4426.245301651099,4567.184855889533,4525.804637599195
4518.00819940765,4513.754528739663,4549.554763621286,4551.485266461097,4645.995885100245,4524.901058626129,4490.520590338348,4558.71233501376,4482.772290887075,4595.573827477944,4500.678590677522,4553.368293551561,4426.245301651099,4567.184855889533,4525.804637599195,4376.871964763163
4513.754528739663,4549.554763621286,4551.485266461097,4645.995885100245,4524.901058626129,4490.520590338348,4558.71233501376,4482.772290887075,4595.573827477944,4500.678590677522,4553.368293551561,4426.245301651099,4567.184855889533,4525.804637599195,4376.871964763163,4415.877716486765
4549.554763621286,4551.485266461097,4645.995885100245,4524.901058626129,4490.520590338348,4558.71233501376,4482.772290887075,4595.573827477944,4500.678590677522,4553.368293551561,4426.245301651099,4567.184855889533,4525.804637599195,4376.871964763163,4415.877716486765,4453.52062067512
4551.485266461097,4645.995885100245,4524.901058626129,4490.520590338348,4558.71233501376,4482.772290887075,4595.573827477944,4500.678590677522,4553.368293551561,4426.245301651099,4567.184855889533,4525.804637599195,4376.871964763163,4415.877716486765,4453.52062067512,4309.854425661969
4645.995885100245,4524.901058626129,4490.520590338348,4558.71233501376,4482.772290887075,4595.573827477944,4500.678590677522,4553.368293551561,4426.245301651099,4567.184855889533,4525.804637599195,4376.871964763163,4415.877716486765,4453.52062067512,4309.854425661969,4324.263664309288
4524.901058626129,4490.520590338348,4558.71233501376,4482.772290887075,4595.573827477944,4500.678590677522,4553.368293551561,4426.245301651099,4567.184855889533,4525.804637599195,4376.871964763163,4415.877716486765,4453.52062067512,4309.854425661969,4324.263664309288,4468.292285752012
4490.520590338348,4558.71233501376,4482.772290887075,4595.573827477944,4500.678590677522,4553.368293551561,4426.245301651099,4567.184855889533,4525.804637599195,4376.871964763163,4415.877716486765,4453.52062067512,4309.854425661969,4324.263664309288,4468.292285752012,4461.118857590529
4558.71233501376,4482.772290887075,4595.573827477944,4500.678590677522,4553.368293551561,4426.245301651099,4567.184855889533,4525.804637599195,4376.871964763163,4415.877716486765,4453.52062067512,4309.854425661969,4324.263664309288,4468.292285752012,4461.118857590529,4533.175094901464
4482.772290887075,4595.573827477944,4500.678590677522,4553.368293551561,4426.245301651099,4567.184855889533,4525.804637599195,4376.871964763163,4415.877716486765,4453.52062067512,4309.854425661969,4324.263664309288,4468.292285752012,4461.118857590529,4533.175094901464,4268.89212741367
4595.573827477944,4500.678590677522,4553.368293551561,4426.245301651099,4567.184855889533,4525.804637599195,4376.871964763163,4415.877716486765,4453.52062067512,4309.854425661969,4324.263664309288,4468.292285752012,4461.118857590529,4533.175094901464,4268.89212741367,4347.726512265876
4500.678590677522,4553.368293551561,4426.245301651099,4567.184855889533,4525.804637599195,4376.871964763163,4415.877716486765,4453.52062067512,4309.854425661969,4324.263664309288,4468.292285752012,4461.118857590529,4533.175094901464,4268.89212741367,4347.726512265876,4176.421803850913
4553.368293551561,4426.245301651099,4567.184855889533,4525.804637599195,4376.871964763163,4415.877716486765,4453.52062067512,4309.854425661969,4324.263664309288,4468.292285752012,4461.118857590529,4533.175094901464,4268.89212741367,4347.726512265876,4176.421803850913,4530.987041554875
4426.245301651099,4567.184855889533,4525.804637599195,4376.871964763163,4415.877716486765,4453.52062067512,4309.854425661969,4324.263664309288,4468.292285752012,4461.118857590529,4533.175094901464,4268.89212741367,4347.726512265876,4176.421803850913,4530.987041554875,4222.422569776142
4567.184855889533,4525.804637599195,4376.871964763163,4415.877716486765,4453.52062067512,4309.854425661969,4324.263664309288,4468.292285752012,4461.118857590529,4533.175094901464,4268.89212741367,4347.726512265876,4176.421803850913,4530.987041554875,4222.422569776142,4314.802186949016
4525.804637599195,4376.871964763163,4415.877716486765,4453.52062067512,4309.854425661969,4324.263664309288,4468.292285752012,4461.118857590529,4533.175094901464,4268.89212741367,4347.726512265876,4176.421803850913,4530.987041554875,4222.422569776142,4314.802186949016,4512.911343711833
4376.871964763163,4415.877716486765,4453.52062067512,4309.854425661969,4324.263664309288,4468.292285752012,4461.118857590529,4533.175094901464,4268.89212741367,4347.726512265876,4176.421803850913,4530.987041554875,4222.422569776142,4314.802186949016,4512.911343711833,4452.111768500609
4415.877716486765,4453.52062067512,4309.854425661969,4324.263664309288,4468.292285752012,4461.118857590529,4533.175094901464,4268.89212741367,4347.726512265876,4176.421803850913,4530.987041554875,4222.422569776142,4314.802186949016,4512.911343711833,4452.111768500609,4217.313239414655
4453.52062067512,4309.854425661969,4324.263664309288,4468.292285752012,4461.118857590529,4533.175094901464,4268.89212741367,4347.726512265876,4176.421803850913,4530.987041554875,4222.422569776142,4314.802186949016,4512.911343711833,4452.111768500609,4217.313239414655,4505.9759349117585
4309.854425661969,4324.263664309288,4468.292285752012,4461.118857590529,4533.175094901464,4268.89212741367,4347.726512265876,4176.421803850913,4530.987041554875,4222.422569776142,4314.802186949016,4512.911343711833,4452.111768500609,4217.313239414655,4505.9759349117585,4317.600514596316
4324.263664309288,4468.292285752012,4461.118857590529,4533.175094901464,4268.89212741367,4347.726512265876,4176.421803850913,4530.987041554875,4222.422569776142,4314.802186949016,4512.911343711833,4452.111768500609,4217.313239414655,4505.9759349117585,4317.600514596316,4160.308185936383
4468.292285752012,4461.118857590529,4533.175094901464,4268.89212741367,4347.726512265876,4176.421803850913,4530.987041554875,4222.422569776142,4314.802186949016,4512.911343711833,4452.111768500609,4217.313239414655,4505.9759349117585,4317.600514596316,4160.308185936383,4270.701986839915
4461.118857590529,4533.175094901464,4268.89212741367,4347.726512265876,4176.421803850913,4530.987041554875,4222.422569776142,4314.802186949016,4512.911343711833,4452.111768500609,4217.313239414655,4505.9759349117585,4317.600514596316,4160.308185936383,4270.701986839915,4292.407226632225
4533.175094901464,4268.89212741367,4347.726512265876,4176.421803850913,4530.987041554875,4222.422569776142,4314.802186949016,4512.911343711833,4452.111768500609,4217.313239414655,4505.9759349117585,4317.600514596316,4160.308185936383,4270.701986839915,4292.407226632225,4276.148952569497
4268.89212741367,4347.726512265876,4176.421803850913,4530.987041554875,4222.422569776142,4314.802186949016,4512.911343711833,4452.111768500609,4217.313239414655,4505.9759349117585,4317.600514596316,4160.308185936383,4270.701986839915,4292.407226632225,4276.148952569497,3994.0594904192317
4347.726512265876,4176.421803850913,4530.987041554875,4222.422569776142,4314.802186949016,4512.911343711833,4452.111768500609,4217.313239414655,4505.9759349117585,4317.600514596316,4160.308185936383,4270.701986839915,4292.407226632225,4276.148952569497,3994.0594904192317,4361.602904297712
4176.421803850913,4530.987041554875,4222.422569776142,4314.802186949016,4512.911343711833,4452.111768500609,4217.313239414655,4505.9759349117585,4317.600514596316,4160.308185936383,4270.701986839915,4292.407226632225,4276.148952569497,3994.0594904192317,4361.602904297712,4012.183251077896
4530.987041554875,4222.422569776142,4314.802186949016,4512.911343711833,4452.111768500609,4217.313239414655,4505.9759349117585,4317.600514596316,4160.308185936383,4270.701986839915,4292.407226632225,4276.148952569497,3994.0594904192317,4361.602904297712,4012.183251077896,4130.056078781326
4222.422569776142,4314.802186949016,4512.911343711833,4452.111768500609,4217.313239414655,4505.9759349117585,4317.600514596316,4160.308185936383,4270.701986839915,4292.407226632225,4276.148952569497,3994.0594904192317,4361.602904297712,4012.183251077896,4130.056078781326,4272.626804966284
4314.802186949016,4512.911343711833,4452.111768500609,4217.313239414655,4505.9759349117585,4317.600514596316,4160.308185936383,4270.701986839915,4292.407226632225,4276.148952569497,3994.0594904192317,4361.602904297712,4012.183251077896,4130.056078781326,4272.626804966284,4154.834356653206
4512.911343711833,4452.111768500609,4217.313239414655,4505.9759349117585,4317.600514596316,4160.308185936383,4270.701986839915,4292.407226632225,4276.148952569497,3994.0594904192317,4361.602904297712,4012.183251077896,4130.056078781326,4272.626804966284,4154.834356653206,4095.7714408454663
4452.111768500609,4217.313239414655,4505.9759349117585,4317.600514596316,4160.308185936383,4270.701986839915,4292.407226632225,4276.148952569497,3994.0594904192317,4361.602904297712,4012.183251077896,4130.056078781326,4272.626804966284,4154.834356653206,4095.7714408454663,4022.738545895814
4217.313239414655,4505.9759349117585,4317.600514596316,4160.308185936383,4270.701986839915,4292.407226632225,4276.148952569497,3994.0594904192317,4361.602904297712,4012.183251077896,4130.056078781326,4272.626804966284,4154.834356653206,4095.7714408454663,4022.738545895814,4119.126288861903
4505.9759349117585,4317.600514596316,4160.308185936383,4270.701986839915,4292.407226632225,4276.148952569497,3994.0594904192317,4361.602904297712,4012.183251077896,4130.056078781326,4272.626804966284,4154.834356653206,4095.7714408454663,4022.738545895814,4119.126288861903,4178.622109153376
4317.600514596316,4160.308185936383,4270.701986839915,4292.407226632225,4276.148952569497,3994.0594904192317,4361.602904297712,4012.183251077896,4130.056078781326,4272.626804966284,4154.834356653206,4095.7714408454663,4022.738545895814,4119.126288861903,4178.622109153376,3973.0443644418197
4160.308185936383,4270.701986839915,4292.407226632225,4276.148952569497,3994.0594904192317,4361.602904297712,4012.183251077896,4130.056078781326,4272.626804966284,4154.834356653206,4095.7714408454663,4022.738545895814,4119.126288861903,4178.622109153376,3973.0443644418197,4048.3872558638895
4270.701986839915,4292.407226632225,4276.148952569497,3994.0594904192317,4361.602904297712,4012.183251077896,4130.056078781326,4272.626804966284,4154.834356653206,4095.7714408454663,4022.738545895814,4119.126288861903,4178.622109153376,3973.0443644418197,4048.3872558638895,3952.040761305552
4292.407226632225,4276.148952569497,3994.0594904192317,4361.602904297712,4012.183251077896,4130.056078781326,4272.626804966284,4154.834356653206,4095.7714408454663,4022.738545895814,4119.126288861903,4178.622109153376,3973.0443644418197,4048.3872558638895,3952.040761305552,3928.055398649197
4276.148952569497,3994.0594904192317,4361.602904297712,4012.183251077896,4130.056078781326,4272.626804966284,4154.834356653206,4095.7714408454663,4022.738545895814,4119.126288861903,4178.622109153376,3973.0443644418197,4048.3872558638895,3952.040761305552,3928.055398649197,3747.9590980474704
3994.0594904192317,4361.602904297712,4012.183251077896,4130.056078781326,4272.626804966284,4154.834356653206,4095.7714408454663,4022.738545895814,4119.126288861903,4178.622109153376,3973.0443644418197,4048.3872558638895,3952.040761305552,3928.055398649197,3747.9590980474704,3953.8175980919846
4361.602904297712,4012.183251077896,4130.056078781326,4272.626804966284,4154.834356653206,4095.7714408454663,4022.738545895814,4119.126288861903,4178.622109153376,3973.0443644418197,4048.3872558638895,3952.040761305552,3928.055398649197,3747.9590980474704,3953.8175980919846,3999.47583315765
4012.183251077896,4130.056078781326,4272.626804966284,4154.834356653206,4095.7714408454663,4022.738545895814,4119.126288861903,4178.622109153376,3973.0443644418197,4048.3872558638895,3952.040761305552,3928.055398649197,3747.9590980474704,3953.8175980919846,3999.47583315765,3873.6942749051173
4130.056078781326,4272.626804966284,4154.834356653206,4095.7714408454663,4022.738545895814,4119.126288861903,4178.622109153376,3973.0443644418197,4048.3872558638895,3952.040761305552,3928.055398649197,3747.9590980474704,3953.8175980919846,3999.47583315765,3873.6942749051173,3968.940995643724
4272.626804966284,4154.834356653206,4095.7714408454663,4022.738545895814,4119.126288861903,4178.622109153376,3973.0443644418197,4048.3872558638895,3952.040761305552,3928.055398649197,3747.9590980474704,3953.8175980919846,3999.47583315765,3873.6942749051173,3968.940995643724,3863.6218043843346
4154.834356653206,4095.7714408454663,4022.738545895814,4119.126288861903,4178.622109153376,3973.0443644418197,4048.3872558638895,3952.040761305552,3928.055398649197,3747.9590980474704,3953.8175980919846,3999.47583315765,3873.6942749051173,3968.940995643724,3863.6218043843346,3944.124891524194
4095.7714408454663,4022.738545895814,4119.126288861903,4178.622109153376,3973.0443644418197,4048.3872558638895,3952.040761305552,3928.055398649197,3747.9590980474704,3953.8175980919846,3999.47583315765,3873.6942749051173,3968.940995643724,3863.6218043843346,3944.124891524194,3818.614426306817
4022.738545895814,4119.126288861903,4178.622109153376,3973.0443644418197,4048.3872558638895,3952.040761305552,3928.055398649197,3747.9590980474704,3953.8175980919846,3999.47583315765,3873.6942749051173,3968.940995643724,3863.6218043843346,3944.124891524194,3818.614426306817,3747.173187648739
4119.126288861903,4178.622109153376,3973.0443644418197,4048.3872558638895,3952.040761305552,3928.055398649197,3747.9590980474704,3953.8175980919846,3999.47583315765,3873.6942749051173,3968.940995643724,3863.6218043843346,3944.124891524194,3818.614426306817,3747.173187648739,3712.472155649638
4178.622109153376,3973.0443644418197,4048.3872558638895,3952.040761305552,3928.055398649197,3747.9590980474704,3953.8175980919846,3999.47583315765,3873.6942749051173,3968.940995643724,3863.6218043843346,3944.124891524194,3818.614426306817,3747.173187648739,3712.472155649638,3747.2307868460603
3973.0443644418197,4048.3872558638895,3952.040761305552,3928.055398649197,3747.9590980474704,3953.8175980919846,3999.47583315765,3873.6942749051173,3968.940995643724,3863.6218043843346,3944.124891524194,3818.614426306817,3747.173187648739,3712.472155649638,3747.2307868460603,3744.022675135178
4048.3872558638895,3952.040761305552,3928.055398649197,3747.9590980474704,3953.8175980919846,3999.47583315765,3873.6942749051173,3968.940995643724,3863.6218043843346,3944.124891524194,3818.614426306817,3747.173187648739,3712.472155649638,3747.2307868460603,3744.022675135178,3617.376042702275
3952.040761305552,3928.055398649197,3747.9590980474704,3953.8175980919846,3999.47583315765,3873.6942749051173,3968.940995643724,3863.6218043843346,3944.124891524194,3818.614426306817,3747.173187648739,3712.472155649638,3747.2307868460603,3744.022675135178,3617.376042702275,3655.5432931166083
3928.055398649197,3747.9590980474704,3953.8175980919846,3999.47583315765,3873.6942749051173,3968.940995643724,3863.6218043843346,3944.124891524194,3818.614426306817,3747.173187648739,3712.472155649638,3747.2307868460603,3744.022675135178,3617.376042702275,3655.5432931166083,3518.023076707904
3747.9590980474704,3953.8175980919846,3999.47583315765,3873.6942749051173,3968.940995643724,3863.6218043843346,3944.124891524194,3818.614426306817,3747.173187648739,3712.472155649638,3747.2307868460603,3744.022675135178,3617.376042702275,3655.5432931166083,3518.023076707904,3493.804452948119
3953.8175980919846,3999.47583315765,3873.6942749051173,3968.940995643724,3863.6218043843346,3944.124891524194,3818.614426306817,3747.173187648739,3712.472155649638,3747.2307868460603,3744.022675135178,3617.376042702275,3655.5432931166083,3518.023076707904,3493.804452948119,3662.419803704667
3999.47583315765,3873.6942749051173,3968.940995643724,3863.6218043843346,3944.124891524194,3818.614426306817,3747.173187648739,3712.472155649638,3747.2307868460603,3744.022675135178,3617.376042702275,3655.5432931166083,3518.023076707904,3493.804452948119,3662.419803704667,3611.547394298108
3873.6942749051173,3968.940995643724,3863.6218043843346,3944.124891524194,3818.614426306817,3747.173187648739,3712.472155649638,3747.2307868460603,3744.022675135178,3617.376042702275,3655.5432931166083,3518.023076707904,3493.804452948119,3662.419803704667,3611.547394298108,3638.0735622024354
3968.940995643724,3863.6218043843346,3944.124891524194,3818.614426306817,3747.173187648739,3712.472155649638,3747.2307868460603,3744.022675135178,3617.376042702275,3655.5432931166083,3518.023076707904,3493.804452948119,3662.419803704667,3611.547394298108,3638.0735622024354,3542.168631261455
3863.6218043843346,3944.124891524194,3818.614426306817,3747.173187648739,3712.472155649638,3747.2307868460603,3744.022675135178,3617.376042702275,3655.5432931166083,3518.023076707904,3493.804452948119,3662.419803704667,3611.547394298108,3638.0735622024354,3542.168631261455,3528.2148457518783
3944.124891524194,3818.614426306817,3747.173187648739,3712.472155649638,3747.2307868460603,3744.022675135178,3617.376042702275,3655.5432931166083,3518.023076707904,3493.804452948119,3662.419803704667,3611.547394298108,3638.0735622024354,3542.168631261455,3528.2148457518783,3657.1294883013284
3818.614426306817,3747.173187648739,3712.472155649638,3747.2307868460603,3744.022675135178,3617.376042702275,3655.5432931166083,3518.023076707904,3493.804452948119,3662.419803704667,3611.547394298108,3638.0735622024354,3542.168631261455,3528.2148457518783,3657.1294883013284,3374.6848718703786
3747.173187648739,3712.472155649638,3747.2307868460603,3744.022675135178,3617.376042702275,3655.5432931166083,3518.023076707904,3493.804452948119,3662.419803704667,3611.547394298108,3638.0735622024354,3542.168631261455,3528.2148457518783,3657.1294883013284,3374.6848718703786,3458.457827842508
3712.472155649638,3747.2307868460603,3744.022675135178,3617.376042702275,3655.5432931166083,3518.023076707904,3493.804452948119,3662.419803704667,3611.547394298108,3638.0735622024354,3542.168631261455,3528.2148457518783,3657.1294883013284,3374.6848718703786,3458.457827842508,3557.5443801086562
3747.2307868460603,3744.022675135178,3617.376042702275,3655.5432931166083,3518.023076707904,3493.804452948119,3662.419803704667,3611.547394298108,3638.0735622024354,3542.168631261455,3528.2148457518783,3657.1294883013284,3374.6848718703786,3458.457827842508,3557.5443801086562,3576.8540658451757
3744.022675135178,3617.376042702275,3655.5432931166083,3518.023076707904,3493.804452948119,3662.419803704667,3611.547394298108,3638.0735622024354,3542.168631261455,3528.2148457518783,3657.1294883013284,3374.6848718703786,3458.457827842508,3557.5443801086562,3576.8540658451757,3410.1449963231235
3617.376042702275,3655.5432931166083,3518.023076707904,3493.804452948119,3662.419803704667,3611.547394298108,3638.0735622024354,3542.168631261455,3528.2148457518783,3657.1294883013284,3374.6848718703786,3458.457827842508,3557.5443801086562,3576.8540658451757,3410.1449963231235,3320.0120060220916
3655.5432931166083,3518.023076707904,3493.804452948119,3662.419803704667,3611.547394298108,3638.0735622024354,3542.168631261455,3528.2148457518783,3657.1294883013284,3374.6848718703786,3458.457827842508,3557.5443801086562,3576.8540658451757,3410.1449963231235,3320.0120060220916,3203.7647676337792
3518.023076707904,3493.804452948119,3662.419803704667,3611.547394298108,3638.0735622024354,3542.168631261455,3528.2148457518783,3657.1294883013284,3374.6848718703786,3458.457827842508,3557.5443801086562,3576.8540658451757,3410.1449963231235,3320.0120060220916,3203.7647676337792,3264.568319605988
3493.804452948119,3662.419803704667,3611.547394298108,3638.0735622024354,3542.168631261455,3528.2148457518783,3657.1294883013284,3374.6848718703786,3458.457827842508,3557.5443801086562,3576.8540658451757,3410.1449963231235,3320.0120060220916,3203.7647676337792,3264.568319605988,3268.7425843191136
3662.419803704667,3611.547394298108,3638.0735622024354,3542.168631261455,3528.2148457518783,3657.1294883013284,3374.6848718703786,3458.457827842508,3557.5443801086562,3576.8540658451757,3410.1449963231235,3320.0120060220916,3203.7647676337792,3264.568319605988,3268.7425843191136,3230.235079378918
3611.547394298108,3638.0735622024354,3542.168631261455,3528.2148457518783,3657.1294883013284,3374.6848718703786,3458.457827842508,3557.5443801086562,3576.8540658451757,3410.1449963231235,3320.0120060220916,3203.7647676337792,3264.568319605988,3268.7425843191136,3230.235079378918,3251.437063401391
3638.0735622024354,3542.168631261455,3528.2148457518783,3657.1294883013284,3374.6848718703786,3458.457827842508,3557.5443801086562,3576.8540658451757,3410.1449963231235,3320.0120060220916,3203.7647676337792,3264.568319605988,3268.7425843191136,3230.235079378918,3251.437063401391,3231.7597256116
3542.168631261455,3528.2148457518783,3657.1294883013284,3374.6848718703786,3458.457827842508,3557.5443801086562,3576.8540658451757,3410.1449963231235,3320.0120060220916,3203.7647676337792,3264.568319605988,3268.7425843191136,3230.235079378918,3251.437063401391,3231.7597256116,3106.121412094257
3528.2148457518783,3657.1294883013284,3374.6848718703786,3458.457827842508,3557.5443801086562,3576.8540658451757,3410.1449963231235,3320.0120060220916,3203.7647676337792,3264.568319605988,3268.7425843191136,3230.235079378918,3251.437063401391,3231.7597256116,3106.121412094257,3039.7341306466237
3657.1294883013284,3374.6848718703786,3458.457827842508,3557.5443801086562,3576.8540658451757,3410.1449963231235,3320.0120060220916,3203.7647676337792,3264.568319605988,3268.7425843191136,3230.235079378918,3251.437063401391,3231.7597256116,3106.121412094257,3039.7341306466237,3071.668940153218
3374.6848718703786,3458.457827842508,3557.5443801086562,3576.8540658451757,3410.1449963231235,3320.0120060220916,3203.7647676337792,3264.568319605988,3268.7425843191136,3230.235079378918,3251.437063401391,3231.7597256116,3106.121412094257,3039.7341306466237,3071.668940153218,3115.6136183801964
3458.457827842508,3557.5443801086562,3576.8540658451757,3410.1449963231235,3320.0120060220916,3203.7647676337792,3264.568319605988,3268.7425843191136,3230.235079378918,3251.437063401391,3231.7597256116,3106.121412094257,3039.7341306466237,3071.668940153218,3115.6136183801964,3204.7933839165858
3557.5443801086562,3576.8540658451757,3410.1449963231235,3320.0120060220916,3203.7647676337792,3264.568319605988,3268.7425843191136,3230.235079378918,3251.437063401391,3231.7597256116,3106.121412094257,3039.7341306466237,3071.668940153218,3115.6136183801964,3204.7933839165858,2865.2831763948943
3576.8540658451757,3410.1449963231235,3320.0120060220916,3203.7647676337792,3264.568319605988,3268.7425843191136,3230.235079378918,3251.437063401391,3231.7597256116,3106.121412094257,3039.7341306466237,3071.668940153218,3115.6136183801964,3204.7933839165858,2865.2831763948943,3098.8180884163894
3410.1449963231235,3320.0120060220916,3203.7647676337792,3264.568319605988,3268.7425843191136,3230.235079378918,3251.437063401391,3231.7597256116,3106.121412094257,3039.7341306466237,3071.668940153218,3115.6136183801964,3204.7933839165858,2865.2831763948943,3098.8180884163894,2942.645923229491
3320.0120060220916,3203.7647676337792,3264.568319605988,3268.7425843191136,3230.235079378918,3251.437063401391,3231.7597256116,3106.121412094257,3039.7341306466237,3071.668940153218,3115.6136183801964,3204.7933839165858,2865.2831763948943,3098.8180884163894,2942.645923229491,3049.401399962201
3203.7647676337792,3264.568319605988,3268.7425843191136,3230.235079378918,3251.437063401391,3231.7597256116,3106.121412094257,3039.7341306466237,3071.668940153218,3115.6136183801964,3204.7933839165858,2865.2831763948943,3098.8180884163894,2942.645923229491,3049.401399962201,3099.0522773313296
3264.568319605988,3268.7425843191136,3230.235079378918,3251.437063401391,3231.7597256116,3106.121412094257,3039.7341306466237,3071.668940153218,3115.6136183801964,3204.7933839165858,2865.2831763948943,3098.8180884163894,2942.645923229491,3049.401399962201,3099.0522773313296,2940.360989947039
3268.7425843191136,3230.235079378918,3251.437063401391,3231.7597256116,3106.121412094257,3039.7341306466237,3071.668940153218,3115.6136183801964,3204.7933839165858,2865.2831763948943,3098.8180884163894,2942.645923229491,3049.401399962201,3099.0522773313296,2940.360989947039,2756.9927118397327
3230.235079378918,3251.437063401391,3231.7597256116,3106.121412094257,3039.7341306466237,3071.668940153218,3115.6136183801964,3204.7933839165858,2865.2831763948943,3098.8180884163894,2942.645923229491,3049.401399962201,3099.0522773313296,2940.360989947039,2756.9927118397327,2800.658170407819
3251.437063401391,3231.7597256116,3106.121412094257,3039.7341306466237,3071.668940153218,3115.6136183801964,3204.7933839165858,2865.2831763948943,3098.8180884163894,2942.645923229491,3049.401399962201,3099.0522773313296,2940.360989947039,2756.9927118397327,2800.658170407819,2849.723949762837
3231.7597256116,3106.121412094257,3039.7341306466237,3071.668940153218,3115.6136183801964,3204.7933839165858,2865.2831763948943,3098.8180884163894,2942.645923229491,3049.401399962201,3099.0522773313296,2940.360989947039,2756.9927118397327,2800.658170407819,2849.723949762837,2757.6539929622622
3106.121412094257,3039.7341306466237,3071.668940153218,3115.6136183801964,3204.7933839165858,2865.2831763948943,3098.8180884163894,2942.645923229491,3049.401399962201,3099.0522773313296,2940.360989947039,2756.9927118397327,2800.658170407819,2849.723949762837,2757.6539929622622,2757.0872218396626
3039.7341306466237,3071.668940153218,3115.6136183801964,3204.7933839165858,2865.2831763948943,3098.8180884163894,2942.645923229491,3049.401399962201,3099.0522773313296,2940.360989947039,2756.9927118397327,2800.658170407819,2849.723949762837,2757.6539929622622,2757.0872218396626,2663.9277782577633
3071.668940153218,3115.6136183801964,3204.7933839165858,2865.2831763948943,3098.8180884163894,2942.645923229491,3049.401399962201,3099.0522773313296,2940.360989947039,2756.9927118397327,2800.658170407819,2849.723949762837,2757.6539929622622,2757.0872218396626,2663.9277782577633,2691.422880468654
3115.6136183801964,3204.7933839165858,2865.2831763948943,3098.8180884163894,2942.645923229491,3049.401399962201,3099.0522773313296,2940.360989947039,2756.9927118397327,2800.658170407819,2849.723949762837,2757.6539929622622,2757.0872218396626,2663.9277782577633,2691.422880468654,2627.5598386111374
3204.7933839165858,2865.2831763948943,3098.8180884163894,2942.645923229491,3049.401399962201,3099.0522773313296,2940.360989947039,2756.9927118397327,2800.658170407819,2849.723949762837,2757.6539929622622,2757.0872218396626,2663.9277782577633,2691.422880468654,2627.5598386111374,2744.245291757499
2865.2831763948943,3098.8180884163894,2942.645923229491,3049.401399962201,3099.0522773313296,2940.360989947039,2756.9927118397327,2800.658170407819,2849.723949762837,2757.6539929622622,2757.0872218396626,2663.9277782577633,2691.422880468654,2627.5598386111374,2744.245291757499,2666.259374948894
3098.8180884163894,2942.645923229491,3049.401399962201,3099.0522773313296,2940.360989947039,2756.9927118397327,2800.658170407819,2849.723949762837,2757.6539929622622,2757.0872218396626,2663.9277782577633,2691.422880468654,2627.5598386111374,2744.245291757499,2666.259374948894,2682.730550323247
2942.645923229491,3049.401399962201,3099.0522773313296,2940.360989947039,2756.9927118397327,2800.658170407819,2849.723949762837,2757.6539929622622,2757.0872218396626,2663.9277782577633,2691.422880468654,2627.5598386111374,2744.245291757499,2666.259374948894,2682.730550323247,2430.855963059492
3049.401399962201,3099.0522773313296,2940.360989947039,2756.9927118397327,2800.658170407819,2849.723949762837,2757.6539929622622,2757.0872218396626,2663.9277782577633,2691.422880468654,2627.5598386111374,2744.245291757499,2666.259374948894,2682.730550323247,2430.855963059492,2519.089568764504
3099.0522773313296,2940.360989947039,2756.9927118397327,2800.658170407819,2849.723949762837,2757.6539929622622,2757.0872218396626,2663.9277782577633,2691.422880468654,2627.5598386111374,2744.245291757499,2666.259374948894,2682.730550323247,2430.855963059492,2519.089568764504,2466.523371043117
2940.360989947039,2756.9927118397327,2800.658170407819,2849.723949762837,2757.6539929622622,2757.0872218396626,2663.9277782577633,2691.422880468654,2627.5598386111374,2744.245291757499,2666.259374948894,2682.730550323247,2430.855963059492,2519.089568764504,2466.523371043117,2471.851387134776
2756.9927118397327,2800.658170407819,2849.723949762837,2757.6539929622622,2757.0872218396626,2663.9277782577633,2691.422880468654,2627.5598386111374,2744.245291757499,2666.259374948894,2682.730550323247,2430.855963059492,2519.089568764504,2466.523371043117,2471.851387134776,2404.8999974692197
2800.658170407819,2849.723949762837,2757.6539929622622,2757.0872218396626,2663.9277782577633,2691.422880468654,2627.5598386111374,2744.245291757499,2666.259374948894,2682.730550323247,2430.855963059492,2519.089568764504,2466.523371043117,2471.851387134776,2404.8999974692197,2395.3704771207667
2849.723949762837,2757.6539929622622,2757.0872218396626,2663.9277782577633,2691.422880468654,2627.5598386111374,2744.245291757499,2666.259374948894,2682.730550323247,2430.855963059492,2519.089568764504,2466.523371043117,2471.851387134776,2404.8999974692197,2395.3704771207667,2591.2664744555746
2757.6539929622622,2757.0872218396626,2663.9277782577633,2691.422880468654,2627.5598386111374,2744.245291757499,2666.259374948894,2682.730550323247,2430.855963059492,2519.089568764504,2466.523371043117,2471.851387134776,2404.8999974692197,2395.3704771207667,2591.2664744555746,2390.905513720714
2757.0872218396626,2663.9277782577633,2691.422880468654,2627.5598386111374,2744.245291757499,2666.259374948894,2682.730550323247,2430.855963059492,2519.089568764504,2466.523371043117,2471.851387134776,2404.8999974692197,2395.3704771207667,2591.2664744555746,2390.905513720714,2272.917039241115
2663.9277782577633,2691.422880468654,2627.5598386111374,2744.245291757499,2666.259374948894,2682.730550323247,2430.855963059492,2519.089568764504,2466.523371043117,2471.851387134776,2404.8999974692197,2395.3704771207667,2591.2664744555746,2390.905513720714,2272.917039241115,2341.2531644487144
2691.422880468654,2627.5598386111374,2744.245291757499,2666.259374948894,2682.730550323247,2430.855963059492,2519.089568764504,2466.523371043117,2471.851387134776,2404.8999974692197,2395.3704771207667,2591.2664744555746,2390.905513720714,2272.917039241115,2341.2531644487144,2561.1400692206016
2627.5598386111374,2744.245291757499,2666.259374948894,2682.730550323247,2430.855963059492,2519.089568764504,2466.523371043117,2471.851387134776,2404.8999974692197,2395.3704771207667,2591.2664744555746,2390.905513720714,2272.917039241115,2341.2531644487144,2561.1400692206016,2390.5829511789043
2744.245291757499,2666.259374948894,2682.730550323247,2430.855963059492,2519.089568764504,2466.523371043117,2471.851387134776,2404.8999974692197,2395.3704771207667,2591.2664744555746,2390.905513720714,2272.917039241115,2341.2531644487144,2561.1400692206016,2390.5829511789043,2211.337101321678
2666.259374948894,2682.730550323247,2430.855963059492,2519.089568764504,2466.523371043117,2471.851387134776,2404.8999974692197,2395.3704771207667,2591.2664744555746,2390.905513720714,2272.917039241115,2341.2531644487144,2561.1400692206016,2390.5829511789043,2211.337101321678,2253.4462464230073
2682.730550323247,2430.855963059492,2519.089568764504,2466.523371043117,2471.851387134776,2404.8999974692197,2395.3704771207667,2591.2664744555746,2390.905513720714,2272.917039241115,2341.2531644487144,2561.1400692206016,2390.5829511789043,2211.337101321678,2253.4462464230073,2247.905442516265
2430.855963059492,2519.089568764504,2466.523371043117,2471.851387134776,2404.8999974692197,2395.3704771207667,2591.2664744555746,2390.905513720714,2272.917039241115,2341.2531644487144,2561.1400692206016,2390.5829511789043,2211.337101321678,2253.4462464230073,2247.905442516265,2235.849575483925
2519.089568764504,2466.523371043117,2471.851387134776,2404.8999974692197,2395.3704771207667,2591.2664744555746,2390.905513720714,2272.917039241115,2341.2531644487144,2561.1400692206016,2390.5829511789043,2211.337101321678,2253.4462464230073,2247.905442516265,2235.849575483925,2033.4881020032285
2466.523371043117,2471.851387134776,2404.8999974692197,2395.3704771207667,2591.2664744555746,2390.905513720714,2272.917039241115,2341.2531644487144,2561.1400692206016,2390.5829511789043,2211.337101321678,2253.4462464230073,2247.905442516265,2235.849575483925,2033.4881020032285,2098.0670250789076
2471.851387134776,2404.8999974692197,2395.3704771207667,2591.2664744555746,2390.905513720714,2272.917039241115,2341.2531644487144,2561.1400692206016,2390.5829511789043,2211.337101321678,2253.4462464230073,2247.905442516265,2235.849575483925,2033.4881020032285,2098.0670250789076,2150.753150363482
2404.8999974692197,2395.3704771207667,2591.2664744555746,2390.905513720714,2272.917039241115,2341.2531644487144,2561.1400692206016,2390.5829511789043,2211.337101321678,2253.4462464230073,2247.905442516265,2235.849575483925,2033.4881020032285,2098.0670250789076,2150.753150363482,1980.9739077285658
2395.3704771207667,2591.2664744555746,2390.905513720714,2272.917039241115,2341.2531644487144,2561.1400692206016,2390.5829511789043,2211.337101321678,2253.4462464230073,2247.905442516265,2235.849575483925,2033.4881020032285,2098.0670250789076,2150.753150363482,1980.9739077285658,2106.9023191590736
2591.2664744555746,2390.905513720714,2272.917039241115,2341.2531644487144,2561.1400692206016,2390.5829511789043,2211.337101321678,2253.4462464230073,2247.905442516265,2235.849575483925,2033.4881020032285,2098.0670250789076,2150.753150363482,1980.9739077285658,2106.9023191590736,2110.3851284848975
2390.905513720714,2272.917039241115,2341.2531644487144,2561.1400692206016,2390.5829511789043,2211.337101321678,2253.4462464230073,2247.905442516265,2235.849575483925,2033.4881020032285,2098.0670250789076,2150.753150363482,1980.9739077285658,2106.9023191590736,2110.3851284848975,2157.0262134064355
2272.917039241115,2341.2531644487144,2561.1400692206016,2390.5829511789043,2211.337101321678,2253.4462464230073,2247.905442516265,2235.849575483925,2033.4881020032285,2098.0670250789076,2150.753150363482,1980.9739077285658,2106.9023191590736,2110.3851284848975,2157.0262134064355,2164.1600922018088
2341.2531644487144,2561.1400692206016,2390.5829511789043,2211.337101321678,2253.4462464230073,2247.905442516265,2235.849575483925,2033.4881020032285,2098.0670250789076,2150.753150363482,1980.9739077285658,2106.9023191590736,2110.3851284848975,2157.0262134064355,2164.1600922018088,2025.091147148634
2561.1400692206016,2390.5829511789043,2211.337101321678,2253.4462464230073,2247.905442516265,2235.849575483925,2033.4881020032285,2098.0670250789076,2150.753150363482,1980.9739077285658,2106.9023191590736,2110.3851284848975,2157.0262134064355,2164.1600922018088,2025.091147148634,2044.6390250475679
2390.5829511789043,2211.337101321678,2253.4462464230073,2247.905442516265,2235.849575483925,2033.4881020032285,2098.0670250789076,2150.753150363482,1980.9739077285658,2106.9023191590736,2110.3851284848975,2157.0262134064355,2164.1600922018088,2025.091147148634,2044.6390250475679,2068.379457307298
2211.337101321678,2253.4462464230073,2247.905442516265,2235.849575483925,2033.4881020032285,2098.0670250789076,2150.753150363482,1980.9739077285658,2106.9023191590736,2110.3851284848975,2157.0262134064355,2164.1600922018088,2025.091147148634,2044.6390250475679,2068.379457307298,2081.3700799041217
2253.4462464230073,2247.905442516265,2235.849575483925,2033.4881020032285,2098.0670250789076,2150.753150363482,1980.9739077285658,2106.9023191590736,2110.3851284848975,2157.0262134064355,2164.1600922018088,2025.091147148634,2044.6390250475679,2068.379457307298,2081.3700799041217,1972.9559549730586
2247.905442516265,2235.849575483925,2033.4881020032285,2098.0670250789076,2150.753150363482,1980.9739077285658,2106.9023191590736,2110.3851284848975,2157.0262134064355,2164.1600922018088,2025.091147148634,2044.6390250475679,2068.379457307298,2081.3700799041217,1972.9559549730586,1875.6634886592935
2235.849575483925,2033.4881020032285,2098.0670250789076,2150.753150363482,1980.9739077285658,2106.9023191590736,2110.3851284848975,2157.0262134064355,2164.1600922018088,2025.091147148634,2044.6390250475679,2068.379457307298,2081.3700799041217,1972.9559549730586,1875.6634886592935,1985.7703545481668
2033.4881020032285,2098.0670250789076,2150.753150363482,1980.9739077285658,2106.9023191590736,2110.3851284848975,2157.0262134064355,2164.1600922018088,2025.091147148634,2044.6390250475679,2068.379457307298,2081.3700799041217,1972.9559549730586,1875.6634886592935,1985.7703545481668,1992.764723515811
2098.0670250789076,2150.753150363482,1980.9739077285658,2106.9023191590736,2110.3851284848975,2157.0262134064355,2164.1600922018088,2025.091147148634,2044.6390250475679,2068.379457307298,2081.3700799041217,1972.9559549730586,1875.6634886592935,1985.7703545481668,1992.764723515811,1907.961835308957
2150.753150363482,1980.9739077285658,2106.9023191590736,2110.3851284848975,2157.0262134064355,2164.1600922018088,2025.091147148634,2044.6390250475679,2068.379457307298,2081.3700799041217,1972.9559549730586,1875.6634886592935,1985.7703545481668,1992.764723515811,1907.961835308957,1931.3891058018369
1980.9739077285658,2106.9023191590736,2110.3851284848975,2157.0262134064355,2164.1600922018088,2025.091147148634,2044.6390250475679,2068.379457307298,2081.3700799041217,1972.9559549730586,1875.6634886592935,1985.7703545481668,1992.764723515811,1907.961835308957,1931.3891058018369,2011.8607082059389
2106.9023191590736,2110.3851284848975,2157.0262134064355,2164.1600922018088,2025.091147148634,2044.6390250475679,2068.379457307298,2081.3700799041217,1972.9559549730586,1875.6634886592935,1985.7703545481668,1992.764723515811,1907.961835308957,1931.3891058018369,2011.8607082059389,1795.3676659153039
2110.3851284848975,2157.0262134064355,2164.1600922018088,2025.091147148634,2044.6390250475679,2068.379457307298,2081.3700799041217,1972.9559549730586,1875.6634886592935,1985.7703545481668,1992.764723515811,1907.961835308957,1931.3891058018369,2011.8607082059389,1795.3676659153039,1760.311329357786
2157.0262134064355,2164.1600922018088,2025.091147148634,2044.6390250475679,2068.379457307298,2081.3700799041217,1972.9559549730586,1875.6634886592935,1985.7703545481668,1992.764723515811,1907.961835308957,1931.3891058018369,2011.8607082059389,1795.3676659153039,1760.311329357786,1707.9305322195873
2164.1600922018088,2025.091147148634,2044.6390250475679,2068.379457307298,2081.3700799041217,1972.9559549730586,1875.6634886592935,1985.7703545481668,1992.764723515811,1907.961835308957,1931.3891058018369,2011.8607082059389,1795.3676659153039,1760.311329357786,1707.9305322195873,1829.3940718137944
2025.091147148634,2044.6390250475679,2068.379457307298,2081.3700799041217,1972.9559549730586,1875.6634886592935,1985.7703545481668,1992.764723515811,1907.961835308957,1931.3891058018369,2011.8607082059389,1795.3676659153039,1760.311329357786,1707.9305322195873,1829.3940718137944,1871.3828188093175
2044.6390250475679,2068.379457307298,2081.3700799041217,1972.9559549730586,1875.6634886592935,1985.7703545481668,1992.764723515811,1907.961835308957,1931.3891058018369,2011.8607082059389,1795.3676659153039,1760.311329357786,1707.9305322195873,1829.3940718137944,1871.3828188093175,1717.9641703971613
2068.379457307298,2081.3700799041217,1972.9559549730586,1875.6634886592935,1985.7703545481668,1992.764723515811,1907.961835308957,1931.3891058018369,2011.8607082059389,1795.3676659153039,1760.311329357786,1707.9305322195873,1829.3940718137944,1871.3828188093175,1717.9641703971613,1924.6933894772292
2081.3700799041217,1972.9559549730586,1875.6634886592935,1985.7703545481668,1992.764723515811,1907.961835308957,1931.3891058018369,2011.8607082059389,1795.3676659153039,1760.311329357786,1707.9305322195873,1829.3940718137944,1871.3828188093175,1717.9641703971613,1924.6933894772292,1682.4857774860795
1972.9559549730586,1875.6634886592935,1985.7703545481668,1992.764723515811,1907.961835308957,1931.3891058018369,2011.8607082059389,1795.3676659153039,1760.311329357786,1707.9305322195873,1829.3940718137944,1871.3828188093175,1717.9641703971613,1924.6933894772292,1682.4857774860795,1750.188545525908
1875.6634886592935,1985.7703545481668,1992.764723515811,1907.961835308957,1931.3891058018369,2011.8607082059389,1795.3676659153039,1760.311329357786,1707.9305322195873,1829.3940718137944,1871.3828188093175,1717.9641703971613,1924.6933894772292,1682.4857774860795,1750.188545525908,1700.2890632093738
1985.7703545481668,1992.764723515811,1907.961835308957,1931.3891058018369,2011.8607082059389,1795.3676659153039,1760.311329357786,1707.9305322195873,1829.3940718137944,1871.3828188093175,1717.9641703971613,1924.6933894772292,1682.4857774860795,1750.188545525908,1700.2890632093738,1830.4997760911697
1992.764723515811,1907.961835308957,1931.3891058018369,2011.8607082059389,1795.3676659153039,1760.311329357786,1707.9305322195873,1829.3940718137944,1871.3828188093175,1717.9641703971613,1924.6933894772292,1682.4857774860795,1750.188545525908,1700.2890632093738,1830.4997760911697,1625.8606832847784
1907.961835308957,1931.3891058018369,2011.8607082059389,1795.3676659153039,1760.311329357786,1707.9305322195873,1829.3940718137944,1871.3828188093175,1717.9641703971613,1924.6933894772292,1682.4857774860795,1750.188545525908,1700.2890632093738,1830.4997760911697,1625.8606832847784,1831.1681378435994
1931.3891058018369,2011.8607082059389,1795.3676659153039,1760.311329357786,1707.9305322195873,1829.3940718137944,1871.3828188093175,1717.9641703971613,1924.6933894772292,1682.4857774860795,1750.188545525908,1700.2890632093738,1830.4997760911697,1625.8606832847784,1831.1681378435994,1645.583134097626
2011.8607082059389,1795.3676659153039,1760.311329357786,1707.9305322195873,1829.3940718137944,1871.3828188093175,1717.9641703971613,1924.6933894772292,1682.4857774860795,1750.188545525908,1700.2890632093738,1830.4997760911697,1625.8606832847784,1831.1681378435994,1645.583134097626,1523.0196358119038
1795.3676659153039,1760.311329357786,1707.9305322195873,1829.3940718137944,1871.3828188093175,1717.9641703971613,1924.6933894772292,1682.4857774860795,1750.188545525908,1700.2890632093738,1830.4997760911697,1625.8606832847784,1831.1681378435994,1645.583134097626,1523.0196358119038,1585.6788691906718
1760.311329357786,1707.9305322195873,1829.3940718137944,1871.3828188093175,1717.9641703971613,1924.6933894772292,1682.4857774860795,1750.188545525908,1700.2890632093738,1830.4997760911697,1625.8606832847784,1831.1681378435994,1645.583134097626,1523.0196358119038,1585.6788691906718,1614.1443898609666
1707.9305322195873,1829.3940718137944,1871.3828188093175,1717.9641703971613,1924.6933894772292,1682.4857774860795,1750.188545525908,1700.2890632093738,1830.4997760911697,1625.8606832847784,1831.1681378435994,1645.583134097626,1523.0196358119038,1585.6788691906718,1614.1443898609666,1779.7152491292804
1829.3940718137944,1871.3828188093175,1717.9641703971613,1924.6933894772292,1682.4857774860795,1750.188545525908,1700.2890632093738,1830.4997760911697,1625.8606832847784,1831.1681378435994,1645.583134097626,1523.0196358119038,1585.6788691906718,1614.1443898609666,1779.7152491292804,1563.9354315127268
1871.3828188093175,1717.9641703971613,1924.6933894772292,1682.4857774860795,1750.188545525908,1700.2890632093738,1830.4997760911697,1625.8606832847784,1831.1681378435994,1645.583134097626,1523.0196358119038,1585.6788691906718,1614.1443898609666,1779.7152491292804,1563.9354315127268,1599.420998414159
1717.9641703971613,1924.6933894772292,1682.4857774860795,1750.188545525908,1700.2890632093738,1830.4997760911697,1625.8606832847784,1831.1681378435994,1645.583134097626,1523.0196358119038,1585.6788691906718,1614.1443898609666,1779.7152491292804,1563.9354315127268,1599.420998414159,1789.4553787376312
1924.6933894772292,1682.4857774860795,1750.188545525908,1700.2890632093738,1830.4997760911697,1625.8606832847784,1831.1681378435994,1645.583134097626,1523.0196358119038,1585.6788691906718,1614.1443898609666,1779.7152491292804,1563.9354315127268,1599.420998414159,1789.4553787376312,1597.7668874535675
1682.4857774860795,1750.188545525908,1700.2890632093738,1830.4997760911697,1625.8606832847784,1831.1681378435994,1645.583134097626,1523.0196358119038,1585.6788691906718,1614.1443898609666,1779.7152491292804,1563.9354315127268,1599.420998414159,1789.4553787376312,1597.7668874535675,1514.5927177600452
1750.188545525908,1700.2890632093738,1830.4997760911697,1625.8606832847784,1831.1681378435994,1645.583134097626,1523.0196358119038,1585.6788691906718,1614.1443898609666,1779.7152491292804,1563.9354315127268,1599.420998414159,1789.4553787376312,1597.7668874535675,1514.5927177600452,1496.3477305902907
1700.2890632093738,1830.4997760911697,1625.8606832847784,1831.1681378435994,1645.583134097626,1523.0196358119038,1585.6788691906718,1614.1443898609666,1779.7152491292804,1563.9354315127268,1599.420998414159,1789.4553787376312,1597.7668874535675,1514.5927177600452,1496.3477305902907,1410.675946142413
1830.4997760911697,1625.8606832847784,1831.1681378435994,1645.583134097626,1523.0196358119038,1585.6788691906718,1614.1443898609666,1779.7152491292804,1563.9354315127268,1599.420998414159,1789.4553787376312,1597.7668874535675,1514.5927177600452,1496.3477305902907,1410.675946142413,1586.4803205862413
1625.8606832847784,1831.1681378435994,1645.583134097626,1523.0196358119038,1585.6788691906718,1614.1443898609666,1779.7152491292804,1563.9354315127268,1599.420998414159,1789.4553787376312,1597.7668874535675,1514.5927177600452,1496.3477305902907,1410.675946142413,1586.4803205862413,1661.6568312300576
1831.1681378435994,1645.583134097626,1523.0196358119038,1585.6788691906718,1614.1443898609666,1779.7152491292804,1563.9354315127268,1599.420998414159,1789.4553787376312,1597.7668874535675,1514.5927177600452,1496.3477305902907,1410.675946142413,1586.4803205862413,1661.6568312300576,1505.272774348518
1645.583134097626,1523.0196358119038,1585.6788691906718,1614.1443898609666,1779.7152491292804,1563.9354315127268,1599.420998414159,1789.4553787376312,1597.7668874535675,1514.5927177600452,1496.3477305902907,1410.675946142413,1586.4803205862413,1661.6568312300576,1505.272774348518,1433.487568544071
1523.0196358119038,1585.6788691906718,1614.1443898609666,1779.7152491292804,1563.9354315127268,1599.420998414159,1789.4553787376312,1597.7668874535675,1514.5927177600452,1496.3477305902907,1410.675946142413,1586.4803205862413,1661.6568312300576,1505.272774348518,1433.487568544071,1555.1762231902073
1585.6788691906718,1614.1443898609666,1779.7152491292804,1563.9354315127268,1599.420998414159,1789.4553787376312,1597.7668874535675,1514.5927177600452,1496.3477305902907,1410.675946142413,1586.4803205862413,1661.6568312300576,1505.272774348518,1433.487568544071,1555.1762231902073,1524.8008232953525
1614.1443898609666,1779.7152491292804,1563.9354315127268,1599.420998414159,1789.4553787376312,1597.7668874535675,1514.5927177600452,1496.3477305902907,1410.675946142413,1586.4803205862413,1661.6568312300576,1505.272774348518,1433.487568544071,1555.1762231902073,1524.8008232953525,1506.2954633016548
1779.7152491292804,1563.9354315127268,1599.420998414159,1789.4553787376312,1597.7668874535675,1514.5927177600452,1496.3477305902907,1410.675946142413,1586.4803205862413,1661.6568312300576,1505.272774348518,1433.487568544071,1555.1762231902073,1524.8008232953525,1506.2954633016548,1558.5220918080745
1563.9354315127268,1599.420998414159,1789.4553787376312,1597.7668874535675,1514.5927177600452,1496.3477305902907,1410.675946142413,1586.4803205862413,1661.6568312300576,1505.272774348518,1433.487568544071,1555.1762231902073,1524.8008232953525,1506.2954633016548,1558.5220918080745,1515.1426973023595
1599.420998414159,1789.4553787376312,1597.7668874535675,1514.5927177600452,1496.3477305902907,1410.675946142413,1586.4803205862413,1661.6568312300576,1505.272774348518,1433.487568544071,1555.1762231902073,1524.8008232953525,1506.2954633016548,1558.5220918080745,1515.1426973023595,1474.1311362447373
1789.4553787376312,1597.7668874535675,1514.5927177600452,1496.3477305902907,1410.675946142413,1586.4803205862413,1661.6568312300576,1505.272774348518,1433.487568544071,1555.1762231902073,1524.8008232953525,1506.2954633016548,1558.5220918080745,1515.1426973023595,1474.1311362447373,1601.880556185238
1597.7668874535675,1514.5927177600452,1496.3477305902907,1410.675946142413,1586.4803205862413,1661.6568312300576,1505.272774348518,1433.487568544071,1555.1762231902073,1524.8008232953525,1506.2954633016548,1558.5220918080745,1515.1426973023595,1474.1311362447373,1601.880556185238,1327.0397935110955
1514.5927177600452,1496.3477305902907,1410.675946142413,1586.4803205862413,1661.6568312300576,1505.272774348518,1433.487568544071,1555.1762231902073,1524.8008232953525,1506.2954633016548,1558.5220918080745,1515.1426973023595,1474.1311362447373,1601.880556185238,1327.0397935110955,1394.505236393879
1496.3477305902907,1410.675946142413,1586.4803205862413,1661.6568312300576,1505.272774348518,1433.487568544071,1555.1762231902073,1524.8008232953525,1506.2954633016548,1558.5220918080745,1515.1426973023595,1474.1311362447373,1601.880556185238,1327.0397935110955,1394.505236393879,1474.4512746352268
1410.675946142413,1586.4803205862413,1661.6568312300576,1505.272774348518,1433.487568544071,1555.1762231902073,1524.8008232953525,1506.2954633016548,1558.5220918080745,1515.1426973023595,1474.1311362447373,1601.880556185238,1327.0397935110955,1394.505236393879,1474.4512746352268,1370.8339543777379
1586.4803205862413,1661.6568312300576,1505.272774348518,1433.487568544071,1555.1762231902073,1524.8008232953525,1506.2954633016548,1558.5220918080745,1515.1426973023595,1474.1311362447373,1601.880556185238,1327.0397935110955,1394.505236393879,1474.4512746352268,1370.8339543777379,1643.7914233968288
1661.6568312300576,1505.272774348518,1433.487568544071,1555.1762231902073,1524.8008232953525,1506.2954633016548,1558.5220918080745,1515.1426973023595,1474.1311362447373,1601.880556185238,1327.0397935110955,1394.505236393879,1474.4512746352268,1370.8339543777379,1643.7914233968288,1290.4082269024918
1505.272774348518,1433.487568544071,1555.1762231902073,1524.8008232953525,1506.2954633016548,1558.5220918080745,1515.1426973023595,1474.1311362447373,1601.880556185238,1327.0397935110955,1394.505236393879,1474.4512746352268,1370.8339543777379,1643.7914233968288,1290.4082269024918,1567.3931570798384
1433.487568544071,1555.1762231902073,1524.8008232953525,1506.2954633016548,1558.5220918080745,1515.1426973023595,1474.1311362447373,1601.880556185238,1327.0397935110955,1394.505236393879,1474.4512746352268,1370.8339543777379,1643.7914233968288,1290.4082269024918,1567.3931570798384,1555.414458185994
1555.1762231902073,1524.8008232953525,1506.2954633016548,1558.5220918080745,1515.1426973023595,1474.1311362447373,1601.880556185238,1327.0397935110955,1394.505236393879,1474.4512746352268,1370.8339543777379,1643.7914233968288,1290.4082269024918,1567.3931570798384,1555.414458185994,1535.2311858566472
1524.8008232953525,1506.2954633016548,1558.5220918080745,1515.1426973023595,1474.1311362447373,1601.880556185238,1327.0397935110955,1394.505236393879,1474.4512746352268,1370.8339543777379,1643.7914233968288,1290.4082269024918,1567.3931570798384,1555.414458185994,1535.2311858566472,1545.1713314792123
1506.2954633016548,1558.5220918080745,1515.1426973023595,1474.1311362447373,1601.880556185238,1327.0397935110955,1394.505236393879,1474.4512746352268,1370.8339543777379,1643.7914233968288,1290.4082269024918,1567.3931570798384,1555.414458185994,1535.2311858566472,1545.1713314792123,1452.338380650916
1558.5220918080745,1515.1426973023595,1474.1311362447373,1601.880556185238,1327.0397935110955,1394.505236393879,1474.4512746352268,1370.8339543777379,1643.7914233968288,1290.4082269024918,1567.3931570798384,1555.414458185994,1535.2311858566472,1545.1713314792123,1452.338380650916,1440.7582833123704
1515.1426973023595,1474.1311362447373,1601.880556185238,1327.0397935110955,1394.505236393879,1474.4512746352268,1370.8339543777379,1643.7914233968288,1290.4082269024918,1567.3931570798384,1555.414458185994,1535.2311858566472,1545.1713314792123,1452.338380650916,1440.7582833123704,1648.5427706299936
1474.1311362447373,1601.880556185238,1327.0397935110955,1394.505236393879,1474.4512746352268,1370.8339543777379,1643.7914233968288,1290.4082269024918,1567.3931570798384,1555.414458185994,1535.2311858566472,1545.1713314792123,1452.338380650916,1440.7582833123704,1648.5427706299936,1502.5018535952108
1601.880556185238,1327.0397935110955,1394.505236393879,1474.4512746352268,1370.8339543777379,1643.7914233968288,1290.4082269024918,1567.3931570798384,1555.414458185994,1535.2311858566472,1545.1713314792123,1452.338380650916,1440.7582833123704,1648.5427706299936,1502.5018535952108,1380.6084103439136
1327.0397935110955,1394.505236393879,1474.4512746352268,1370.8339543777379,1643.7914233968288,1290.4082269024918,1567.3931570798384,1555.414458185994,1535.2311858566472,1545.1713314792123,1452.338380650916,1440.7582833123704,1648.5427706299936,1502.5018535952108,1380.6084103439136,1406.949197386376
1394.505236393879,1474.4512746352268,1370.8339543777379,1643.7914233968288,1290.4082269024918,1567.3931570798384,1555.414458185994,1535.2311858566472,1545.1713314792123,1452.338380650916,1440.7582833123704,1648.5427706299936,1502.5018535952108,1380.6084103439136,1406.949197386376,1382.9392526561646
1474.4512746352268,1370.8339543777379,1643.7914233968288,1290.4082269024918,1567.3931570798384,1555.414458185994,1535.2311858566472,1545.1713314792123,1452.338380650916,1440.7582833123704,1648.5427706299936,1502.5018535952108,1380.6084103439136,1406.949197386376,1382.9392526561646,1561.497311586459
1370.8339543777379,1643.7914233968288,1290.4082269024918,1567.3931570798384,1555.414458185994,1535.2311858566472,1545.1713314792123,1452.338380650916,1440.7582833123704,1648.5427706299936,1502.5018535952108,1380.6084103439136,1406.949197386376,1382.9392526561646,1561.497311586459,1651.3179727876072
1643.7914233968288,1290.4082269024918,1567.3931570798384,1555.414458185994,1535.2311858566472,1545.1713314792123,1452.338380650916,1440.7582833123704,1648.5427706299936,1502.5018535952108,1380.6084103439136,1406.949197386376,1382.9392526561646,1561.497311586459,1651.3179727876072,1518.2616014205557
1290.4082269024918,1567.3931570798384,1555.414458185994,1535.2311858566472,1545.1713314792123,1452.338380650916,1440.7582833123704,1648.5427706299936,1502.5018535952108,1380.6084103439136,1406.949197386376,1382.9392526561646,1561.497311586459,1651.3179727876072,1518.2616014205557,1568.682183540743
1567.3931570798384,1555.414458185994,1535.2311858566472,1545.1713314792123,1452.338380650916,1440.7582833123704,1648.5427706299936,1502.5018535952108,1380.6084103439136,1406.949197386376,1382.9392526561646,1561.497311586459,1651.3179727876072,1518.2616014205557,1568.682183540743,1514.0363166171326
1555.414458185994,1535.2311858566472,1545.1713314792123,1452.338380650916,1440.7582833123704,1648.5427706299936,1502.5018535952108,1380.6084103439136,1406.949197386376,1382.9392526561646,1561.497311586459,1651.3179727876072,1518.2616014205557,1568.682183540743,1514.0363166171326,1655.5429201321479
1535.2311858566472,1545.1713314792123,1452.338380650916,1440.7582833123704,1648.5427706299936,1502.5018535952108,1380.6084103439136,1406.949197386376,1382.9392526561646,1561.497311586459,1651.3179727876072,1518.2616014205557,1568.682183540743,1514.0363166171326,1655.5429201321479,1662.968048261022
1545.1713314792123,1452.338380650916,1440.7582833123704,1648.5427706299936,1502.5018535952108,1380.6084103439136,1406.949197386376,1382.9392526561646,1561.497311586459,1651.3179727876072,1518.2616014205557,1568.682183540743,1514.0363166171326,1655.5429201321479,1662.968048261022,1676.5122255892597
1452.338380650916,1440.7582833123704,1648.5427706299936,1502.5018535952108,1380.6084103439136,1406.949197386376,1382.9392526561646,1561.497311586459,1651.3179727876072,1518.2616014205557,1568.682183540743,1514.0363166171326,1655.5429201321479,1662.968048261022,1676.5122255892597,1769.4211959103325
1440.7582833123704,1648.5427706299936,1502.5018535952108,1380.6084103439136,1406.949197386376,1382.9392526561646,1561.497311586459,1651.3179727876072,1518.2616014205557,1568.682183540743,1514.0363166171326,1655.5429201321479,1662.968048261022,1676.5122255892597,1769.4211959103325,1489.0880922828544
1648.5427706299936,1502.5018535952108,1380.6084103439136,1406.949197386376,1382.9392526561646,1561.497311586459,1651.3179727876072,1518.2616014205557,1568.682183540743,1514.0363166171326,1655.5429201321479,1662.968048261022,1676.5122255892597,1769.4211959103325,1489.0880922828544,1693.878131387874
1502.5018535952108,1380.6084103439136,1406.949197386376,1382.9392526561646,1561.497311586459,1651.3179727876072,1518.2616014205557,1568.682183540743,1514.0363166171326,1655.5429201321479,1662.968048261022,1676.5122255892597,1769.4211959103325,1489.0880922828544,1693.878131387874,1479.0198416530295
1380.6084103439136,1406.949197386376,1382.9392526561646,1561.497311586459,1651.3179727876072,1518.2616014205557,1568.682183540743,1514.0363166171326,1655.5429201321479,1662.968048261022,1676.5122255892597,1769.4211959103325,1489.0880922828544,1693.878131387874,1479.0198416530295,1707.821736299792
1406.949197386376,1382.9392526561646,1561.497311586459,1651.3179727876072,1518.2616014205557,1568.682183540743,1514.0363166171326,1655.5429201321479,1662.968048261022,1676.5122255892597,1769.4211959103325,1489.0880922828544,1693.878131387874,1479.0198416530295,1707.821736299792,1728.1303480133413
1382.9392526561646,1561.497311586459,1651.3179727876072,1518.2616014205557,1568.682183540743,1514.0363166171326,1655.5429201321479,1662.968048261022,1676.5122255892597,1769.4211959103325,1489.0880922828544,1693.878131387874,1479.0198416530295,1707.821736299792,1728.1303480133413,1731.3541040433167
1561.497311586459,1651.3179727876072,1518.2616014205557,1568.682183540743,1514.0363166171326,1655.5429201321479,1662.968048261022,1676.5122255892597,1769.4211959103325,1489.0880922828544,1693.878131387874,1479.0198416530295,1707.821736299792,1728.1303480133413,1731.3541040433167,1751.1027598562878
1651.3179727876072,1518.2616014205557,1568.682183540743,1514.0363166171326,1655.5429201321479,1662.968048261022,1676.5122255892597,1769.4211959103325,1489.0880922828544,1693.878131387874,1479.0198416530295,1707.821736299792,1728.1303480133413,1731.3541040433167,1751.1027598562878,1674.379592263609
1518.2616014205557,1568.682183540743,1514.0363166171326,1655.5429201321479,1662.968048261022,1676.5122255892597,1769.4211959103325,1489.0880922828544,1693.878131387874,1479.0198416530295,1707.821736299792,1728.1303480133413,1731.3541040433167,1751.1027598562878,1674.379592263609,1639.2258530616496
1568.682183540743,1514.0363166171326,1655.5429201321479,1662.968048261022,1676.5122255892597,1769.4211959103325,1489.0880922828544,1693.878131387874,1479.0198416530295,1707.821736299792,1728.1303480133413,1731.3541040433167,1751.1027598562878,1674.379592263609,1639.2258530616496,1786.339093831459
1514.0363166171326,1655.5429201321479,1662.968048261022,1676.5122255892597,1769.4211959103325,1489.0880922828544,1693.878131387874,1479.0198416530295,1707.821736299792,1728.1303480133413,1731.3541040433167,1751.1027598562878,1674.379592263609,1639.2258530616496,1786.339093831459,1666.8774822365524
1655.5429201321479,1662.968048261022,1676.5122255892597,1769.4211959103325,1489.0880922828544,1693.878131387874,1479.0198416530295,1707.821736299792,1728.1303480133413,1731.3541040433167,1751.1027598562878,1674.379592263609,1639.2258530616496,1786.339093831459,1666.8774822365524,1808.4280940765216
1662.968048261022,1676.5122255892597,1769.4211959103325,1489.0880922828544,1693.878131387874,1479.0198416530295,1707.821736299792,1728.1303480133413,1731.3541040433167,1751.1027598562878,1674.379592263609,1639.2258530616496,1786.339093831459,1666.8774822365524,1808.4280940765216,1674.031702413255
1676.5122255892597,1769.4211959103325,1489.0880922828544,1693.878131387874,1479.0198416530295,1707.821736299792,1728.1303480133413,1731.3541040433167,1751.1027598562878,1674.379592263609,1639.2258530616496,1786.339093831459,1666.8774822365524,1808.4280940765216,1674.031702413255,1801.865076262872
1769.4211959103325,1489.0880922828544,1693.878131387874,1479.0198416530295,1707.821736299792,1728.1303480133413,1731.3541040433167,1751.1027598562878,1674.379592263609,1639.2258530616496,1786.339093831459,1666.8774822365524,1808.4280940765216,1674.031702413255,1801.865076262872,1812.0564798197452
1489.0880922828544,1693.878131387874,1479.0198416530295,1707.821736299792,1728.1303480133413,1731.3541040433167,1751.1027598562878,1674.379592263609,1639.2258530616496,1786.339093831459,1666.8774822365524,1808.4280940765216,1674.031702413255,1801.865076262872,1812.0564798197452,1720.1729009538067
1693.878131387874,1479.0198416530295,1707.821736299792,1728.1303480133413,1731.3541040433167,1751.1027598562878,1674.379592263609,1639.2258530616496,1786.339093831459,1666.8774822365524,1808.4280940765216,1674.031702413255,1801.865076262872,1812.0564798197452,1720.1729009538067,1785.0417062597796
1479.0198416530295,1707.821736299792,1728.1303480133413,1731.3541040433167,1751.1027598562878,1674.379592263609,1639.2258530616496,1786.339093831459,1666.8774822365524,1808.4280940765216,1674.031702413255,1801.865076262872,1812.0564798197452,1720.1729009538067,1785.0417062597796,1918.7792128802519
1707.821736299792,1728.1303480133413,1731.3541040433167,1751.1027598562878,1674.379592263609,1639.2258530616496,1786.339093831459,1666.8774822365524,1808.4280940765216,1674.031702413255,1801.865076262872,1812.0564798197452,1720.1729009538067,1785.0417062597796,1918.7792128802519,1850.9132637706305
1728.1303480133413,1731.3541040433167,1751.1027598562878,1674.379592263609,1639.2258530616496,1786.339093831459,1666.8774822365524,1808.4280940765216,1674.031702413255,1801.865076262872,1812.0564798197452,1720.1729009538067,1785.0417062597796,1918.7792128802519,1850.9132637706305,1914.1491081845784
1731.3541040433167,1751.1027598562878,1674.379592263609,1639.2258530616496,1786.339093831459,1666.8774822365524,1808.4280940765216,1674.031702413255,1801.865076262872,1812.0564798197452,1720.1729009538067,1785.0417062597796,1918.7792128802519,1850.9132637706305,1914.1491081845784,1829.35596007333
1751.1027598562878,1674.379592263609,1639.2258530616496,1786.339093831459,1666.8774822365524,1808.4280940765216,1674.031702413255,1801.865076262872,1812.0564798197452,1720.1729009538067,1785.0417062597796,1918.7792128802519,1850.9132637706305,1914.1491081845784,1829.35596007333,1909.697169672751
1674.379592263609,1639.2258530616496,1786.339093831459,1666.8774822365524,1808.4280940765216,1674.031702413255,1801.865076262872,1812.0564798197452,1720.1729009538067,1785.0417062597796,1918.7792128802519,1850.9132637706305,1914.1491081845784,1829.35596007333,1909.697169672751,1776.6333975649425
1639.2258530616496,1786.339093831459,1666.8774822365524,1808.4280940765216,1674.031702413255,1801.865076262872,1812.0564798197452,1720.1729009538067,1785.0417062597796,1918.7792128802519,1850.9132637706305,1914.1491081845784,1829.35596007333,1909.697169672751,1776.6333975649425,1860.9497400116843
1786.339093831459,1666.8774822365524,1808.4280940765216,1674.031702413255,1801.865076262872,1812.0564798197452,1720.1729009538067,1785.0417062597796,1918.7792128802519,1850.9132637706305,1914.1491081845784,1829.35596007333,1909.697169672751,1776.6333975649425,1860.9497400116843,2071.430326703546
1666.8774822365524,1808.4280940765216,1674.031702413255,1801.865076262872,1812.0564798197452,1720.1729009538067,1785.0417062597796,1918.7792128802519,1850.9132637706305,1914.1491081845784,1829.35596007333,1909.697169672751,1776.6333975649425,1860.9497400116843,2071.430326703546,2023.1048425187155
1808.4280940765216,1674.031702413255,1801.865076262872,1812.0564798197452,1720.1729009538067,1785.0417062597796,1918.7792128802519,1850.9132637706305,1914.1491081845784,1829.35596007333,1909.697169672751,1776.6333975649425,1860.9497400116843,2071.430326703546,2023.1048425187155,1991.3778482870161
1674.031702413255,1801.865076262872,1812.0564798197452,1720.1729009538067,1785.0417062597796,1918.7792128802519,1850.9132637706305,1914.1491081845784,1829.35596007333,1909.697169672751,1776.6333975649425,1860.9497400116843,2071.430326703546,2023.1048425187155,1991.3778482870161,2022.3195328667962
1801.865076262872,1812.0564798197452,1720.1729009538067,1785.0417062597796,1918.7792128802519,1850.9132637706305,1914.1491081845784,1829.35596007333,1909.697169672751,1776.6333975649425,1860.9497400116843,2071.430326703546,2023.1048425187155,1991.3778482870161,2022.3195328667962,1900.7500689802803
1812.0564798197452,1720.1729009538067,1785.0417062597796,1918.7792128802519,1850.9132637706305,1914.1491081845784,1829.35596007333,1909.697169672751,1776.6333975649425,1860.9497400116843,2071.430326703546,2023.1048425187155,1991.3778482870161,2022.3195328667962,1900.7500689802803,2087.90440293618
1720.1729009538067,1785.0417062597796,1918.7792128802519,1850.9132637706305,1914.1491081845784,1829.35596007333,1909.697169672751,1776.6333975649425,1860.9497400116843,2071.430326703546,2023.1048425187155,1991.3778482870161,2022.3195328667962,1900.7500689802803,2087.90440293618,1951.5829878761426
1785.0417062597796,1918.7792128802519,1850.9132637706305,1914.1491081845784,1829.35596007333,1909.697169672751,1776.6333975649425,1860.9497400116843,2071.430326703546,2023.1048425187155,1991.3778482870161,2022.3195328667962,1900.7500689802803,2087.90440293618,1951.5829878761426,2018.689783362723
1918.7792128802519,1850.9132637706305,1914.1491081845784,1829.35596007333,1909.697169672751,1776.6333975649425,1860.9497400116843,2071.430326703546,2023.1048425187155,1991.3778482870161,2022.3195328667962,1900.7500689802803,2087.90440293618,1951.5829878761426,2018.689783362723,2174.3173741202913
1850.9132637706305,1914.1491081845784,1829.35596007333,1909.697169672751,1776.6333975649425,1860.9497400116843,2071.430326703546,2023.1048425187155,1991.3778482870161,2022.3195328667962,1900.7500689802803,2087.90440293618,1951.5829878761426,2018.689783362723,2174.3173741202913,2058.8044547621016
1914.1491081845784,1829.35596007333,1909.697169672751,1776.6333975649425,1860.9497400116843,2071.430326703546,2023.1048425187155,1991.3778482870161,2022.3195328667962,1900.7500689802803,2087.90440293618,1951.5829878761426,2018.689783362723,2174.3173741202913,2058.8044547621016,2100.852800793974
1829.35596007333,1909.697169672751,1776.6333975649425,1860.9497400116843,2071.430326703546,2023.1048425187155,1991.3778482870161,2022.3195328667962,1900.7500689802803,2087.90440293618,1951.5829878761426,2018.689783362723,2174.3173741202913,2058.8044547621016,2100.852800793974,2162.345727614914
1909.697169672751,1776.6333975649425,1860.9497400116843,2071.430326703546,2023.1048425187155,1991.3778482870161,2022.3195328667962,1900.7500689802803,2087.90440293618,1951.5829878761426,2018.689783362723,2174.3173741202913,2058.8044547621016,2100.852800793974,2162.345727614914,2201.4237664803886
1776.6333975649425,1860.9497400116843,2071.430326703546,2023.1048425187155,1991.3778482870161,2022.3195328667962,1900.7500689802803,2087.90440293618,1951.5829878761426,2018.689783362723,2174.3173741202913,2058.8044547621016,2100.852800793974,2162.345727614914,2201.4237664803886,2340.8008774915547
1860.9497400116843,2071.430326703546,2023.1048425187155,1991.3778482870161,2022.3195328667962,1900.7500689802803,2087.90440293618,1951.5829878761426,2018.689783362723,2174.3173741202913,2058.8044547621016,2100.852800793974,2162.345727614914,2201.4237664803886,2340.8008774915547,2073.2695648675226
2071.430326703546,2023.1048425187155,1991.3778482870161,2022.3195328667962,1900.7500689802803,2087.90440293618,1951.5829878761426,2018.689783362723,2174.3173741202913,2058.8044547621016,2100.852800793974,2162.345727614914,2201.4237664803886,2340.8008774915547,2073.2695648675226,2218.4146934692667
2023.1048425187155,1991.3778482870161,2022.3195328667962,1900.7500689802803,2087.90440293618,1951.5829878761426,2018.689783362723,2174.3173741202913,2058.8044547621016,2100.852800793974,2162.345727614914,2201.4237664803886,2340.8008774915547,2073.2695648675226,2218.4146934692667,2335.2360531206737
1991.3778482870161,2022.3195328667962,1900.7500689802803,2087.90440293618,1951.5829878761426,2018.689783362723,2174.3173741202913,2058.8044547621016,2100.852800793974,2162.345727614914,2201.4237664803886,2340.8008774915547,2073.2695648675226,2218.4146934692667,2335.2360531206737,2255.4199526483903
2022.3195328667962,1900.7500689802803,2087.90440293618,1951.5829878761426,2018.689783362723,2174.3173741202913,2058.8044547621016,2100.852800793974,2162.345727614914,2201.4237664803886,2340.8008774915547,2073.2695648675226,2218.4146934692667,2335.2360531206737,2255.4199526483903,2287.0759019805328
1900.7500689802803,2087.90440293618,1951.5829878761426,2018.689783362723,2174.3173741202913,2058.8044547621016,2100.852800793974,2162.345727614914,2201.4237664803886,2340.8008774915547,2073.2695648675226,2218.4146934692667,2335.2360531206737,2255.4199526483903,2287.0759019805328,2270.1828721741194
2087.90440293618,1951.5829878761426,2018.689783362723,2174.3173741202913,2058.8044547621016,2100.852800793974,2162.345727614914,2201.4237664803886,2340.8008774915547,2073.2695648675226,2218.4146934692667,2335.2360531206737,2255.4199526483903,2287.0759019805328,2270.1828721741194,2341.2063510500284
1951.5829878761426,2018.689783362723,2174.3173741202913,2058.8044547621016,2100.852800793974,2162.345727614914,2201.4237664803886,2340.8008774915547,2073.2695648675226,2218.4146934692667,2335.2360531206737,2255.4199526483903,2287.0759019805328,2270.1828721741194,2341.2063510500284,2455.2608058862866
2018.689783362723,2174.3173741202913,2058.8044547621016,2100.852800793974,2162.345727614914,2201.4237664803886,2340.8008774915547,2073.2695648675226,2218.4146934692667,2335.2360531206737,2255.4199526483903,2287.0759019805328,2270.1828721741194,2341.2063510500284,2455.2608058862866,2535.2431570233493
2174.3173741202913,2058.8044547621016,2100.852800793974,2162.345727614914,2201.4237664803886,2340.8008774915547,2073.2695648675226,2218.4146934692667,2335.2360531206737,2255.4199526483903,2287.0759019805328,2270.1828721741194,2341.2063510500284,2455.2608058862866,2535.2431570233493,2474.3434440148726
2058.8044547621016,2100.852800793974,2162.345727614914,2201.4237664803886,2340.8008774915547,2073.2695648675226,2218.4146934692667,2335.2360531206737,2255.4199526483903,2287.0759019805328,2270.1828721741194,2341.2063510500284,2455.2608058862866,2535.2431570233493,2474.3434440148726,2595.717269542951
2100.852800793974,2162.345727614914,2201.4237664803886,2340.8008774915547,2073.2695648675226,2218.4146934692667,2335.2360531206737,2255.4199526483903,2287.0759019805328,2270.1828721741194,2341.2063510500284,2455.2608058862866,2535.2431570233493,2474.3434440148726,2595.717269542951,2498.934201649415
2162.345727614914,2201.4237664803886,2340.8008774915547,2073.2695648675226,2218.4146934692667,2335.2360531206737,2255.4199526483903,2287.0759019805328,2270.1828721741194,2341.2063510500284,2455.2608058862866,2535.2431570233493,2474.3434440148726,2595.717269542951,2498.934201649415,2356.5144606855138
2201.4237664803886,2340.8008774915547,2073.2695648675226,2218.4146934692667,2335.2360531206737,2255.4199526483903,2287.0759019805328,2270.1828721741194,2341.2063510500284,2455.2608058862866,2535.2431570233493,2474.3434440148726,2595.717269542951,2498.934201649415,2356.5144606855138,2609.595289127862
2340.8008774915547,2073.2695648675226,2218.4146934692667,2335.2360531206737,2255.4199526483903,2287.0759019805328,2270.1828721741194,2341.2063510500284,2455.2608058862866,2535.2431570233493,2474.3434440148726,2595.717269542951,2498.934201649415,2356.5144606855138,2609.595289127862,2371.495891357661
2073.2695648675226,2218.4146934692667,2335.2360531206737,2255.4199526483903,2287.0759019805328,2270.1828721741194,2341.2063510500284,2455.2608058862866,2535.2431570233493,2474.3434440148726,2595.717269542951,2498.934201649415,2356.5144606855138,2609.595289127862,2371.495891357661,2581.7021527092866
2218.4146934692667,2335.2360531206737,2255.4199526483903,2287.0759019805328,2270.1828721741194,2341.2063510500284,2455.2608058862866,2535.2431570233493,2474.3434440148726,2595.717269542951,2498.934201649415,2356.5144606855138,2609.595289127862,2371.495891357661,2581.7021527092866,2611.9651359552718
2335.2360531206737,2255.4199526483903,2287.0759019805328,2270.1828721741194,2341.2063510500284,2455.2608058862866,2535.2431570233493,2474.3434440148726,2595.717269542951,2498.934201649415,2356.5144606855138,2609.595289127862,2371.495891357661,2581.7021527092866,2611.9651359552718,2529.467013697287
2255.4199526483903,2287.0759019805328,2270.1828721741194,2341.2063510500284,2455.2608058862866,2535.2431570233493,2474.3434440148726,2595.717269542951,2498.934201649415,2356.5144606855138,2609.595289127862,2371.495891357661,2581.7021527092866,2611.9651359552718,2529.467013697287,2642.5498829953294
2287.0759019805328,2270.1828721741194,2341.2063510500284,2455.2608058862866,2535.2431570233493,2474.3434440148726,2595.717269542951,2498.934201649415,2356.5144606855138,2609.595289127862,2371.495891357661,2581.7021527092866,2611.9651359552718,2529.467013697287,2642.5498829953294,2635.568730009056
2270.1828721741194,2341.2063510500284,2455.2608058862866,2535.2431570233493,2474.3434440148726,2595.717269542951,2498.934201649415,2356.5144606855138,2609.595289127862,2371.495891357661,2581.7021527092866,2611.9651359552718,2529.467013697287,2642.5498829953294,2635.568730009056,2725.741836818636
2341.2063510500284,2455.2608058862866,2535.2431570233493,2474.3434440148726,2595.717269542951,2498.934201649415,2356.5144606855138,2609.595289127862,2371.495891357661,2581.7021527092866,2611.9651359552718,2529.467013697287,2642.5498829953294,2635.568730009056,2725.741836818636,2709.1129897729575
2455.2608058862866,2535.2431570233493,2474.3434440148726,2595.717269542951,2498.934201649415,2356.5144606855138,2609.595289127862,2371.495891357661,2581.7021527092866,2611.9651359552718,2529.467013697287,2642.5498829953294,2635.568730009056,2725.741836818636,2709.1129897729575,2820.9360797519425
2535.2431570233493,2474.3434440148726,2595.717269542951,2498.934201649415,2356.5144606855138,2609.595289127862,2371.495891357661,2581.7021527092866,2611.9651359552718,2529.467013697287,2642.5498829953294,2635.568730009056,2725.741836818636,2709.1129897729575,2820.9360797519425,2752.8379806096436
2474.3434440148726,2595.717269542951,2498.934201649415,2356.5144606855138,2609.595289127862,2371.495891357661,2581.7021527092866,2611.9651359552718,2529.467013697287,2642.5498829953294,2635.568730009056,2725.741836818636,2709.1129897729575,2820.9360797519425,2752.8379806096436,2871.8811603367
2595.717269542951,2498.934201649415,2356.5144606855138,2609.595289127862,2371.495891357661,2581.7021527092866,2611.9651359552718,2529.467013697287,2642.5498829953294,2635.568730009056,2725.741836818636,2709.1129897729575,2820.9360797519425,2752.8379806096436,2871.8811603367,2839.9214118004643
2498.934201649415,2356.5144606855138,2609.595289127862,2371.495891357661,2581.7021527092866,2611.9651359552718,2529.467013697287,2642.5498829953294,2635.568730009056,2725.741836818636,2709.1129897729575,2820.9360797519425,2752.8379806096436,2871.8811603367,2839.9214118004643,2888.8119669220605
2356.5144606855138,2609.595289127862,2371.495891357661,2581.7021527092866,2611.9651359552718,2529.467013697287,2642.5498829953294,2635.568730009056,2725.741836818636,2709.1129897729575,2820.9360797519425,2752.8379806096436,2871.8811603367,2839.9214118004643,2888.8119669220605,2902.6972515867596
2609.595289127862,2371.495891357661,2581.7021527092866,2611.9651359552718,2529.467013697287,2642.5498829953294,2635.568730009056,2725.741836818636,2709.1129897729575,2820.9360797519425,2752.8379806096436,2871.8811603367,2839.9214118004643,2888.8119669220605,2902.6972515867596,2872.166520141288
2371.495891357661,2581.7021527092866,2611.9651359552718,2529.467013697287,2642.5498829953294,2635.568730009056,2725.741836818636,2709.1129897729575,2820.9360797519425,2752.8379806096436,2871.8811603367,2839.9214118004643,2888.8119669220605,2902.6972515867596,2872.166520141288,3048.5345161195946
2581.7021527092866,2611.9651359552718,2529.467013697287,2642.5498829953294,2635.568730009056,2725.741836818636,2709.1129897729575,2820.9360797519425,2752.8379806096436,2871.8811603367,2839.9214118004643,2888.8119669220605,2902.6972515867596,2872.166520141288,3048.5345161195946,3023.9048853907466
2611.9651359552718,2529.467013697287,2642.5498829953294,2635.568730009056,2725.741836818636,2709.1129897729575,2820.9360797519425,2752.8379806096436,2871.8811603367,2839.9214118004643,2888.8119669220605,2902.6972515867596,2872.166520141288,3048.5345161195946,3023.9048853907466,2780.2122919841972
