date,debit_L_s
1962-02-21,1300.0
1962-02-22,1300.0
1962-02-23,1300.0
1962-02-24,1150.0
1962-02-25,1150.0
1962-02-26,1000.0
1962-02-27,1000.0
1962-02-28,1150.0
1962-03-01,1150.0
1962-03-02,1600.0
1962-03-03,2100.0
1962-03-04,2400.0
1962-03-05,2100.0
1962-03-06,2000.0
1962-03-07,1850.0
1962-03-08,1700.0
1962-03-09,1700.0
1962-03-10,1850.0
1962-03-11,2000.0
1962-03-12,1850.0
1962-03-13,1700.0
1962-03-14,1700.0
1962-03-15,1700.0
1962-03-16,1700.0
1962-03-17,1600.0
1962-03-18,1600.0
1962-03-19,1400.0
1962-03-20,1400.0
1962-03-21,1500.0
1962-03-22,1500.0
1962-03-23,1600.0
1962-03-24,1700.0
1962-03-25,2000.0
1962-03-26,2100.0
1962-03-27,2800.0
1962-03-28,3100.0
1962-03-29,3100.0
1962-03-30,3400.0
1962-03-31,3600.0
1962-04-01,3200.0
1962-04-02,3200.0
1962-04-03,3400.0
1962-04-04,3400.0
1962-04-05,3600.0
1962-04-06,3600.0
1962-04-07,3400.0
1962-04-08,3200.0
1962-04-09,3200.0
1962-04-10,3100.0
1962-04-11,3100.0
1962-04-12,3200.0
1962-04-13,3600.0
1962-04-14,4000.0
1962-04-15,4600.0
1962-04-16,4800.0
1962-04-17,5400.0
1962-04-18,9400.0
1962-04-19,8200.0
1962-04-20,7600.0
1962-04-21,7300.0
1962-04-22,7000.0
1962-04-23,6800.0
1962-04-24,6600.0
1962-04-25,7300.0
1962-04-26,7900.0
1962-04-27,8800.0
1962-04-28,10500.0
1962-04-29,9700.0
1962-04-30,9700.0
1962-05-01,9400.0
1962-05-02,9700.0
1962-05-03,9100.0
1962-05-04,9100.0
1962-05-05,11000.0
1962-05-06,12000.0
1962-05-07,12500.0
1962-05-08,14000.0
1962-05-09,14000.0
1962-05-10,5800.0
1962-05-11,10500.0
1962-05-12,9100.0
1962-05-13,7900.0
1962-05-14,7000.0
1962-05-15,7000.0
1962-05-16,6800.0
1962-05-17,6800.0
1962-05-18,6800.0
1962-05-19,7300.0
1962-05-20,6300.0
1962-05-21,5800.0
1962-05-22,5800.0
1962-05-23,5600.0
1962-05-24,5600.0
1962-05-25,5400.0
1962-05-26,5400.0
1962-05-27,5200.0
1962-05-28,5200.0
1962-05-29,5000.0
1962-05-30,5000.0
1962-05-31,4800.0
1962-06-01,5600.0
1962-06-02,6600.0
1962-06-03,7600.0
1962-06-04,7600.0
1962-06-05,7600.0
1962-06-06,7000.0
1962-06-07,7000.0
1962-06-08,6600.0
1962-06-09,6600.0
1962-06-10,6600.0
1962-06-11,7000.0
1962-06-12,7600.0
1962-06-13,7900.0
1962-06-14,8800.0
1962-06-15,10000.0
1962-06-16,10500.0
1962-06-17,11000.0
1962-06-18,11500.0
1962-06-19,11500.0
1962-06-20,11000.0
1962-06-21,11000.0
1962-06-22,11500.0
1962-06-23,11500.0
1962-06-24,11500.0
1962-06-25,11000.0
1962-06-26,10500.0
1962-06-27,9700.0
1962-06-28,9700.0
1962-06-29,9700.0
1962-06-30,9100.0
1962-07-01,9100.0
1962-07-02,7900.0
1962-07-03,7900.0
1962-07-04,7900.0
1962-07-05,7900.0
1962-07-06,7900.0
1962-07-07,7300.0
1962-07-08,7300.0
1962-07-09,7300.0
1962-07-10,6600.0
1962-07-11,6300.0
1962-07-12,5800.0
1962-07-13,5400.0
1962-07-14,5400.0
1962-07-15,5000.0
1962-07-16,4800.0
1962-07-17,4400.0
1962-07-18,4000.0
1962-07-19,4000.0
1962-07-20,4000.0
1962-07-21,3800.0
1962-07-22,3800.0
1962-07-23,3800.0
1962-07-24,3800.0
1962-07-25,3800.0
1962-07-26,3800.0
1962-07-27,3600.0
1962-07-28,3600.0
1962-07-29,3600.0
1962-07-30,3600.0
1962-07-31,3600.0
1962-08-01,3600.0
1962-08-02,3600.0
1962-08-03,3400.0
1962-08-04,3400.0
1962-08-05,3200.0
1962-08-06,3200.0
1962-08-07,3200.0
1962-08-08,3100.0
1962-08-09,3100.0
1962-08-10,3000.0
1962-08-11,3000.0
1962-08-12,3000.0
1962-08-13,2800.0
1962-08-14,2800.0
1962-08-15,2600.0
1962-08-16,2600.0
1962-08-17,2500.0
1962-08-18,2500.0
1962-08-19,2400.0
1962-08-20,2400.0
1962-08-21,2400.0
1962-08-22,2200.0
1962-08-23,2100.0
1962-08-24,2100.0
1962-08-25,2100.0
1962-08-26,2000.0
1962-08-27,2000.0
1962-08-28,1850.0
1962-08-29,1850.0
1962-08-30,1700.0
1962-08-31,1700.0
1962-09-01,1600.0
1962-09-02,1600.0
1962-09-03,1500.0
1962-09-04,1500.0
1962-09-05,1500.0
1962-09-06,1500.0
1962-09-07,1500.0
1962-09-08,1500.0
1962-09-09,1500.0
1962-09-10,1500.0
1962-09-11,1500.0
1962-09-12,1500.0
1962-09-13,1500.0
1962-09-14,1500.0
1962-09-15,1500.0
1962-09-16,1500.0
1962-09-17,1400.0
1962-09-18,1400.0
1962-09-19,1400.0
1962-09-20,1400.0
1962-09-21,1400.0
1962-09-22,1400.0
1962-09-23,1400.0
1962-09-24,1300.0
1962-09-25,1300.0
1962-09-26,1300.0
1962-09-27,1400.0
1962-09-28,1400.0
1962-09-29,1400.0
1962-09-30,1300.0
1962-10-01,1300.0
1962-10-02,1300.0
1962-10-03,1300.0
1962-10-04,1300.0
1962-10-05,1150.0
1962-10-06,1150.0
1962-10-07,1150.0
1962-10-08,1000.0
1962-10-09,1000.0
1962-10-10,1000.0
1962-10-11,1000.0
1962-10-12,950.0
1962-10-13,950.0
1962-10-14,950.0
1962-10-15,950.0
1962-10-16,950.0
1962-10-17,950.0
1962-10-18,950.0
1962-10-19,900.0
1962-10-20,900.0
1962-10-21,900.0
1962-10-22,900.0
1962-10-23,900.0
1962-10-24,900.0
1962-10-25,900.0
1962-10-26,900.0
1962-10-27,1500.0
1962-10-28,900.0
1962-10-29,900.0
1962-10-30,900.0
1962-10-31,850.0
1962-11-01,850.0
1962-11-02,850.0
1962-11-03,850.0
1962-11-04,800.0
1962-11-05,800.0
1962-11-06,800.0
1962-11-07,800.0
1962-11-08,800.0
1962-11-09,850.0
1962-11-10,850.0
1962-11-11,850.0
1962-11-12,850.0
1962-11-13,850.0
1962-11-14,850.0
1962-11-15,850.0
1962-11-16,850.0
1962-11-17,850.0
1962-11-18,850.0
1962-11-19,850.0
1962-11-20,850.0
1962-11-21,850.0
1962-11-22,850.0
1962-11-23,850.0
1962-11-24,850.0
1962-11-25,850.0
1962-11-26,850.0
1962-11-27,850.0
1962-11-28,800.0
1962-11-29,800.0
1962-11-30,800.0
1962-12-01,800.0
1962-12-02,800.0
1962-12-03,800.0
1962-12-04,800.0
1962-12-05,800.0
1962-12-06,700.0
1962-12-07,700.0
1962-12-08,700.0
1962-12-09,700.0
1962-12-10,700.0
1962-12-11,700.0
1962-12-12,700.0
1962-12-13,700.0
1962-12-14,800.0
1962-12-15,850.0
1962-12-16,950.0
1964-01-21,1640.0
1964-01-22,1640.0
1964-01-23,1640.0
1964-01-24,1640.0
1964-01-25,1640.0
1964-01-26,1640.0
1964-01-27,1640.0
1964-01-28,1640.0
1964-01-29,1640.0
1964-01-30,1640.0
1964-01-31,1640.0
1964-02-01,1640.0
1964-02-02,1640.0
1964-02-03,1560.0
1964-02-04,1480.0
1964-02-05,1400.0
1964-02-06,1320.0
1964-02-07,1280.0
1964-02-08,1240.0
1964-02-09,1200.0
1964-02-10,1080.0
1964-02-11,1080.0
1964-02-12,1080.0
1964-02-13,1080.0
1964-02-14,1080.0
1964-02-15,1080.0
1964-02-16,1080.0
1964-02-17,960.0
1964-02-18,960.0
1964-02-19,960.0
1964-02-20,960.0
1964-02-21,960.0
1964-02-22,960.0
1964-02-23,960.0
1964-02-24,960.0
1964-02-25,960.0
1964-02-26,960.0
1964-02-27,960.0
1964-02-28,960.0
1964-02-29,960.0
1964-03-01,960.0
1964-03-02,960.0
1964-03-03,960.0
1964-03-04,960.0
1964-03-05,960.0
1964-03-06,960.0
1964-03-07,960.0
1964-03-08,960.0
1964-03-09,960.0
1964-03-10,960.0
1964-03-11,960.0
1964-03-12,1020.0
1964-03-13,1080.0
1964-03-14,1140.0
1964-03-15,1200.0
1964-03-16,1200.0
1964-03-17,1200.0
1964-03-18,1200.0
1964-03-19,1240.0
1964-03-20,1320.0
1964-03-21,1480.0
1964-03-22,1640.0
1964-03-23,1800.0
1964-03-24,1800.0
1964-03-25,1920.0
1964-03-26,2160.0
1964-03-27,2040.0
1964-03-28,1920.0
1964-03-29,1720.0
1964-03-30,1640.0
1964-03-31,1640.0
1964-04-01,1640.0
1964-04-02,1980.0
1964-04-03,2040.0
1964-04-04,1980.0
1964-04-05,1920.0
1964-04-06,1800.0
1964-04-07,1800.0
1964-04-08,1640.0
1964-04-09,1640.0
1964-04-10,1640.0
1964-04-11,1800.0
1964-04-12,1800.0
1964-04-13,1860.0
1964-04-14,1860.0
1964-04-15,1800.0
1964-04-16,1860.0
1964-04-17,1920.0
1964-04-18,2280.0
1964-04-19,5500.0
1964-04-20,6100.0
1964-04-21,5150.0
1964-04-22,4400.0
1964-04-23,3860.0
1964-04-24,3720.0
1964-04-25,3580.0
1964-04-26,3580.0
1964-04-27,3440.0
1964-04-28,3860.0
1964-04-29,4600.0
1964-04-30,4400.0
1964-05-01,3440.0
1964-05-02,3440.0
1964-05-03,3580.0
1964-05-04,3580.0
1964-05-05,3860.0
1964-05-06,4200.0
1964-05-07,4400.0
1964-05-08,5650.0
1964-05-09,6600.0
1964-05-10,6700.0
1964-05-11,6700.0
1964-05-12,7100.0
1964-05-13,5500.0
1964-05-14,5850.0
1964-05-15,5550.0
1964-05-16,5400.0
1964-05-17,5400.0
1964-05-18,5500.0
1964-05-19,5600.0
1964-05-20,5700.0
1964-05-21,5500.0
1964-05-22,5150.0
1964-05-23,4880.0
1964-05-24,4740.0
1964-05-25,4950.0
1964-05-26,4810.0
1964-05-27,4670.0
1964-05-28,4530.0
1964-05-29,4390.0
1964-05-30,4320.0
1964-05-31,4390.0
1964-06-01,4810.0
1964-06-02,5600.0
1964-06-03,4950.0
1964-06-04,4670.0
1964-06-05,4880.0
1964-06-06,5300.0
1964-06-07,5400.0
1964-06-08,5100.0
1964-06-09,5000.0
1964-06-10,4950.0
1964-06-11,4950.0
1964-06-12,5000.0
1964-06-13,5000.0
1964-06-14,5100.0
1964-06-15,4950.0
1964-06-16,4530.0
1964-06-17,4600.0
1964-06-18,4950.0
1964-06-19,4740.0
1964-06-20,5000.0
1964-06-21,5100.0
1964-06-22,4670.0
1964-06-23,4600.0
1964-06-24,4530.0
1964-06-25,4460.0
1964-06-26,4460.0
1964-06-27,4250.0
1964-06-28,4110.0
1964-06-29,3970.0
1964-06-30,3970.0
1964-07-01,3970.0
1964-07-02,3830.0
1964-07-03,3830.0
1964-07-04,3690.0
1964-07-05,3550.0
1964-07-06,3370.0
1964-07-07,3250.0
1964-07-08,3110.0
1964-07-09,3180.0
1964-07-10,3310.0
1964-07-11,3040.0
1964-07-12,2970.0
1964-07-13,2830.0
1964-07-14,2760.0
1964-07-15,2760.0
1964-07-16,2690.0
1964-07-17,2620.0
1964-07-18,2550.0
1964-07-19,2550.0
1964-07-20,2430.0
1964-07-21,2430.0
1964-07-22,2370.0
1964-07-23,2370.0
1964-07-24,2370.0
1964-07-25,2370.0
1964-07-26,2180.0
1964-07-27,2310.0
1964-07-28,2370.0
1964-07-29,2250.0
1964-07-30,2180.0
1964-07-31,2180.0
1964-08-01,2110.0
1964-08-02,2040.0
1964-08-03,2110.0
1964-08-04,2040.0
1964-08-05,1970.0
1964-08-06,1970.0
1964-08-07,2110.0
1964-08-08,2310.0
1964-08-09,2250.0
1964-08-10,1970.0
1964-08-11,1970.0
1964-08-12,1900.0
1964-08-13,1770.0
1964-08-14,1770.0
1964-08-15,1840.0
1964-08-16,1900.0
1964-08-17,1900.0
1964-08-18,1840.0
1964-08-19,1900.0
1964-08-20,1900.0
1964-08-21,2310.0
1964-08-22,3180.0
1964-08-23,2830.0
1964-08-24,2620.0
1964-08-25,2550.0
1964-08-26,2430.0
1964-08-27,2310.0
1964-08-28,2250.0
1964-08-29,2250.0
1964-08-30,2490.0
1964-08-31,2490.0
1964-09-01,2370.0
1964-09-02,2310.0
1964-09-03,2250.0
1964-09-04,2180.0
1964-09-05,3180.0
1964-09-06,4110.0
1964-09-07,3620.0
1964-09-08,3310.0
1964-09-09,3110.0
1964-09-10,2970.0
1964-09-11,2830.0
1964-09-12,2760.0
1964-09-13,2830.0
1964-09-14,3180.0
1964-09-15,2900.0
1964-09-16,2760.0
1964-09-17,2970.0
1964-09-18,2430.0
1964-09-19,2490.0
1964-09-20,2550.0
1964-09-21,2490.0
1964-09-22,2370.0
1964-09-23,2310.0
1964-09-24,2250.0
1964-09-25,2180.0
1964-09-26,2110.0
1964-09-27,2110.0
1964-09-28,1970.0
1964-09-29,1840.0
1964-09-30,1840.0
1964-10-01,1840.0
1964-10-02,1840.0
1964-10-03,1840.0
1964-10-04,1770.0
1964-10-05,1710.0
1964-10-06,1640.0
1964-10-07,1640.0
1964-10-08,3900.0
1964-10-09,3620.0
1964-10-10,3490.0
1964-10-11,3490.0
1964-10-12,3310.0
1964-10-13,3180.0
1964-10-14,3040.0
1964-10-15,2970.0
1964-10-16,2900.0
1964-10-17,2830.0
1964-10-18,2760.0
1964-10-19,2690.0
1964-10-20,2690.0
1964-10-21,2620.0
1964-10-22,2550.0
1964-10-23,2550.0
1964-10-24,2490.0
1964-10-25,2430.0
1964-10-26,2310.0
1964-10-27,2310.0
1964-10-28,2180.0
1964-10-29,2110.0
1964-10-30,2040.0
1964-10-31,2040.0
1964-11-01,1900.0
1964-11-02,1970.0
1964-11-03,1970.0
1964-11-04,1970.0
1964-11-05,1900.0
1964-11-06,1840.0
1964-11-07,1770.0
1964-11-08,1710.0
1964-11-09,1640.0
1964-11-10,1640.0
1964-11-11,1580.0
1964-11-12,1510.0
1964-11-13,1510.0
1964-11-14,1510.0
1964-11-15,1510.0
1964-11-16,1510.0
1964-11-17,1510.0
1964-11-18,1510.0
1964-11-19,1510.0
1964-11-20,1510.0
1964-11-21,1510.0
1964-11-22,1510.0
1964-11-23,1580.0
1964-11-24,1580.0
1964-11-25,1640.0
1964-11-26,1640.0
1964-11-27,1640.0
1964-11-28,1640.0
1964-11-29,1640.0
1964-11-30,1640.0
1964-12-01,1640.0
1964-12-02,1640.0
1964-12-03,1640.0
1964-12-04,1640.0
1964-12-05,1640.0
1964-12-06,1640.0
1964-12-07,1640.0
1964-12-08,1640.0
1964-12-09,1640.0
1964-12-10,1640.0
1964-12-11,1640.0
1964-12-12,1640.0
1964-12-13,1640.0
1964-12-14,1640.0
1964-12-15,1640.0
1964-12-16,1640.0
1964-12-17,1640.0
1964-12-18,1640.0
1964-12-19,1640.0
1964-12-20,1640.0
1964-12-21,1640.0
1964-12-22,1640.0
1964-12-23,1640.0
1964-12-24,1640.0
1964-12-25,1640.0
1964-12-26,1640.0
1964-12-27,1640.0
1964-12-28,1640.0
1964-12-29,1640.0
1964-12-30,1580.0
1964-12-31,1510.0
1965-01-01,610.0
1965-01-02,610.0
1965-01-03,610.0
1965-01-04,610.0
1965-01-05,610.0
1965-01-06,610.0
1965-01-07,610.0
1965-01-08,610.0
1965-01-09,610.0
1965-01-10,610.0
1965-01-11,610.0
1965-01-12,610.0
1965-01-13,610.0
1965-01-14,610.0
1965-01-15,610.0
1965-01-16,610.0
1965-01-17,610.0
1965-01-18,610.0
1965-01-19,610.0
1965-01-20,610.0
1965-01-21,610.0
1965-01-22,610.0
1965-01-23,610.0
1965-01-24,610.0
1965-01-25,610.0
1965-01-26,610.0
1965-01-27,610.0
1965-01-28,610.0
1965-01-29,610.0
1965-01-30,610.0
1965-01-31,610.0
1965-02-01,610.0
1965-02-02,610.0
1965-02-03,610.0
1965-02-04,610.0
1965-02-05,610.0
1965-02-06,610.0
1965-02-07,610.0
1965-02-08,610.0
1965-02-09,610.0
1965-02-10,610.0
1965-02-11,610.0
1965-02-12,610.0
1965-02-13,610.0
1965-02-14,610.0
1965-02-15,610.0
1965-02-16,610.0
1965-02-17,610.0
1965-02-18,610.0
1965-02-19,610.0
1965-02-20,610.0
1965-02-21,610.0
1965-02-22,610.0
1965-02-23,610.0
1965-02-24,610.0
1965-02-25,730.0
1965-02-26,800.0
1965-02-27,800.0
1965-02-28,730.0
1965-03-01,730.0
1965-03-02,920.0
1965-03-03,920.0
1965-03-04,860.0
1965-03-05,860.0
1965-03-06,860.0
1965-03-07,800.0
1965-03-08,800.0
1965-03-09,800.0
1965-03-10,800.0
1965-03-11,800.0
1965-03-12,800.0
1965-03-13,800.0
1965-03-14,800.0
1965-03-15,800.0
1965-03-16,860.0
1965-03-17,860.0
1965-03-18,990.0
1965-03-19,1050.0
1965-03-20,1050.0
1965-03-21,1050.0
1965-03-22,1120.0
1965-03-23,1320.0
1965-03-24,1510.0
1965-03-25,1510.0
1965-03-26,1580.0
1965-03-27,1510.0
1965-03-28,1510.0
1965-03-29,1640.0
1965-03-30,1770.0
1965-03-31,1770.0
1965-04-01,1840.0
1965-04-02,1900.0
1965-04-03,1900.0
1965-04-04,2040.0
1965-04-05,2180.0
1965-04-06,2180.0
1965-04-07,2110.0
1965-04-08,2110.0
1965-04-09,2110.0
1965-04-10,2040.0
1965-04-11,1970.0
1965-04-12,1900.0
1965-04-13,1900.0
1965-04-14,1900.0
1965-04-15,1900.0
1965-04-16,1900.0
1965-04-17,1900.0
1965-04-18,1900.0
1965-04-19,1900.0
1965-04-20,1900.0
1965-04-21,1840.0
1965-04-22,1840.0
1965-04-23,1770.0
1965-04-24,1840.0
1965-04-25,2310.0
1965-04-26,2310.0
1965-04-27,2430.0
1965-04-28,2430.0
1965-04-29,2430.0
1965-04-30,2110.0
1965-05-01,1770.0
1965-05-02,1640.0
1965-05-03,1580.0
1965-05-04,1710.0
1965-05-05,1970.0
1965-05-06,2040.0
1965-05-07,2040.0
1965-05-08,2110.0
1965-05-09,2370.0
1965-05-10,2620.0
1965-05-11,2760.0
1965-05-12,2760.0
1965-05-13,2970.0
1965-05-14,3430.0
1965-05-15,4180.0
1965-05-16,4810.0
1965-05-17,5350.0
1965-05-18,5600.0
1965-05-19,7300.0
1965-05-20,5750.0
1965-05-21,5150.0
1965-05-22,5150.0
1965-05-23,5100.0
1965-05-24,4950.0
1965-05-25,4880.0
1965-05-26,4810.0
1965-05-27,4810.0
1965-05-28,4670.0
1965-05-29,4390.0
1965-05-30,4180.0
1965-05-31,4040.0
1965-06-01,3830.0
1965-06-02,3690.0
1965-06-03,3550.0
1965-06-04,3550.0
1965-06-05,3620.0
1965-06-06,3620.0
1965-06-07,4250.0
1965-06-08,5150.0
1965-06-09,4950.0
1965-06-10,4670.0
1965-06-11,4530.0
1965-06-12,4530.0
1965-06-13,4530.0
1965-06-14,4600.0
1965-06-15,4880.0
1965-06-16,5250.0
1965-06-17,5850.0
1965-06-18,5500.0
1965-06-19,5500.0
1965-06-20,5850.0
1965-06-21,6000.0
1965-06-22,6050.0
1965-06-23,6000.0
1965-06-24,5750.0
1965-06-25,5850.0
1965-06-26,6000.0
1965-06-27,5750.0
1965-06-28,5700.0
1965-06-29,5600.0
1965-06-30,5550.0
1965-07-01,5900.0
1965-07-02,5550.0
1965-07-03,5250.0
1965-07-04,5100.0
1965-07-05,5880.0
1965-07-06,4530.0
1965-07-07,4320.0
1965-07-08,4250.0
1965-07-09,4040.0
1965-07-10,3690.0
1965-07-11,3690.0
1965-07-12,3550.0
1965-07-13,3490.0
1965-07-14,3430.0
1965-07-15,3370.0
1965-07-16,3370.0
1965-07-17,3250.0
1965-07-18,3040.0
1965-07-19,2900.0
1965-07-20,3180.0
1965-07-21,3830.0
1965-07-22,3430.0
1965-07-23,3250.0
1965-07-24,3040.0
1965-07-25,3040.0
1965-07-26,3040.0
1965-07-27,2760.0
1965-07-28,2620.0
1965-07-29,2550.0
1965-07-30,2550.0
1965-07-31,2490.0
1965-08-01,2430.0
1965-08-02,2310.0
1965-08-03,2250.0
1965-08-04,2250.0
1965-08-05,2180.0
1965-08-06,2180.0
1965-08-07,2110.0
1965-08-08,2110.0
1965-08-09,2110.0
1965-08-10,2040.0
1965-08-11,1900.0
1965-08-12,1900.0
1965-08-13,1970.0
1965-08-14,2250.0
1965-08-15,2040.0
1965-08-16,1900.0
1965-08-17,2110.0
1965-08-18,2040.0
1965-08-19,1970.0
1965-08-20,1900.0
1965-08-21,1900.0
1965-08-22,4740.0
1965-08-23,3350.0
1965-08-24,2500.0
1965-08-25,2200.0
1965-08-26,2050.0
1965-08-27,1890.0
1965-08-28,1740.0
1965-08-29,1670.0
1965-08-30,1600.0
1965-08-31,1600.0
1965-09-01,1670.0
1965-09-02,1820.0
1965-09-03,1890.0
1965-09-04,1890.0
1965-09-05,2120.0
1965-09-06,2200.0
1965-09-07,2120.0
1965-09-08,2120.0
1965-09-09,2200.0
1965-09-10,2740.0
1965-09-11,2580.0
1965-09-12,2500.0
1965-09-13,2350.0
1965-09-14,2200.0
1965-09-15,2120.0
1965-09-16,2050.0
1965-09-17,1970.0
1965-09-18,1890.0
1965-09-19,1970.0
1965-09-20,1820.0
1965-09-21,1740.0
1965-09-22,1670.0
1965-09-23,1670.0
1965-09-24,1600.0
1965-09-25,1540.0
1965-09-26,2050.0
1965-09-27,1890.0
1965-09-28,1970.0
1965-09-29,1970.0
1965-09-30,5900.0
1965-10-01,10000.0
1965-10-02,6750.0
1965-10-03,6200.0
1965-10-04,5650.0
1965-10-05,4900.0
1965-10-06,4400.0
1965-10-07,4000.0
1965-10-08,3710.0
1965-10-09,3440.0
1965-10-10,3260.0
1965-10-11,2990.0
1965-10-12,2820.0
1965-10-13,2740.0
1965-10-14,2500.0
1965-10-15,2420.0
1965-10-16,2350.0
1965-10-17,2660.0
1965-10-18,2500.0
1965-10-19,2350.0
1965-10-20,2270.0
1965-10-21,2200.0
1965-10-22,2120.0
1965-10-23,2050.0
1965-10-24,1970.0
1965-10-25,1820.0
1965-10-26,1740.0
1965-10-27,1670.0
1965-10-28,1600.0
1965-10-29,1670.0
1965-10-30,1600.0
1965-10-31,1540.0
1965-11-01,1470.0
1965-11-02,1470.0
1965-11-03,1670.0
1965-11-04,1400.0
1965-11-05,1340.0
1965-11-06,1340.0
1965-11-07,1340.0
1965-11-08,1820.0
1965-11-09,1540.0
1965-11-10,1340.0
1965-11-11,1220.0
1965-11-12,1160.0
1965-11-13,1100.0
1965-11-14,1040.0
1965-11-15,990.0
1965-11-16,990.0
1965-11-17,1160.0
1965-11-18,1340.0
1965-11-19,1400.0
1965-11-20,1470.0
1965-11-21,2420.0
1965-11-22,2200.0
1965-11-23,2050.0
1965-11-24,1820.0
1965-11-25,1740.0
1965-11-26,1740.0
1965-11-27,2660.0
1965-11-28,2740.0
1965-11-29,2350.0
1965-11-30,2270.0
1965-12-01,2120.0
1965-12-02,1970.0
1965-12-03,2200.0
1965-12-04,2120.0
1965-12-05,1970.0
1965-12-06,3170.0
1965-12-07,3080.0
1965-12-08,2740.0
1965-12-09,2500.0
1965-12-10,2580.0
1965-12-11,2420.0
1965-12-12,2200.0
1965-12-13,2120.0
1965-12-14,1970.0
1965-12-15,1890.0
1965-12-16,1820.0
1965-12-17,1740.0
1965-12-18,1740.0
1965-12-19,1670.0
1965-12-20,1600.0
1965-12-21,1600.0
1965-12-22,1600.0
1965-12-23,1540.0
1965-12-24,1470.0
1965-12-25,1470.0
1965-12-26,1470.0
1965-12-27,1600.0
1965-12-28,1740.0
1965-12-29,1600.0
1965-12-30,1470.0
1965-12-31,1470.0
1966-01-01,2410.0
1966-01-02,2240.0
1966-01-03,2320.0
1966-01-04,2320.0
1966-01-05,2240.0
1966-01-06,2150.0
1966-01-07,2060.0
1966-01-08,1980.0
1966-01-09,1890.0
1966-01-10,1890.0
1966-01-11,1890.0
1966-01-12,1810.0
1966-01-13,1810.0
1966-01-14,1730.0
1966-01-15,1730.0
1966-01-16,1560.0
1966-01-17,1560.0
1966-01-18,1560.0
1966-01-19,1560.0
1966-01-20,1560.0
1966-01-21,1560.0
1966-01-22,1560.0
1966-01-23,1640.0
1966-01-24,1810.0
1966-01-25,1730.0
1966-01-26,1810.0
1966-01-27,1810.0
1966-01-28,1810.0
1966-01-29,1810.0
1966-01-30,2060.0
1966-01-31,2240.0
1966-02-01,2240.0
1966-02-02,2320.0
1966-02-03,2320.0
1966-02-04,2320.0
1966-02-05,2320.0
1966-02-06,2410.0
1966-02-07,2410.0
1966-02-08,2780.0
1966-02-09,4050.0
1966-02-10,4250.0
1966-02-11,3950.0
1966-02-12,3750.0
1966-02-13,3750.0
1966-02-14,3550.0
1966-02-15,3250.0
1966-02-16,3160.0
1966-02-17,3350.0
1966-02-18,3350.0
1966-02-19,3350.0
1966-02-20,3350.0
1966-02-21,5400.0
1966-02-22,6500.0
1966-02-23,5550.0
1966-02-24,4890.0
1966-02-25,4360.0
1966-02-26,4050.0
1966-02-27,3750.0
1966-02-28,4050.0
1966-03-01,4050.0
1966-03-02,3850.0
1966-03-03,3750.0
1966-03-04,3550.0
1966-03-05,3350.0
1966-03-06,3250.0
1966-03-07,3060.0
1966-03-08,2970.0
1966-03-09,2970.0
1966-03-10,2970.0
1966-03-11,2970.0
1966-03-12,3160.0
1966-03-13,2970.0
1966-03-14,2780.0
1966-03-15,2690.0
1966-03-16,2590.0
1966-03-17,2590.0
1966-03-18,2590.0
1966-03-19,2590.0
1966-03-20,2590.0
1966-03-21,2410.0
1966-03-22,2410.0
1966-03-23,2500.0
1966-03-24,2590.0
1966-03-25,2500.0
1966-03-26,2410.0
1966-03-27,2410.0
1966-03-28,2780.0
1966-03-29,2690.0
1966-03-30,2590.0
1966-03-31,2500.0
1966-04-01,2500.0
1966-04-02,2590.0
1966-04-03,2590.0
1966-04-04,2500.0
1966-04-05,2500.0
1966-04-06,2590.0
1966-04-07,2780.0
1966-04-08,2970.0
1966-04-09,3160.0
1966-04-10,3750.0
1966-04-11,3750.0
1966-04-12,3750.0
1966-04-13,3750.0
1966-04-14,3850.0
1966-04-15,4570.0
1966-04-16,5300.0
1966-04-17,5750.0
1966-04-18,5550.0
1966-04-19,5450.0
1966-04-20,6450.0
1966-04-21,6800.0
1966-04-22,6350.0
1966-04-23,6100.0
1966-04-24,6000.0
1966-04-25,6350.0
1966-04-26,6000.0
1966-04-27,5750.0
1966-04-28,6000.0
1966-04-29,6800.0
1966-04-30,7500.0
1966-05-01,7850.0
1966-05-02,8100.0
1966-05-03,8100.0
1966-05-04,8200.0
1966-05-05,8600.0
1966-05-06,10800.0
1966-05-07,10100.0
1966-05-08,8700.0
1966-05-09,7850.0
1966-05-10,7400.0
1966-05-11,7150.0
1966-05-12,7000.0
1966-05-13,7400.0
1966-05-14,7750.0
1966-05-15,7750.0
1966-05-16,8200.0
1966-05-17,8700.0
1966-05-18,8850.0
1966-05-19,9350.0
1966-05-20,9850.0
1966-05-21,10100.0
1966-05-22,11600.0
1966-05-23,12800.0
1966-05-24,12000.0
1966-05-25,12400.0
1966-05-26,11800.0
1966-05-27,12400.0
1966-05-28,11600.0
1966-05-29,11600.0
1966-05-30,11200.0
1966-05-31,10600.0
1966-06-01,9450.0
1966-06-02,9100.0
1966-06-03,9600.0
1966-06-04,10300.0
1966-06-05,11400.0
1966-06-06,11000.0
1966-06-07,11200.0
1966-06-08,12700.0
1966-06-09,13600.0
1966-06-10,12900.0
1966-06-11,15200.0
1966-06-12,16200.0
1966-06-13,15500.0
1966-06-14,14800.0
1966-06-15,13900.0
1966-06-16,13600.0
1966-06-17,13800.0
1966-06-18,14600.0
1966-06-19,14400.0
1966-06-20,12400.0
1966-06-21,10700.0
1966-06-22,10100.0
1966-06-23,10300.0
1966-06-24,10400.0
1966-06-25,9950.0
1966-06-26,9700.0
1966-06-27,9450.0
1966-06-28,9950.0
1966-06-29,9850.0
1966-06-30,8850.0
1966-07-01,8350.0
1966-07-02,8200.0
1966-07-03,8200.0
1966-07-04,8350.0
1966-07-05,9700.0
1966-07-06,13400.0
1966-07-07,9600.0
1966-07-08,8600.0
1966-07-09,8200.0
1966-07-10,8200.0
1966-07-11,8950.0
1966-07-12,8850.0
1966-07-13,8700.0
1966-07-14,8700.0
1966-07-15,8450.0
1966-07-16,7750.0
1966-07-17,7250.0
1966-07-18,7000.0
1966-07-19,6550.0
1966-07-20,6000.0
1966-07-21,5450.0
1966-07-22,5100.0
1966-07-23,4990.0
1966-07-24,5100.0
1966-07-25,4990.0
1966-07-26,5100.0
1966-07-27,5200.0
1966-07-28,4990.0
1966-07-29,4890.0
1966-07-30,4780.0
1966-07-31,4460.0
1966-08-01,4460.0
1966-08-02,4890.0
1966-08-03,5200.0
1966-08-04,4890.0
1966-08-05,4780.0
1966-08-06,4460.0
1966-08-07,4360.0
1966-08-08,4570.0
1966-08-09,4780.0
1966-08-10,4460.0
1966-08-11,4570.0
1966-08-12,4780.0
1966-08-13,4780.0
1966-08-14,4780.0
1966-08-15,5200.0
1966-08-16,5300.0
1966-08-17,4570.0
1966-08-18,4360.0
1966-08-19,4250.0
1966-08-20,4050.0
1966-08-21,3750.0
1966-08-22,3750.0
1966-08-23,3450.0
1966-08-24,3450.0
1966-08-25,3350.0
1966-08-26,3350.0
1966-08-27,3250.0
1966-08-28,3250.0
1966-08-29,2970.0
1966-08-30,3650.0
1966-08-31,3650.0
1966-09-01,3350.0
1966-09-02,3250.0
1966-09-03,3060.0
1966-09-04,3060.0
1966-09-05,2970.0
1966-09-06,2970.0
1966-09-07,2970.0
1966-09-08,2970.0
1966-09-09,2970.0
1966-09-10,2970.0
1966-09-11,2970.0
1966-09-12,2970.0
1966-09-13,2970.0
1966-09-14,2970.0
1966-09-15,2970.0
1966-09-16,2870.0
1966-09-17,2780.0
1966-09-18,2780.0
1966-09-19,2590.0
1966-09-20,2320.0
1966-09-21,2060.0
1966-09-22,1890.0
1966-09-23,1890.0
1966-09-24,1890.0
1966-09-25,1890.0
1966-09-26,1810.0
1966-09-27,1730.0
1966-09-28,1640.0
1966-09-29,1640.0
1966-09-30,1640.0
1966-10-01,1640.0
1966-10-02,1730.0
1966-10-03,1730.0
1966-10-04,1560.0
1966-10-05,1560.0
1966-10-06,1560.0
1966-10-07,1560.0
1966-10-08,1560.0
1966-10-09,1560.0
1966-10-10,1480.0
1966-10-11,1400.0
1966-10-12,1400.0
1966-10-13,1400.0
1966-10-14,1400.0
1966-10-15,2000.0
1966-10-16,5850.0
1966-10-17,3650.0
1966-10-18,3350.0
1966-10-19,3350.0
1966-10-20,3250.0
1966-10-21,3060.0
1966-10-22,2970.0
1966-10-23,2870.0
1966-10-24,2970.0
1966-10-25,3350.0
1966-10-26,4360.0
1966-10-27,4460.0
1966-10-28,4150.0
1966-10-29,3850.0
1966-10-30,3750.0
1966-10-31,3350.0
1966-11-01,3350.0
1966-11-02,3350.0
1966-11-03,3350.0
1966-11-04,3450.0
1966-11-05,3450.0
1966-11-06,3450.0
1966-11-07,3750.0
1966-11-08,3550.0
1966-11-09,4780.0
1966-11-10,5300.0
1966-11-11,4780.0
1966-11-12,4360.0
1966-11-13,4050.0
1966-11-14,3750.0
1966-11-15,3450.0
1966-11-16,3350.0
1966-11-17,3250.0
1966-11-18,3060.0
1966-11-19,2870.0
1966-11-20,2780.0
1966-11-21,2590.0
1966-11-22,2500.0
1966-11-23,2500.0
1966-11-24,2410.0
1966-11-25,2410.0
1966-11-26,2150.0
1966-11-27,2060.0
1966-11-28,1890.0
1966-11-29,1890.0
1966-11-30,1890.0
1966-12-01,2060.0
1966-12-02,3480.0
1966-12-03,2150.0
1966-12-04,1810.0
1966-12-05,2410.0
1966-12-06,2320.0
1966-12-07,2060.0
1966-12-08,1980.0
1966-12-09,1890.0
1966-12-10,1890.0
1966-12-11,1980.0
1966-12-12,1890.0
1966-12-13,1890.0
1966-12-14,1810.0
1966-12-15,1810.0
1966-12-16,1730.0
1966-12-17,1730.0
1966-12-18,1560.0
1966-12-19,1560.0
1966-12-20,1560.0
1966-12-21,1560.0
1966-12-22,1560.0
1966-12-23,1560.0
1966-12-24,1480.0
1966-12-25,1480.0
1966-12-26,1400.0
1966-12-27,1400.0
1966-12-28,1400.0
1966-12-29,1400.0
1966-12-30,1560.0
1966-12-31,1560.0
1967-01-01,1360.0
1967-01-02,1360.0
1967-01-03,1360.0
1967-01-04,1360.0
1967-01-05,1360.0
1967-01-06,1360.0
1967-01-07,1360.0
1967-01-08,1270.0
1967-01-09,1180.0
1967-01-10,1180.0
1967-01-11,1180.0
1967-01-12,1180.0
1967-01-13,1180.0
1967-01-14,1180.0
1967-01-15,1180.0
1967-01-16,1100.0
1967-01-17,1020.0
1967-01-18,1020.0
1967-01-19,1020.0
1967-01-20,1020.0
1967-01-21,1020.0
1967-01-22,1020.0
1967-01-23,940.0
1967-01-24,940.0
1967-01-25,1020.0
1967-01-26,1020.0
1967-01-27,1020.0
1967-01-28,1020.0
1967-01-29,1020.0
1967-01-30,1020.0
1967-01-31,940.0
1967-02-01,940.0
1967-02-02,1020.0
1967-02-03,540.0
1967-02-04,1020.0
1967-02-05,1020.0
1967-02-06,1020.0
1967-02-07,1020.0
1967-02-08,1020.0
1967-02-09,1020.0
1967-02-10,1020.0
1967-02-11,1020.0
1967-02-12,1020.0
1967-02-13,1020.0
1967-02-14,940.0
1967-02-15,1020.0
1967-02-16,940.0
1967-02-17,1020.0
1967-02-18,1020.0
1967-02-19,1020.0
1967-02-20,1180.0
1967-02-21,2700.0
1967-02-22,2610.0
1967-02-23,2340.0
1967-02-24,2250.0
1967-02-25,2050.0
1967-02-26,2050.0
1967-02-27,2250.0
1967-02-28,2160.0
1967-03-01,2340.0
1967-03-02,3270.0
1967-03-03,2980.0
1967-03-04,2790.0
1967-03-05,2700.0
1967-03-06,2700.0
1967-03-07,2790.0
1967-03-08,3770.0
1967-03-09,4080.0
1967-03-10,3980.0
1967-03-11,4290.0
1967-03-12,4080.0
1967-03-13,3870.0
1967-03-14,3670.0
1967-03-15,3470.0
1967-03-16,3370.0
1967-03-17,3270.0
1967-03-18,3270.0
1967-03-19,3080.0
1967-03-20,2980.0
1967-03-21,2890.0
1967-03-22,2890.0
1967-03-23,2890.0
1967-03-24,2890.0
1967-03-25,2890.0
1967-03-26,2980.0
1967-03-27,2890.0
1967-03-28,2790.0
1967-03-29,2700.0
1967-03-30,2610.0
1967-03-31,2520.0
1967-04-01,2520.0
1967-04-02,2430.0
1967-04-03,2340.0
1967-04-04,2250.0
1967-04-05,2250.0
1967-04-06,2160.0
1967-04-07,2160.0
1967-04-08,2250.0
1967-04-09,2250.0
1967-04-10,2340.0
1967-04-11,2340.0
1967-04-12,2340.0
1967-04-13,2250.0
1967-04-14,2250.0
1967-04-15,2520.0
1967-04-16,3770.0
1967-04-17,4290.0
1967-04-18,4820.0
1967-04-19,5350.0
1967-04-20,5600.0
1967-04-21,5600.0
1967-04-22,4500.0
1967-04-23,3670.0
1967-04-24,3270.0
1967-04-25,3270.0
1967-04-26,3270.0
1967-04-27,3170.0
1967-04-28,3080.0
1967-04-29,3080.0
1967-04-30,3270.0
1967-05-01,3770.0
1967-05-02,3670.0
1967-05-03,3870.0
1967-05-04,3670.0
1967-05-05,3470.0
1967-05-06,3570.0
1967-05-07,3670.0
1967-05-08,3670.0
1967-05-09,3980.0
1967-05-10,4610.0
1967-05-11,5150.0
1967-05-12,5850.0
1967-05-13,6900.0
1967-05-14,7600.0
1967-05-15,9050.0
1967-05-16,9200.0
1967-05-17,8250.0
1967-05-18,7500.0
1967-05-19,7250.0
1967-05-20,7250.0
1967-05-21,7100.0
1967-05-22,7600.0
1967-05-23,8250.0
1967-05-24,7500.0
1967-05-25,7750.0
1967-05-26,10000.0
1967-05-27,10500.0
1967-05-28,11300.0
1967-05-29,13000.0
1967-05-30,11900.0
1967-05-31,9750.0
1967-06-01,8500.0
1967-06-02,8250.0
1967-06-03,8000.0
1967-06-04,8100.0
1967-06-05,8600.0
1967-06-06,10100.0
1967-06-07,11300.0
1967-06-08,11900.0
1967-06-09,10000.0
1967-06-10,8600.0
1967-06-11,8000.0
1967-06-12,8000.0
1967-06-13,7500.0
1967-06-14,7350.0
1967-06-15,7350.0
1967-06-16,7000.0
1967-06-17,6500.0
1967-06-18,6400.0
1967-06-19,6750.0
1967-06-20,7000.0
1967-06-21,7600.0
1967-06-22,8500.0
1967-06-23,9750.0
1967-06-24,10500.0
1967-06-25,10800.0
1967-06-26,10000.0
1967-06-27,11500.0
1967-06-28,9650.0
1967-06-29,8850.0
1967-06-30,9000.0
1967-07-01,9250.0
1967-07-02,9900.0
1967-07-03,8650.0
1967-07-04,8600.0
1967-07-05,8250.0
1967-07-06,8250.0
1967-07-07,8600.0
1967-07-08,8000.0
1967-07-09,7250.0
1967-07-10,7000.0
1967-07-11,7250.0
1967-07-12,7100.0
1967-07-13,7000.0
1967-07-14,6650.0
1967-07-15,6300.0
1967-07-16,6300.0
1967-07-17,6050.0
1967-07-18,6050.0
1967-07-19,6050.0
1967-07-20,5850.0
1967-07-21,5600.0
1967-07-22,6300.0
1967-07-23,6300.0
1967-07-24,5850.0
1967-07-25,5700.0
1967-07-26,5500.0
1967-07-27,5150.0
1967-07-28,4710.0
1967-07-29,4610.0
1967-07-30,4390.0
1967-07-31,4080.0
1967-08-01,3980.0
1967-08-02,3870.0
1967-08-03,3870.0
1967-08-04,4610.0
1967-08-05,4930.0
1967-08-06,4390.0
1967-08-07,3980.0
1967-08-08,3870.0
1967-08-09,3670.0
1967-08-10,5050.0
1967-08-11,4180.0
1967-08-12,3980.0
1967-08-13,4290.0
1967-08-14,3270.0
1967-08-15,3470.0
1967-08-16,3470.0
1967-08-17,3270.0
1967-08-18,3270.0
1967-08-19,3080.0
1967-08-20,2700.0
1967-08-21,2520.0
1967-08-22,2520.0
1967-08-23,2520.0
1967-08-24,2340.0
1967-08-25,2340.0
1967-08-26,2250.0
1967-08-27,2340.0
1967-08-28,2250.0
1967-08-29,2160.0
1967-08-30,2340.0
1967-08-31,2340.0
1967-09-01,2050.0
1967-09-02,1940.0
1967-09-03,1840.0
1967-09-04,2050.0
1967-09-05,2050.0
1967-09-06,1940.0
1967-09-07,1840.0
1967-09-08,1740.0
1967-09-09,1740.0
1967-09-10,1540.0
1967-09-11,1540.0
1967-09-12,1540.0
1967-09-13,1540.0
1967-09-14,1540.0
1967-09-15,1540.0
1967-09-16,1450.0
1967-09-17,1360.0
1967-09-18,1270.0
1967-09-19,1270.0
1967-09-20,1180.0
1967-09-21,1180.0
1967-09-22,1180.0
1967-09-23,1180.0
1967-09-24,1100.0
1967-09-25,1020.0
1967-09-26,1020.0
1967-09-27,1020.0
1967-09-28,1020.0
1967-09-29,1020.0
1967-09-30,1020.0
1967-10-01,940.0
1967-10-02,940.0
1967-10-03,940.0
1967-10-04,940.0
1967-10-05,940.0
1967-10-06,860.0
1967-10-07,860.0
1967-10-08,860.0
1967-10-09,860.0
1967-10-10,860.0
1967-10-11,860.0
1967-10-12,860.0
1967-10-13,860.0
1967-10-14,860.0
1967-10-15,790.0
1967-10-16,720.0
1967-10-17,790.0
1967-10-18,790.0
1967-10-19,1020.0
1967-10-20,940.0
1967-10-21,940.0
1967-10-22,940.0
1967-10-23,1020.0
1967-10-24,1020.0
1967-10-25,1020.0
1967-10-26,1020.0
1967-10-27,1020.0
1967-10-28,1020.0
1967-10-29,1020.0
1967-10-30,1020.0
1967-10-31,1020.0
1967-11-01,1020.0
1967-11-02,1100.0
1967-11-03,1640.0
1967-11-04,1360.0
1967-11-05,2890.0
1967-11-06,1540.0
1967-11-07,1450.0
1967-11-08,1270.0
1967-11-09,1180.0
1967-11-10,1180.0
1967-11-11,1180.0
1967-11-12,1180.0
1967-11-13,1100.0
1967-11-14,1100.0
1967-11-15,3120.0
1967-11-16,9850.0
1967-11-17,8100.0
1967-11-18,5850.0
1967-11-19,4930.0
1967-11-20,3870.0
1967-11-21,3770.0
1967-11-22,3570.0
1967-11-23,3470.0
1967-11-24,3370.0
1967-11-25,3270.0
1967-11-26,3170.0
1967-11-27,3080.0
1967-11-28,2980.0
1967-11-29,2790.0
1967-11-30,2700.0
1967-12-01,2700.0
1967-12-02,2610.0
1967-12-03,2520.0
1967-12-04,2340.0
1967-12-05,2340.0
1967-12-06,2340.0
1967-12-07,2250.0
1967-12-08,2050.0
1967-12-09,1940.0
1967-12-10,1840.0
1967-12-11,1740.0
1967-12-12,1740.0
1967-12-13,1640.0
1967-12-14,1540.0
1967-12-15,1540.0
1967-12-16,1450.0
1971-01-21,1060.0
1971-01-22,1060.0
1971-01-23,1060.0
1971-01-24,1120.0
1971-01-25,1190.0
1971-01-26,1190.0
1971-01-27,1190.0
1971-01-28,1190.0
1971-01-29,1190.0
1971-01-30,1190.0
1971-01-31,1190.0
1971-02-01,1190.0
1971-02-02,1190.0
1971-02-03,1190.0
1971-02-04,1190.0
1971-02-05,1190.0
1971-02-06,1190.0
1971-02-07,1190.0
1971-02-08,1120.0
1971-02-09,1120.0
1971-02-10,1120.0
1971-02-11,1120.0
1971-02-12,1120.0
1971-02-13,1120.0
1971-02-14,1120.0
1971-02-15,1190.0
1971-02-16,1190.0
1971-02-17,1120.0
1971-02-18,1120.0
1971-02-19,1120.0
1971-02-20,1120.0
1971-02-21,1120.0
1971-02-22,1190.0
1971-02-23,1120.0
1971-02-24,1120.0
1971-02-25,1120.0
1971-02-26,1120.0
1971-02-27,1120.0
1971-02-28,1120.0
1971-03-01,1120.0
1971-03-02,1120.0
1971-03-03,1120.0
1971-03-04,1120.0
1971-03-05,1120.0
1971-03-06,1120.0
1971-03-07,1120.0
1971-03-08,1060.0
1971-03-09,1060.0
1971-03-10,1060.0
1971-03-11,1060.0
1971-03-12,1060.0
1971-03-13,1060.0
1971-03-14,1060.0
1971-03-15,1060.0
1971-03-16,1060.0
1971-03-17,1060.0
1971-03-18,1060.0
1971-03-19,1350.0
1971-03-20,1420.0
1971-03-21,2420.0
1971-03-22,2320.0
1971-03-23,2120.0
1971-03-24,1840.0
1971-03-25,1580.0
1971-03-26,1580.0
1971-03-27,1580.0
1971-03-28,1580.0
1971-03-29,1500.0
1971-03-30,1500.0
1971-03-31,1500.0
1971-04-01,1580.0
1971-04-02,1580.0
1971-04-03,1670.0
1971-04-04,1840.0
1971-04-05,2020.0
1971-04-06,2120.0
1971-04-07,2220.0
1971-04-08,2420.0
1971-04-09,2520.0
1971-04-10,2630.0
1971-04-11,2740.0
1971-04-12,2950.0
1971-04-13,3180.0
1971-04-14,3900.0
1971-04-15,4420.0
1971-04-16,5250.0
1971-04-17,5100.0
1971-04-18,4960.0
1971-04-19,5100.0
1971-04-20,5250.0
1971-04-21,5700.0
1971-04-22,5850.0
1971-04-23,9800.0
1971-04-24,11600.0
1971-04-25,8150.0
1971-04-26,6800.0
1971-04-27,6300.0
1971-04-28,6000.0
1971-04-29,6000.0
1971-04-30,7450.0
1971-05-01,11200.0
1971-05-02,10400.0
1971-05-03,9600.0
1971-05-04,8500.0
1971-05-05,8350.0
1971-05-06,8000.0
1971-05-07,8000.0
1971-05-08,9800.0
1971-05-09,12700.0
1971-05-10,13300.0
1971-05-11,14000.0
1971-05-12,12300.0
1971-05-13,11600.0
1971-05-14,10600.0
1971-05-15,10400.0
1971-05-16,10000.0
1971-05-17,12300.0
1971-05-18,14000.0
1971-05-19,13100.0
1971-05-20,12100.0
1971-05-21,10800.0
1971-05-22,10000.0
1971-05-23,9250.0
1971-05-24,9050.0
1971-05-25,8500.0
1971-05-26,8000.0
1971-05-27,7800.0
1971-05-28,7650.0
1971-05-29,7300.0
1971-05-30,6950.0
1971-05-31,6600.0
1971-06-01,6800.0
1971-06-02,7800.0
1971-06-03,8000.0
1971-06-04,8000.0
1971-06-05,8700.0
1971-06-06,9050.0
1971-06-07,8500.0
1971-06-08,8850.0
1971-06-09,9050.0
1971-06-10,10600.0
1971-06-11,10400.0
1971-06-12,9600.0
1971-06-13,9250.0
1971-06-14,9450.0
1971-06-15,12100.0
1971-06-16,10800.0
1971-06-17,10000.0
1971-06-18,9450.0
1971-06-19,9450.0
1971-06-20,10200.0
1971-06-21,10200.0
1971-06-22,10400.0
1971-06-23,10800.0
1971-06-24,12100.0
1971-06-25,11600.0
1971-06-26,12100.0
1971-06-27,11000.0
1971-06-28,11000.0
1971-06-29,10400.0
1971-06-30,10400.0
1971-07-01,9450.0
1971-07-02,9600.0
1971-07-03,8850.0
1971-07-04,9250.0
1971-07-05,7450.0
1971-07-06,6950.0
1971-07-07,7650.0
1971-07-08,7650.0
1971-07-09,8000.0
1971-07-10,8500.0
1971-07-11,9050.0
1971-07-12,11000.0
1971-07-13,12700.0
1971-07-14,9050.0
1971-07-15,8350.0
1971-07-16,8150.0
1971-07-17,8000.0
1971-07-18,10800.0
1971-07-19,9600.0
1971-07-20,8000.0
1971-07-21,7150.0
1971-07-22,6300.0
1971-07-23,6150.0
1971-07-24,5850.0
1971-07-25,5700.0
1971-07-26,5550.0
1971-07-27,5550.0
1971-07-28,5400.0
1971-07-29,5100.0
1971-07-30,4960.0
1971-07-31,4690.0
1971-08-01,4280.0
1971-08-02,4280.0
1971-08-03,4280.0
1971-08-04,4150.0
1971-08-05,4030.0
1971-08-06,3900.0
1971-08-07,3780.0
1971-08-08,4030.0
1971-08-09,3780.0
1971-08-10,3650.0
1971-08-11,3780.0
1971-08-12,4550.0
1971-08-13,4030.0
1971-08-14,3650.0
1971-08-15,3530.0
1971-08-16,3410.0
1971-08-17,3300.0
1971-08-18,3180.0
1971-08-19,3060.0
1971-08-20,3180.0
1971-08-21,3180.0
1971-08-22,2950.0
1971-08-23,2840.0
1971-08-24,2740.0
1971-08-25,2630.0
1971-08-26,2520.0
1971-08-27,2520.0
1971-08-28,2420.0
1971-08-29,2420.0
1971-08-30,2320.0
1971-08-31,2220.0
1971-09-01,2220.0
1971-09-02,2120.0
1971-09-03,2020.0
1971-09-04,2020.0
1971-09-05,1930.0
1971-09-06,1930.0
1971-09-07,1840.0
1971-09-08,1760.0
1971-09-09,1670.0
1971-09-10,1670.0
1971-09-11,1840.0
1971-09-12,1670.0
1971-09-13,1670.0
1971-09-14,1670.0
1971-09-15,1760.0
1971-09-16,1760.0
1971-09-17,1670.0
1971-09-18,1670.0
1971-09-19,1670.0
1971-09-20,1670.0
1971-09-21,1580.0
1971-09-22,1500.0
1971-09-23,1500.0
1971-09-24,1500.0
1971-09-25,1500.0
1971-09-26,1500.0
1971-09-27,1500.0
1971-09-28,1500.0
1971-09-29,1420.0
1971-09-30,1500.0
1971-10-01,1420.0
1971-10-02,1420.0
1971-10-03,1420.0
1971-10-04,1500.0
1971-10-05,1420.0
1971-10-06,1420.0
1971-10-07,1420.0
1971-10-08,1350.0
1971-10-09,1350.0
1971-10-10,1350.0
1971-10-11,1350.0
1971-10-12,1350.0
1971-10-13,1270.0
1971-10-14,1350.0
1971-10-15,1350.0
1971-10-16,1270.0
1971-10-17,1270.0
1971-10-18,1270.0
1971-10-19,1190.0
1971-10-20,1190.0
1971-10-21,1190.0
1971-10-22,1190.0
1971-10-23,1190.0
1971-10-24,1190.0
1971-10-25,1120.0
1971-10-26,1120.0
1971-10-27,1120.0
1971-10-28,1060.0
1971-10-29,1060.0
1971-10-30,1060.0
1971-10-31,1060.0
1971-11-01,1060.0
1971-11-02,1060.0
1971-11-03,1060.0
1971-11-04,1060.0
1971-11-05,1060.0
1971-11-06,1060.0
1971-11-07,1060.0
1971-11-08,1060.0
1971-11-09,1060.0
1971-11-10,1060.0
1971-11-11,1060.0
1971-11-12,1060.0
1971-11-13,1060.0
1971-11-14,1060.0
1971-11-15,1060.0
1971-11-16,1060.0
1971-11-17,1060.0
1971-11-18,1060.0
1971-11-19,1120.0
1971-11-20,1060.0
1971-11-21,1060.0
1971-11-22,1060.0
1971-11-23,1060.0
1971-11-24,990.0
1971-11-25,990.0
1971-11-26,990.0
1971-11-27,990.0
1971-11-28,990.0
1971-11-29,990.0
1971-11-30,990.0
1971-12-01,990.0
1971-12-02,990.0
1971-12-03,990.0
1971-12-04,990.0
1971-12-05,990.0
1971-12-06,990.0
1971-12-07,990.0
1971-12-08,990.0
1971-12-09,990.0
1971-12-10,990.0
1971-12-11,990.0
1971-12-12,990.0
1971-12-13,990.0
1971-12-14,990.0
1971-12-15,990.0
1971-12-16,990.0
1971-12-17,990.0
1971-12-18,990.0
1971-12-19,990.0
1971-12-20,990.0
1971-12-21,990.0
1971-12-22,990.0
1971-12-23,990.0
1971-12-24,990.0
1971-12-25,990.0
1971-12-26,990.0
1971-12-27,990.0
1971-12-28,1060.0
1971-12-29,1060.0
1971-12-30,1060.0
1971-12-31,1060.0
1972-01-01,1060.0
1972-01-02,1060.0
1972-01-03,1060.0
1972-01-04,1060.0
1972-01-05,1060.0
1972-01-06,1060.0
1972-01-07,990.0
1972-01-08,990.0
1972-01-09,990.0
1972-01-10,1060.0
1972-01-11,990.0
1972-01-12,990.0
1972-01-13,990.0
1972-01-14,990.0
1972-01-15,920.0
1972-01-16,920.0
1972-01-17,920.0
1972-01-18,920.0
1972-01-19,920.0
1972-01-20,920.0
1972-01-21,920.0
1972-01-22,920.0
1972-01-23,920.0
1972-01-24,920.0
1972-01-25,920.0
1972-01-26,920.0
1972-01-27,920.0
1972-01-28,920.0
1972-01-29,920.0
1972-01-30,920.0
1972-01-31,920.0
1972-02-01,920.0
1972-02-02,920.0
1972-02-03,920.0
1972-02-04,920.0
1972-02-05,1060.0
1972-02-06,1060.0
1972-02-07,1060.0
1972-02-08,1060.0
1972-02-09,1120.0
1972-02-10,1120.0
1972-02-11,1120.0
1972-02-12,1190.0
1972-02-13,1190.0
1972-02-14,1190.0
1972-02-15,1190.0
1972-02-16,1190.0
1972-02-17,1190.0
1972-02-18,1350.0
1972-02-19,1350.0
1972-02-20,1420.0
1972-02-21,1350.0
1972-02-22,1350.0
1972-02-23,1350.0
1972-02-24,1350.0
1972-02-25,1350.0
1972-02-26,1350.0
1972-02-27,1350.0
1972-02-28,1350.0
1972-02-29,1350.0
1972-03-01,1350.0
1972-03-02,1350.0
1972-03-03,1350.0
1972-03-04,1350.0
1972-03-05,1350.0
1972-03-06,1670.0
1972-03-07,1670.0
1972-03-08,1670.0
1972-03-09,1670.0
1972-03-10,1670.0
1972-03-11,1670.0
1972-03-12,1670.0
1972-03-13,1670.0
1972-03-14,1670.0
1972-03-15,1670.0
1972-03-16,1670.0
1972-03-17,1670.0
1972-03-18,1670.0
1972-03-19,1670.0
1972-03-20,1760.0
1972-03-21,1760.0
1972-03-22,1760.0
1972-03-23,1760.0
1972-03-24,1760.0
1972-03-25,1930.0
1972-03-26,2020.0
1972-03-27,2020.0
1972-03-28,2020.0
1972-03-29,1840.0
1972-03-30,1840.0
1972-03-31,1840.0
1972-04-01,1840.0
1972-04-02,2120.0
1972-04-03,2740.0
1972-04-04,2840.0
1972-04-05,4440.0
1972-04-06,3650.0
1972-04-07,3300.0
1972-04-08,3530.0
1972-04-09,3530.0
1972-04-10,3300.0
1972-04-11,3180.0
1972-04-12,3060.0
1972-04-13,3410.0
1972-04-14,3530.0
1972-04-15,3530.0
1972-04-16,3530.0
1972-04-17,3410.0
1972-04-18,3410.0
1972-04-19,3410.0
1972-04-20,3300.0
1972-04-21,3300.0
1972-04-22,3300.0
1972-04-23,3300.0
1972-04-24,3300.0
1972-04-25,3410.0
1972-04-26,3300.0
1972-04-27,3300.0
1972-04-28,2840.0
1972-04-29,2320.0
1972-04-30,2420.0
1972-05-01,2520.0
1972-05-02,2520.0
1972-05-03,2740.0
1972-05-04,2840.0
1972-05-05,2840.0
1972-05-06,2950.0
1972-05-07,3060.0
1972-05-08,3060.0
1972-05-09,3180.0
1972-05-10,3180.0
1972-05-11,3180.0
1972-05-12,3300.0
1972-05-13,3180.0
1972-05-14,3180.0
1972-05-15,3060.0
1972-05-16,3180.0
1972-05-17,3060.0
1972-05-18,3060.0
1972-05-19,3060.0
1972-05-20,3180.0
1972-05-21,3410.0
1972-05-22,3780.0
1972-05-23,4030.0
1972-05-24,4550.0
1972-05-25,5100.0
1972-05-26,6300.0
1972-05-27,7300.0
1972-05-28,6950.0
1972-05-29,6800.0
1972-05-30,7650.0
1972-05-31,8800.0
1972-06-01,8000.0
1972-06-02,7450.0
1972-06-03,7450.0
1972-06-04,8350.0
1972-06-05,9450.0
1972-06-06,22600.0
1972-06-07,15200.0
1972-06-08,11800.0
1972-06-09,10800.0
1972-06-10,10400.0
1972-06-11,11000.0
1972-06-12,11000.0
1972-06-13,9800.0
1972-06-14,8500.0
1972-06-15,8350.0
1972-06-16,8000.0
1972-06-17,7650.0
1972-06-18,7450.0
1972-06-19,7650.0
1972-06-20,7650.0
1972-06-21,8000.0
1972-06-22,8000.0
1972-06-23,8150.0
1972-06-24,8150.0
1972-06-25,7800.0
1972-06-26,7650.0
1972-06-27,8850.0
1972-06-28,8700.0
1972-06-29,8500.0
1972-06-30,9600.0
1972-07-01,8100.0
1972-07-02,7300.0
1972-07-03,7150.0
1972-07-04,6950.0
1972-07-05,7150.0
1972-07-06,7150.0
1972-07-07,6800.0
1972-07-08,6450.0
1972-07-09,6800.0
1972-07-10,6950.0
1972-07-11,6450.0
1972-07-12,5700.0
1972-07-13,5100.0
1972-07-14,4960.0
1972-07-15,4690.0
1972-07-16,4550.0
1972-07-17,4550.0
1972-07-18,4690.0
1972-07-19,5250.0
1972-07-20,5700.0
1972-07-21,6450.0
1972-07-22,5850.0
1972-07-23,5250.0
1972-07-24,5100.0
1972-07-25,5250.0
1972-07-26,4690.0
1972-07-27,4550.0
1972-07-28,4420.0
1972-07-29,4150.0
1972-07-30,4030.0
1972-07-31,3530.0
1972-08-01,3340.0
1972-08-02,3300.0
1972-08-03,3180.0
1972-08-04,3060.0
1972-08-05,2840.0
1972-08-06,2840.0
1972-08-07,2840.0
1972-08-08,2740.0
1972-08-09,2630.0
1972-08-10,2630.0
1972-08-11,2420.0
1972-08-12,2420.0
1972-08-13,2420.0
1972-08-14,2840.0
1972-08-15,3060.0
1972-08-16,2740.0
1972-08-17,2630.0
1972-08-18,2630.0
1972-08-19,2630.0
1972-08-20,2520.0
1972-08-21,2420.0
1972-08-22,2420.0
1972-08-23,2320.0
1972-08-24,2220.0
1972-08-25,2220.0
1972-08-26,2020.0
1972-08-27,2220.0
1972-08-28,2630.0
1972-08-29,2740.0
1972-08-30,2630.0
1972-08-31,2630.0
1972-09-01,2840.0
1972-09-02,3060.0
1972-09-03,2840.0
1972-09-04,2630.0
1972-09-05,2420.0
1972-09-06,2220.0
1972-09-07,2630.0
1972-09-08,3300.0
1972-09-09,2950.0
1972-09-10,3730.0
1972-09-11,3650.0
1972-09-12,3410.0
1972-09-13,3180.0
1972-09-14,3060.0
1972-09-15,3060.0
1972-09-16,2950.0
1972-09-17,2630.0
1972-09-18,2630.0
1972-09-19,2740.0
1972-09-20,2630.0
1972-09-21,2630.0
1972-09-22,2420.0
1972-09-23,2220.0
1972-09-24,2220.0
1972-09-25,2220.0
1972-09-26,2220.0
1972-09-27,2220.0
1972-09-28,2220.0
1972-09-29,2120.0
1972-09-30,2020.0
1972-10-01,2020.0
1972-10-02,1840.0
1972-10-03,1840.0
1972-10-04,1840.0
1972-10-05,1840.0
1972-10-06,1840.0
1972-10-07,1670.0
1972-10-08,1670.0
1972-10-09,1500.0
1972-10-10,1500.0
1972-10-11,2220.0
1972-10-12,2840.0
1972-10-13,2740.0
1972-10-14,2740.0
1972-10-15,2520.0
1972-10-16,2840.0
1972-10-17,2630.0
1972-10-18,2520.0
1972-10-19,2420.0
1972-10-20,2320.0
1972-10-21,2220.0
1972-10-22,2120.0
1972-10-23,2020.0
1972-10-24,2020.0
1972-10-25,2020.0
1972-10-26,1840.0
1972-10-27,1840.0
1972-10-28,6100.0
1972-10-29,4030.0
1972-10-30,3300.0
1972-10-31,3180.0
1972-11-01,2950.0
1972-11-02,2840.0
1972-11-03,2740.0
1972-11-04,2630.0
1972-11-05,2630.0
1972-11-06,2420.0
1972-11-07,2420.0
1972-11-08,2320.0
1972-11-09,2220.0
1972-11-10,2220.0
1972-11-11,2320.0
1972-11-12,2220.0
1972-11-13,2320.0
1972-11-14,4550.0
1972-11-15,4550.0
1972-11-16,5250.0
1972-11-17,5100.0
1972-11-18,4960.0
1972-11-19,4550.0
1972-11-20,4420.0
1972-11-21,4420.0
1972-11-22,5950.0
1972-11-23,5700.0
1972-11-24,5700.0
1972-11-25,5100.0
1972-11-26,4690.0
1972-11-27,4420.0
1972-11-28,4150.0
1972-11-29,4030.0
1972-11-30,3780.0
1972-12-01,3650.0
1972-12-02,3530.0
1972-12-03,3530.0
1972-12-04,3300.0
1972-12-05,3300.0
1972-12-06,3300.0
1972-12-07,3300.0
1972-12-08,2840.0
1972-12-09,3180.0
1972-12-10,3060.0
1972-12-11,2840.0
1972-12-12,2740.0
1972-12-13,2630.0
1972-12-14,2520.0
1972-12-15,2420.0
1972-12-16,2320.0
1972-12-17,2220.0
1972-12-18,2020.0
1972-12-19,2020.0
1972-12-20,2020.0
1972-12-21,2020.0
1972-12-22,1840.0
1972-12-23,1840.0
1972-12-24,1840.0
1972-12-25,1670.0
1972-12-26,1670.0
1972-12-27,1760.0
1972-12-28,1760.0
1972-12-29,1670.0
1972-12-30,1670.0
1972-12-31,1670.0
1973-01-01,1500.0
1973-01-02,1500.0
1973-01-03,1500.0
1973-01-04,1500.0
1973-01-05,1500.0
1973-01-06,1500.0
1973-01-07,1500.0
1973-01-08,1500.0
1973-01-09,1500.0
1973-01-10,1500.0
1973-01-11,1500.0
1973-01-12,1500.0
1973-01-13,1500.0
1973-01-14,1500.0
1973-01-15,1350.0
1973-01-16,1350.0
1973-01-17,1350.0
1973-01-18,1270.0
1973-01-19,1270.0
1973-01-20,1190.0
1973-01-21,1190.0
1973-01-22,1190.0
1973-01-23,1190.0
1973-01-24,1190.0
1973-01-25,1190.0
1973-01-26,1190.0
1973-01-27,1190.0
1973-01-28,1190.0
1973-01-29,1190.0
1973-01-30,1190.0
1973-01-31,1190.0
1973-02-01,1190.0
1973-02-02,1120.0
1973-02-03,1060.0
1973-02-04,990.0
1973-02-05,990.0
1973-02-06,920.0
1973-02-07,920.0
1973-02-08,920.0
1973-02-09,855.0
1973-02-10,855.0
1973-02-11,855.0
1973-02-12,1190.0
1973-02-13,1120.0
1973-02-14,1120.0
1973-02-15,1120.0
1973-02-16,1120.0
1973-02-17,1120.0
1973-02-18,1120.0
1973-02-19,1190.0
1973-02-20,1120.0
1973-02-21,1060.0
1973-02-22,990.0
1973-02-23,920.0
1973-02-24,855.0
1973-02-25,795.0
1973-02-26,1120.0
1973-02-27,1060.0
1973-02-28,1060.0
1973-03-01,1060.0
1973-03-02,1060.0
1973-03-03,1060.0
1973-03-04,1060.0
1973-03-05,1060.0
1973-03-06,1060.0
1973-03-07,1060.0
1973-03-08,1060.0
1973-03-09,1060.0
1973-03-10,1060.0
1973-03-11,1060.0
1973-03-12,1190.0
1973-03-13,1190.0
1973-03-14,1190.0
1973-03-15,1190.0
1973-03-16,1190.0
1973-03-17,1190.0
1973-03-18,1190.0
1973-03-19,1190.0
1973-03-20,1060.0
1973-03-21,1120.0
1973-03-22,1120.0
1973-03-23,1120.0
1973-03-24,1190.0
1973-03-25,1270.0
1973-03-26,1350.0
1973-03-27,1270.0
1973-03-28,1270.0
1973-03-29,1190.0
1973-03-30,1190.0
1973-03-31,1350.0
1973-04-01,1350.0
1973-04-02,1350.0
1973-04-03,1350.0
1973-04-04,1350.0
1973-04-05,1350.0
1973-04-06,1350.0
1973-04-07,1350.0
1973-04-08,1500.0
1973-04-09,1500.0
1973-04-10,1500.0
1973-04-11,1500.0
1973-04-12,1420.0
1973-04-13,1420.0
1973-04-14,1420.0
1973-04-15,1350.0
1973-04-16,1500.0
1973-04-17,1420.0
1973-04-18,1420.0
1973-04-19,1420.0
1973-04-20,1420.0
1973-04-21,1420.0
1973-04-22,1420.0
1973-04-23,1350.0
1973-04-24,1350.0
1973-04-25,1350.0
1973-04-26,1350.0
1973-04-27,1420.0
1973-04-28,1670.0
1973-04-29,2740.0
1973-04-30,3500.0
1973-05-01,3900.0
1973-05-02,6300.0
1973-05-03,8700.0
1973-05-04,8850.0
1973-05-05,20200.0
1973-05-06,14300.0
1973-05-07,8700.0
1973-05-08,8350.0
1973-05-09,6800.0
1973-05-10,6600.0
1973-05-11,7300.0
1973-05-12,6000.0
1973-05-13,5700.0
1973-05-14,5850.0
1973-05-15,6600.0
1973-05-16,6950.0
1973-05-17,6600.0
1973-05-18,7300.0
1973-05-19,7800.0
1973-05-20,7300.0
1973-05-21,7650.0
1973-05-22,7800.0
1973-05-23,7450.0
1973-05-24,7450.0
1973-05-25,8000.0
1973-05-26,8350.0
1973-05-27,8700.0
1973-05-28,9800.0
1973-05-29,12700.0
1973-05-30,10200.0
1973-05-31,9050.0
1973-06-01,10200.0
1973-06-02,9600.0
1973-06-03,8850.0
1973-06-04,8350.0
1973-06-05,7800.0
1973-06-06,7800.0
1973-06-07,7300.0
1973-06-08,6950.0
1973-06-09,6150.0
1973-06-10,6000.0
1973-06-11,6150.0
1973-06-12,7950.0
1973-06-13,8000.0
1973-06-14,6800.0
1973-06-15,6600.0
1973-06-16,6800.0
1973-06-17,6800.0
1973-06-18,6800.0
1973-06-19,6600.0
1973-06-20,8800.0
1973-06-21,7650.0
1973-06-22,6600.0
1973-06-23,6450.0
1973-06-24,6150.0
1973-06-25,6000.0
1973-06-26,6000.0
1973-06-27,6000.0
1973-06-28,6800.0
1973-06-29,6800.0
1973-06-30,6000.0
1973-07-01,6600.0
1973-07-02,5550.0
1973-07-03,5550.0
1973-07-04,5250.0
1973-07-05,5100.0
1973-07-06,4820.0
1973-07-07,4690.0
1973-07-08,4550.0
1973-07-09,5700.0
1973-07-10,4820.0
1973-07-11,4280.0
1973-07-12,4030.0
1973-07-13,3900.0
1973-07-14,4150.0
1973-07-15,6000.0
1973-07-16,6600.0
1973-07-17,16200.0
1973-07-18,7300.0
1973-07-19,6450.0
1973-07-20,6300.0
1973-07-21,6950.0
1973-07-22,21300.0
1973-07-23,10000.0
1973-07-24,12700.0
1973-07-25,19000.0
1973-07-26,14900.0
1973-07-27,11400.0
1973-07-28,10200.0
1973-07-29,9050.0
1973-07-30,8000.0
1973-07-31,7300.0
1973-08-01,6600.0
1973-08-02,6000.0
1973-08-03,5400.0
1973-08-04,5100.0
1973-08-05,4820.0
1973-08-06,4420.0
1973-08-07,4150.0
1973-08-08,4030.0
1973-08-09,3780.0
1973-08-10,3530.0
1973-08-11,3410.0
1973-08-12,3410.0
1973-08-13,3780.0
1973-08-14,4030.0
1973-08-15,4150.0
1973-08-16,4030.0
1973-08-17,4030.0
1973-08-18,3900.0
1973-08-19,3780.0
1973-08-20,3410.0
1973-08-21,3180.0
1973-08-22,3060.0
1973-08-23,3060.0
1973-08-24,3060.0
1973-08-25,2840.0
1973-08-26,2740.0
1973-08-27,2630.0
1973-08-28,2420.0
1973-08-29,2420.0
1973-08-30,2320.0
1973-08-31,2220.0
1973-09-01,2220.0
1973-09-02,2120.0
1973-09-03,2020.0
1973-09-04,1930.0
1973-09-05,1760.0
1973-09-06,1670.0
1973-09-07,1580.0
1973-09-08,1580.0
1973-09-09,1500.0
1973-09-10,1500.0
1973-09-11,1500.0
1973-09-12,1500.0
1973-09-13,1500.0
1973-09-14,1500.0
1973-09-15,1500.0
1973-09-16,1500.0
1973-09-17,1500.0
1973-09-18,1840.0
1973-09-19,1670.0
1973-09-20,1580.0
1973-09-21,3060.0
1973-09-22,2320.0
1973-09-23,2220.0
1973-09-24,2020.0
1973-09-25,1840.0
1973-09-26,1670.0
1973-09-27,1670.0
1973-09-28,1580.0
1973-09-29,1500.0
1973-09-30,1500.0
1973-10-01,1500.0
1973-10-02,1580.0
1973-10-03,1500.0
1973-10-04,1500.0
1973-10-05,1500.0
1973-10-06,1500.0
1973-10-07,1500.0
1973-10-08,1500.0
1973-10-09,1500.0
1973-10-10,1500.0
1973-10-11,1500.0
1973-10-12,1500.0
1973-10-13,1500.0
1973-10-14,1500.0
1973-10-15,1840.0
1973-10-16,3810.0
1973-10-17,2840.0
1973-10-18,2420.0
1973-10-19,2220.0
1973-10-20,2020.0
1973-10-21,1930.0
1973-10-22,1840.0
1973-10-23,1760.0
1973-10-24,1670.0
1973-10-25,1580.0
1973-10-26,1580.0
1973-10-27,1500.0
1973-10-28,1500.0
1973-10-29,1500.0
1973-10-30,1500.0
1973-10-31,1500.0
1973-11-01,1500.0
1973-11-02,1500.0
1973-11-03,1500.0
1973-11-04,1500.0
1973-11-05,1500.0
1973-11-06,1420.0
1973-11-07,1420.0
1973-11-08,1420.0
1973-11-09,1420.0
1973-11-10,1350.0
1973-11-11,1350.0
1973-11-12,1350.0
1973-11-13,1350.0
1973-11-14,1350.0
1973-11-15,1350.0
1973-11-16,1420.0
1973-11-17,1420.0
1973-11-18,1500.0
1973-11-19,1420.0
1973-11-20,1350.0
1973-11-21,1190.0
1973-11-22,1060.0
1973-11-23,1270.0
1973-11-24,1190.0
1973-11-25,1270.0
1973-11-26,1350.0
1973-11-27,1350.0
1973-11-28,1270.0
1973-11-29,1190.0
1973-11-30,1190.0
1973-12-01,1270.0
1973-12-02,1320.0
1973-12-03,1190.0
1973-12-04,1350.0
1973-12-05,1270.0
1973-12-06,1270.0
1973-12-07,1270.0
1973-12-08,1190.0
1973-12-09,1270.0
1973-12-10,1350.0
1973-12-11,1190.0
1973-12-12,1270.0
1973-12-13,1270.0
1973-12-14,1270.0
1973-12-15,1190.0
1973-12-16,1190.0
1973-12-17,1120.0
1973-12-18,1120.0
1973-12-19,1120.0
1973-12-20,1190.0
1973-12-21,1270.0
1973-12-22,1270.0
1973-12-23,1270.0
1973-12-24,1120.0
1973-12-25,1120.0
1973-12-26,1190.0
1973-12-27,1190.0
1973-12-28,1270.0
1973-12-29,1120.0
1973-12-30,1190.0
1973-12-31,1190.0
1974-01-01,560.0
1974-01-02,520.0
1974-01-03,476.0
1974-01-04,560.0
1974-01-05,560.0
1974-01-06,560.0
1974-01-07,560.0
1974-01-08,560.0
1974-01-09,560.0
1974-01-10,560.0
1974-01-11,560.0
1974-01-12,800.0
1974-01-13,735.0
1974-01-14,560.0
1974-01-15,560.0
1974-01-16,560.0
1974-01-17,560.0
1974-01-18,560.0
1974-01-19,560.0
1974-01-20,476.0
1974-01-21,476.0
1974-01-22,476.0
1974-01-23,476.0
1974-01-24,476.0
1974-01-25,560.0
1974-01-26,560.0
1974-01-27,560.0
1974-01-28,434.0
1974-01-29,560.0
1974-01-30,560.0
1974-01-31,560.0
1974-02-01,520.0
1974-02-02,476.0
1974-02-03,434.0
1974-02-04,392.0
1974-02-05,350.0
1974-02-06,392.0
1974-02-07,476.0
1974-02-08,560.0
1974-02-09,560.0
1974-02-10,735.0
1974-02-11,795.0
1974-02-12,855.0
1974-02-13,920.0
1974-02-14,990.0
1974-02-15,1060.0
1974-02-16,1060.0
1974-02-17,1060.0
1974-02-18,1120.0
1974-02-19,1120.0
1974-02-20,1190.0
1974-02-21,1190.0
1974-02-22,1240.0
1974-02-23,1190.0
1974-02-24,1190.0
1974-02-25,1120.0
1974-02-26,1120.0
1974-02-27,1120.0
1974-02-28,1120.0
1974-03-01,1120.0
1974-03-02,1120.0
1974-03-03,1120.0
1974-03-04,1060.0
1974-03-05,920.0
1974-03-06,920.0
1974-03-07,920.0
1974-03-08,920.0
1974-03-09,920.0
1974-03-10,920.0
1974-03-11,920.0
1974-03-12,920.0
1974-03-13,920.0
1974-03-14,920.0
1974-03-15,920.0
1974-03-16,1120.0
1974-03-17,1930.0
1974-03-18,1580.0
1974-03-19,1840.0
1974-03-20,2320.0
1974-03-21,2740.0
1974-03-22,2880.0
1974-03-23,2630.0
1974-03-24,2420.0
1974-03-25,2220.0
1974-03-26,2220.0
1974-03-27,2220.0
1974-03-28,2120.0
1974-03-29,2020.0
1974-03-30,2120.0
1974-03-31,2120.0
1974-04-01,2220.0
1974-04-02,2220.0
1974-04-03,2320.0
1974-04-04,2420.0
1974-04-05,2420.0
1974-04-06,2420.0
1974-04-07,2740.0
1974-04-08,3180.0
1974-04-09,3300.0
1974-04-10,3300.0
1974-04-11,3300.0
1974-04-12,3300.0
1974-04-13,3300.0
1974-04-14,3300.0
1974-04-15,3300.0
1974-04-16,3300.0
1974-04-17,3180.0
1974-04-18,3060.0
1974-04-19,2840.0
1974-04-20,2630.0
1974-04-21,2420.0
1974-04-22,2020.0
1974-04-23,1840.0
1974-04-24,1840.0
1974-04-25,1840.0
1974-04-26,1840.0
1974-04-27,1760.0
1974-04-28,1760.0
1974-04-29,1670.0
1974-04-30,1670.0
1974-05-01,1670.0
1974-05-02,1670.0
1974-05-03,1670.0
1974-05-04,1670.0
1974-05-05,1670.0
1974-05-06,1670.0
1974-05-07,1670.0
1974-05-08,1670.0
1974-05-09,1670.0
1974-05-10,1670.0
1974-05-11,2520.0
1974-05-12,2740.0
1974-05-13,2840.0
1974-05-14,3180.0
1974-05-15,3780.0
1974-05-16,3780.0
1974-05-17,4550.0
1974-05-18,5100.0
1974-05-19,5400.0
1974-05-20,5700.0
1974-05-21,6450.0
1974-05-22,7150.0
1974-05-23,7150.0
1974-05-24,6000.0
1974-05-25,5100.0
1974-05-26,4820.0
1974-05-27,4960.0
1974-05-28,7150.0
1974-05-29,6300.0
1974-05-30,5700.0
1974-05-31,8400.0
1974-06-01,9050.0
1974-06-02,8200.0
1974-06-03,8700.0
1974-06-04,9050.0
1974-06-05,9850.0
1974-06-06,9250.0
1974-06-07,8000.0
1974-06-08,8000.0
1974-06-09,7500.0
1974-06-10,6600.0
1974-06-11,5700.0
1974-06-12,5250.0
1974-06-13,5100.0
1974-06-14,4820.0
1974-06-15,4550.0
1974-06-16,4420.0
1974-06-17,4420.0
1974-06-18,4420.0
1974-06-19,4420.0
1974-06-20,4420.0
1974-06-21,4420.0
1974-06-22,4420.0
1974-06-23,4690.0
1974-06-24,4420.0
1974-06-25,4150.0
1974-06-26,5100.0
1974-06-27,6000.0
1974-06-28,9450.0
1974-06-29,24700.0
1974-06-30,13100.0
1974-07-01,10200.0
1974-07-02,8700.0
1974-07-03,8000.0
1974-07-04,7300.0
1974-07-05,6800.0
1974-07-06,6300.0
1974-07-07,5700.0
1974-07-08,5400.0
1974-07-09,5100.0
1974-07-10,4820.0
1974-07-11,4690.0
1974-07-12,4690.0
1974-07-13,4280.0
1974-07-14,4150.0
1974-07-15,4030.0
1974-07-16,3530.0
1974-07-17,3650.0
1974-07-18,3530.0
1974-07-19,3300.0
1974-07-20,3060.0
1974-07-21,2740.0
1974-07-22,2740.0
1974-07-23,2630.0
1974-07-24,2420.0
1974-07-25,2420.0
1974-07-26,2320.0
1974-07-27,2220.0
1974-07-28,2120.0
1974-07-29,2020.0
1974-07-30,2020.0
1974-07-31,2020.0
1974-08-01,1900.0
1974-08-02,1840.0
1974-08-03,1840.0
1974-08-04,1760.0
1974-08-05,1670.0
1974-08-06,1670.0
1974-08-07,1580.0
1974-08-08,1500.0
1974-08-09,1500.0
1974-08-10,1500.0
1974-08-11,1500.0
1974-08-12,1420.0
1974-08-13,1350.0
1974-08-14,1350.0
1974-08-15,1190.0
1974-08-16,1190.0
1974-08-17,1060.0
1974-08-18,1060.0
1974-08-19,1060.0
1974-08-20,1060.0
1974-08-21,1060.0
1974-08-22,1060.0
1974-08-23,1060.0
1974-08-24,990.0
1974-08-25,920.0
1974-08-26,920.0
1974-08-27,920.0
1974-08-28,920.0
1974-08-29,795.0
1974-08-30,795.0
1974-08-31,795.0
1974-09-01,855.0
1974-09-02,855.0
1974-09-03,920.0
1974-09-04,990.0
1974-09-05,920.0
1974-09-06,990.0
1974-09-07,990.0
1974-09-08,990.0
1974-09-09,920.0
1974-09-10,920.0
1974-09-11,920.0
1974-09-12,920.0
1974-09-13,920.0
1974-09-14,920.0
1974-09-15,920.0
1974-09-16,855.0
1974-09-17,855.0
1974-09-18,855.0
1974-09-19,855.0
1974-09-20,855.0
1974-09-21,855.0
1974-09-22,855.0
1974-09-23,855.0
1974-09-24,855.0
1974-09-25,855.0
1974-09-26,920.0
1974-09-27,920.0
1974-09-28,3330.0
1974-09-29,2120.0
1974-09-30,1840.0
1974-10-01,1580.0
1974-10-02,1500.0
1974-10-03,1420.0
1974-10-04,1350.0
1974-10-05,1270.0
1974-10-06,1190.0
1974-10-07,1350.0
1974-10-08,1350.0
1974-10-09,1270.0
1974-10-10,1190.0
1974-10-11,1190.0
1974-10-12,1190.0
1974-10-13,1190.0
1974-10-14,1060.0
1974-10-15,1060.0
1974-10-16,1060.0
1974-10-17,990.0
1974-10-18,920.0
1974-10-19,1190.0
1974-10-20,6250.0
1974-10-21,3300.0
1974-10-22,2630.0
1974-10-23,2220.0
1974-10-24,2020.0
1974-10-25,1840.0
1974-10-26,1840.0
1974-10-27,1840.0
1974-10-28,1840.0
1974-10-29,1840.0
1974-10-30,1500.0
1974-10-31,1500.0
1974-11-01,1500.0
1974-11-02,1500.0
1974-11-03,1500.0
1974-11-04,1350.0
1974-11-05,1190.0
1974-11-06,1120.0
1974-11-07,1060.0
1974-11-08,1060.0
1974-11-09,1060.0
1974-11-10,1060.0
1974-11-11,990.0
1974-11-12,855.0
1974-11-13,855.0
1974-11-14,855.0
1974-11-15,795.0
1974-11-16,795.0
1974-11-17,795.0
1974-11-18,855.0
1974-11-19,920.0
1974-11-20,920.0
1974-11-21,920.0
1974-11-22,920.0
1974-11-23,990.0
1974-11-24,990.0
1974-11-25,990.0
1974-11-26,1060.0
1974-11-27,2220.0
1974-11-28,2630.0
1974-11-29,2320.0
1974-11-30,2020.0
1974-12-01,1900.0
1974-12-02,1840.0
1974-12-03,1670.0
1974-12-04,1670.0
1974-12-05,1670.0
1974-12-06,1580.0
1974-12-07,1500.0
1974-12-08,1500.0
1974-12-09,1350.0
1974-12-10,1350.0
1974-12-11,1350.0
1974-12-12,1350.0
1974-12-13,1270.0
1974-12-14,1270.0
1974-12-15,1190.0
1974-12-16,1060.0
1974-12-17,1060.0
1974-12-18,1060.0
1974-12-19,990.0
1974-12-20,990.0
1974-12-21,920.0
1974-12-22,920.0
1974-12-23,920.0
1974-12-24,920.0
1974-12-25,855.0
1974-12-26,855.0
1974-12-27,795.0
1974-12-28,795.0
1974-12-29,795.0
1974-12-30,920.0
1974-12-31,855.0
1975-01-01,1560.0
1975-01-02,1560.0
1975-01-03,1560.0
1975-01-04,1560.0
1975-01-05,1560.0
1975-01-06,1500.0
1975-01-07,1500.0
1975-01-08,1500.0
1975-01-09,1500.0
1975-01-10,1500.0
1975-01-11,1500.0
1975-01-12,1500.0
1975-01-13,1450.0
1975-01-14,1450.0
1975-01-15,1450.0
1975-01-16,1450.0
1975-01-17,1390.0
1975-01-18,1390.0
1975-01-19,1500.0
1975-01-20,1450.0
1975-01-21,1450.0
1975-01-22,1450.0
1975-01-23,1450.0
1975-01-24,1450.0
1975-01-25,1450.0
1975-01-26,1450.0
1975-01-27,1450.0
1975-01-28,1450.0
1975-01-29,1900.0
1975-01-30,1900.0
1975-01-31,1750.0
1975-02-01,1750.0
1975-02-02,1750.0
1975-02-03,1620.0
1975-02-04,1620.0
1975-02-05,1620.0
1975-02-06,1620.0
1975-02-07,1560.0
1975-02-08,1560.0
1975-02-09,1560.0
1975-02-10,1560.0
1975-02-11,1560.0
1975-02-12,1560.0
1975-02-13,1560.0
1975-02-14,1500.0
1975-02-15,1500.0
1975-02-16,1500.0
1975-02-17,1500.0
1975-02-18,1500.0
1975-02-19,1500.0
1975-02-20,1500.0
1975-02-21,1500.0
1975-02-22,1500.0
1975-02-23,1500.0
1975-02-24,1450.0
1975-02-25,1450.0
1975-02-26,1450.0
1975-02-27,1450.0
1975-02-28,1450.0
1975-03-01,1450.0
1975-03-02,1390.0
1975-03-03,1390.0
1975-03-04,1390.0
1975-03-05,1390.0
1975-03-06,1390.0
1975-03-07,1390.0
1975-03-08,1390.0
1975-03-09,1450.0
1975-03-10,1390.0
1975-03-11,1390.0
1975-03-12,1390.0
1975-03-13,1390.0
1975-03-14,1390.0
1975-03-15,1390.0
1975-03-16,1390.0
1975-03-17,1390.0
1975-03-18,1450.0
1975-03-19,1390.0
1975-03-20,1390.0
1975-03-21,1390.0
1975-03-22,1390.0
1975-03-23,1390.0
1975-03-24,1390.0
1975-03-25,1390.0
1975-03-26,1390.0
1975-03-27,1390.0
1975-03-28,1390.0
1975-03-29,1390.0
1975-03-30,1390.0
1975-03-31,1390.0
1975-04-01,1390.0
1975-04-02,1390.0
1975-04-03,1390.0
1975-04-04,1390.0
1975-04-05,1390.0
1975-04-06,1390.0
1975-04-07,1390.0
1975-04-08,1390.0
1975-04-09,1390.0
1975-04-10,1390.0
1975-04-11,1390.0
1975-04-12,1390.0
1975-04-13,1390.0
1975-04-14,1450.0
1975-04-15,1750.0
1975-04-16,2080.0
1975-04-17,2080.0
1975-04-18,2080.0
1975-04-19,2470.0
1975-04-20,3230.0
1975-04-21,4520.0
1975-04-22,5400.0
1975-04-23,5900.0
1975-04-24,6500.0
1975-04-25,6050.0
1975-04-26,5550.0
1975-04-27,5550.0
1975-04-28,5550.0
1975-04-29,5700.0
1975-04-30,5900.0
1975-05-01,5700.0
1975-05-02,5900.0
1975-05-03,6050.0
1975-05-04,5700.0
1975-05-05,5250.0
1975-05-06,4810.0
1975-05-07,4520.0
1975-05-08,4380.0
1975-05-09,4380.0
1975-05-10,4240.0
1975-05-11,4810.0
1975-05-12,5100.0
1975-05-13,4960.0
1975-05-14,4960.0
1975-05-15,5550.0
1975-05-16,5900.0
1975-05-17,6200.0
1975-05-18,6700.0
1975-05-19,7550.0
1975-05-20,8900.0
1975-05-21,10400.0
1975-05-22,10400.0
1975-05-23,9650.0
1975-05-24,8900.0
1975-05-25,8300.0
1975-05-26,7750.0
1975-05-27,7200.0
1975-05-28,6700.0
1975-05-29,6700.0
1975-05-30,6850.0
1975-05-31,7200.0
1975-06-01,11000.0
1975-06-02,9850.0
1975-06-03,9100.0
1975-06-04,7950.0
1975-06-05,7550.0
1975-06-06,7550.0
1975-06-07,7750.0
1975-06-08,7750.0
1975-06-09,7950.0
1975-06-10,8150.0
1975-06-11,8150.0
1975-06-12,7750.0
1975-06-13,7950.0
1975-06-14,8700.0
1975-06-15,10600.0
1975-06-16,19500.0
1975-06-17,13900.0
1975-06-18,11000.0
1975-06-19,10200.0
1975-06-20,9650.0
1975-06-21,9450.0
1975-06-22,8700.0
1975-06-23,8300.0
1975-06-24,8300.0
1975-06-25,9100.0
1975-06-26,10600.0
1975-06-27,11200.0
1975-06-28,11000.0
1975-06-29,13400.0
1975-06-30,12600.0
1975-07-01,10200.0
1975-07-02,9450.0
1975-07-03,9450.0
1975-07-04,13000.0
1975-07-05,10600.0
1975-07-06,9850.0
1975-07-07,9850.0
1975-07-08,10200.0
1975-07-09,9850.0
1975-07-10,9450.0
1975-07-11,9250.0
1975-07-12,8700.0
1975-07-13,8700.0
1975-07-14,8700.0
1975-07-15,8900.0
1975-07-16,9250.0
1975-07-17,8700.0
1975-07-18,8300.0
1975-07-19,7750.0
1975-07-20,7200.0
1975-07-21,6850.0
1975-07-22,6500.0
1975-07-23,6200.0
1975-07-24,5900.0
1975-07-25,5400.0
1975-07-26,4960.0
1975-07-27,4810.0
1975-07-28,4520.0
1975-07-29,4380.0
1975-07-30,4240.0
1975-07-31,4100.0
1975-08-01,4100.0
1975-08-02,3840.0
1975-08-03,3840.0
1975-08-04,3970.0
1975-08-05,4520.0
1975-08-06,7950.0
1975-08-07,5550.0
1975-08-08,4380.0
1975-08-09,4100.0
1975-08-10,5250.0
1975-08-11,5400.0
1975-08-12,4240.0
1975-08-13,3970.0
1975-08-14,3840.0
1975-08-15,3710.0
1975-08-16,3840.0
1975-08-17,3840.0
1975-08-18,3710.0
1975-08-19,3590.0
1975-08-20,3470.0
1975-08-21,3350.0
1975-08-22,3350.0
1975-08-23,3350.0
1975-08-24,3350.0
1975-08-25,3230.0
1975-08-26,3110.0
1975-08-27,3000.0
1975-08-28,2890.0
1975-08-29,2890.0
1975-08-30,2890.0
1975-08-31,2780.0
1975-09-01,2890.0
1975-09-02,2670.0
1975-09-03,2780.0
1975-09-04,2670.0
1975-09-05,2670.0
1975-09-06,2570.0
1975-09-07,2890.0
1975-09-08,2780.0
1975-09-09,2780.0
1975-09-10,2670.0
1975-09-11,2780.0
1975-09-12,3350.0
1975-09-13,4100.0
1975-09-14,7950.0
1975-09-15,33500.0
1975-09-16,22100.0
1975-09-17,17100.0
1975-09-18,13000.0
1975-09-19,11400.0
1975-09-20,10200.0
1975-09-21,9850.0
1975-09-22,8150.0
1975-09-23,7400.0
1975-09-24,6850.0
1975-09-25,6200.0
1975-09-26,6050.0
1975-09-27,5550.0
1975-09-28,5250.0
1975-09-29,4960.0
1975-09-30,5550.0
1975-10-01,6200.0
1975-10-02,5250.0
1975-10-03,4960.0
1975-10-04,4660.0
1975-10-05,4520.0
1975-10-06,4240.0
1975-10-07,4100.0
1975-10-08,4100.0
1975-10-09,3840.0
1975-10-10,3840.0
1975-10-11,3840.0
1975-10-12,3840.0
1975-10-13,3840.0
1975-10-14,3840.0
1975-10-15,3840.0
1975-10-16,3710.0
1975-10-17,3710.0
1975-10-18,3710.0
1975-10-19,3710.0
1975-10-20,3710.0
1975-10-21,3590.0
1975-10-22,3590.0
1975-10-23,3590.0
1975-10-24,3590.0
1975-10-25,3590.0
1975-10-26,3590.0
1975-10-27,3590.0
1975-10-28,3590.0
1975-10-29,3590.0
1975-10-30,3590.0
1975-10-31,3590.0
1975-11-01,3590.0
1975-11-02,3590.0
1975-11-03,3850.0
1975-11-04,2890.0
1975-11-05,2780.0
1975-11-06,2670.0
1975-11-07,2470.0
1975-11-08,2270.0
1975-11-09,2080.0
1975-11-10,1900.0
1975-11-11,1830.0
1975-11-12,1800.0
1975-11-13,2080.0
1975-11-14,2170.0
1975-11-15,2370.0
1975-11-16,2670.0
1975-11-17,2780.0
1975-11-18,2670.0
1975-11-19,2780.0
1975-11-20,2890.0
1975-11-21,2670.0
1975-11-22,2570.0
1975-11-23,2270.0
1975-11-24,2270.0
1975-11-25,2270.0
1975-11-26,2270.0
1975-11-27,2270.0
1975-11-28,2270.0
1975-11-29,2080.0
1975-11-30,2080.0
1975-12-01,2170.0
1975-12-02,2270.0
1975-12-03,2170.0
1975-12-04,2270.0
1975-12-05,2270.0
1975-12-06,2470.0
1975-12-07,2570.0
1975-12-08,2670.0
1975-12-09,2270.0
1975-12-10,1900.0
1975-12-11,1900.0
1975-12-12,1900.0
1975-12-13,1900.0
1975-12-14,1830.0
1975-12-15,1900.0
1975-12-16,1830.0
1978-01-21,1500.0
1978-01-22,1500.0
1978-01-23,1420.0
1978-01-24,1460.0
1978-01-25,1500.0
1978-01-26,1500.0
1978-01-27,1460.0
1978-01-28,1460.0
1978-01-29,1500.0
1978-01-30,1420.0
1978-01-31,1420.0
1978-02-01,1420.0
1978-02-02,1420.0
1978-02-03,1460.0
1978-02-04,1460.0
1978-02-05,1420.0
1978-02-06,1420.0
1978-02-07,1420.0
1978-02-08,1420.0
1978-02-09,1420.0
1978-02-10,1420.0
1978-02-11,1380.0
1978-02-12,1340.0
1978-02-13,1340.0
1978-02-14,1340.0
1978-02-15,1340.0
1978-02-16,1340.0
1978-02-17,1340.0
1978-02-18,1470.0
1978-02-19,1680.0
1978-02-20,2000.0
1978-02-21,2000.0
1978-02-22,1780.0
1978-02-23,1900.0
1978-02-24,7570.0
1978-02-25,7940.0
1978-02-26,8700.0
1978-02-27,7030.0
1978-02-28,6060.0
1978-03-01,5750.0
1978-03-02,5600.0
1978-03-03,5020.0
1978-03-04,4600.0
1978-03-05,4330.0
1978-03-06,3940.0
1978-03-07,3440.0
1978-03-08,3320.0
1978-03-09,3200.0
1978-03-10,3200.0
1978-03-11,3200.0
1978-03-12,3320.0
1978-03-13,3560.0
1978-03-14,3200.0
1978-03-15,2960.0
1978-03-16,2740.0
1978-03-17,2630.0
1978-03-18,2520.0
1978-03-19,2300.0
1978-03-20,2960.0
1978-03-21,4740.0
1978-03-22,3560.0
1978-03-23,3810.0
1978-03-24,3560.0
1978-03-25,3200.0
1978-03-26,3200.0
1978-03-27,2960.0
1978-03-28,2960.0
1978-03-29,3440.0
1978-03-30,3940.0
1978-03-31,4330.0
1978-04-01,3940.0
1978-04-02,3680.0
1978-04-03,3680.0
1978-04-04,3680.0
1978-04-05,3680.0
1978-04-06,3680.0
1978-04-07,3680.0
1978-04-08,3680.0
1978-04-09,3680.0
1978-04-10,3680.0
1978-04-11,3680.0
1978-04-12,3320.0
1978-04-13,3080.0
1978-04-14,2960.0
1978-04-15,2850.0
1978-04-16,3080.0
1978-04-17,3440.0
1978-04-18,3440.0
1978-04-19,3200.0
1978-04-20,3200.0
1978-04-21,3080.0
1978-04-22,2960.0
1978-04-23,2960.0
1978-04-24,2960.0
1978-04-25,3080.0
1978-04-26,2410.0
1978-04-27,2200.0
1978-04-28,2200.0
1978-04-29,2200.0
1978-04-30,2410.0
1978-05-01,3560.0
1978-05-02,3680.0
1978-05-03,3560.0
1978-05-04,3940.0
1978-05-05,5600.0
1978-05-06,6060.0
1978-05-07,5900.0
1978-05-08,5300.0
1978-05-09,4880.0
1978-05-10,5300.0
1978-05-11,6220.0
1978-05-12,6380.0
1978-05-13,5900.0
1978-05-14,5300.0
1978-05-15,5160.0
1978-05-16,5020.0
1978-05-17,5160.0
1978-05-18,6220.0
1978-05-19,9650.0
1978-05-20,9840.0
1978-05-21,10000.0
1978-05-22,10400.0
1978-05-23,10600.0
1978-05-24,9270.0
1978-05-25,8700.0
1978-05-26,8510.0
1978-05-27,9840.0
1978-05-28,10600.0
1978-05-29,10800.0
1978-05-30,11200.0
1978-05-31,11700.0
1978-06-01,11500.0
1978-06-02,11700.0
1978-06-03,12700.0
1978-06-04,14100.0
1978-06-05,16000.0
1978-06-06,19000.0
1978-06-07,21700.0
1978-06-08,23900.0
1978-06-09,23400.0
1978-06-10,24600.0
1978-06-11,27000.0
1978-06-12,26100.0
1978-06-13,23700.0
1978-06-14,18800.0
1978-06-15,15500.0
1978-06-16,14100.0
1978-06-17,12900.0
1978-06-18,11200.0
1978-06-19,10200.0
1978-06-20,9840.0
1978-06-21,10200.0
1978-06-22,10600.0
1978-06-23,11400.0
1978-06-24,12500.0
1978-06-25,11000.0
1978-06-26,9840.0
1978-06-27,8700.0
1978-06-28,7570.0
1978-06-29,7760.0
1978-06-30,9080.0
1978-07-01,9640.0
1978-07-02,10800.0
1978-07-03,11000.0
1978-07-04,14600.0
1978-07-05,13900.0
1978-07-06,11000.0
1978-07-07,9840.0
1978-07-08,9270.0
1978-07-09,9080.0
1978-07-10,10200.0
1978-07-11,11000.0
1978-07-12,11400.0
1978-07-13,12100.0
1978-07-14,12900.0
1978-07-15,13100.0
1978-07-16,12700.0
1978-07-17,12100.0
1978-07-18,13100.0
1978-07-19,12700.0
1978-07-20,9270.0
1978-07-21,8700.0
1978-07-22,7940.0
1978-07-23,7570.0
1978-07-24,9080.0
1978-07-25,9080.0
1978-07-26,8890.0
1978-07-27,9080.0
1978-07-28,8890.0
1978-07-29,8890.0
1978-07-30,8700.0
1978-07-31,8700.0
1978-08-01,8510.0
1978-08-02,7940.0
1978-08-03,7390.0
1978-08-04,7570.0
1978-08-05,7760.0
1978-08-06,7030.0
1978-08-07,10600.0
1978-08-08,11400.0
1978-08-09,7570.0
1978-08-10,6220.0
1978-08-11,5600.0
1978-08-12,5300.0
1978-08-13,4880.0
1978-08-14,4600.0
1978-08-15,4600.0
1978-08-16,4460.0
1978-08-17,4330.0
1978-08-18,4200.0
1978-08-19,4200.0
1978-08-20,4070.0
1978-08-21,4070.0
1978-08-22,3940.0
1978-08-23,3810.0
1978-08-24,3810.0
1978-08-25,3560.0
1978-08-26,3440.0
1978-08-27,3440.0
1978-08-28,3320.0
1978-08-29,3200.0
1978-08-30,3080.0
1978-08-31,2850.0
1978-09-01,2740.0
1978-09-02,2630.0
1978-09-03,2520.0
1978-09-04,2410.0
1978-09-05,2410.0
1978-09-06,2300.0
1978-09-07,2300.0
1978-09-08,2300.0
1978-09-09,2300.0
1978-09-10,2200.0
1978-09-11,2100.0
1978-09-12,2100.0
1978-09-13,2100.0
1978-09-14,2100.0
1978-09-15,2000.0
1978-09-16,2000.0
1978-09-17,2000.0
1978-09-18,1900.0
1978-09-19,1900.0
1978-09-20,1840.0
1978-09-21,1840.0
1978-09-22,1840.0
1978-09-23,1840.0
1978-09-24,1780.0
1978-09-25,1780.0
1978-09-26,1780.0
1978-09-27,1780.0
1978-09-28,1780.0
1978-09-29,1780.0
1978-09-30,1780.0
1978-10-01,1780.0
1978-10-02,1780.0
1978-10-03,1780.0
1978-10-04,1780.0
1978-10-05,1780.0
1978-10-06,1780.0
1978-10-07,1780.0
1978-10-08,1780.0
1978-10-09,1640.0
1978-10-10,1640.0
1978-10-11,1640.0
1978-10-12,1640.0
1978-10-13,1640.0
1978-10-14,1640.0
1978-10-15,1640.0
1978-10-16,1640.0
1978-10-17,1640.0
1978-10-18,1640.0
1978-10-19,1640.0
1978-10-20,1640.0
1978-10-21,1640.0
1978-10-22,1640.0
1978-10-23,1640.0
1978-10-24,1730.0
1978-10-25,1730.0
1978-10-26,1730.0
1978-10-27,1730.0
1978-10-28,1730.0
1978-10-29,1730.0
1978-10-30,1730.0
1978-10-31,1730.0
1978-11-01,1730.0
1978-11-02,1640.0
1978-11-03,1640.0
1978-11-04,1570.0
1978-11-05,1540.0
1978-11-06,1540.0
1978-11-07,1500.0
1978-11-08,1420.0
1978-11-09,1420.0
1978-11-10,1340.0
1978-11-11,1340.0
1978-11-12,1340.0
1978-11-13,1300.0
1978-11-14,1190.0
1978-11-15,1190.0
1978-11-16,1190.0
1978-11-17,1130.0
1978-11-18,1130.0
1978-11-19,1070.0
1978-11-20,1070.0
1978-11-21,1070.0
1978-11-22,1000.0
1978-11-23,1000.0
1978-11-24,1000.0
1978-11-25,1000.0
1978-11-26,952.0
1978-11-27,952.0
1978-11-28,952.0
1978-11-29,952.0
1978-11-30,952.0
1978-12-01,952.0
1978-12-02,952.0
1978-12-03,952.0
1978-12-04,952.0
1978-12-05,952.0
1978-12-06,952.0
1978-12-07,952.0
1978-12-08,952.0
1978-12-09,952.0
1978-12-10,952.0
1978-12-11,952.0
1978-12-12,908.0
1978-12-13,908.0
1978-12-14,908.0
1978-12-15,908.0
1978-12-16,908.0
1980-01-21,1560.0
1980-01-22,1560.0
1980-01-23,1610.0
1980-01-24,1800.0
1980-01-25,2100.0
1980-01-26,2100.0
1980-01-27,1950.0
1980-01-28,1800.0
1980-01-29,1650.0
1980-01-30,1650.0
1980-01-31,1650.0
1980-02-01,1800.0
1980-02-02,1800.0
1980-02-03,1800.0
1980-02-04,2400.0
1980-02-05,4800.0
1980-02-06,4430.0
1980-02-07,3680.0
1980-02-08,3330.0
1980-02-09,3210.0
1980-02-10,3210.0
1980-02-11,3210.0
1980-02-12,3100.0
1980-02-13,2980.0
1980-02-14,2860.0
1980-02-15,2860.0
1980-02-16,2860.0
1980-02-17,2860.0
1980-02-18,2750.0
1980-02-19,2630.0
1980-02-20,2400.0
1980-02-21,2330.0
1980-02-22,2250.0
1980-02-23,2250.0
1980-02-24,2250.0
1980-02-25,2180.0
1980-02-26,2100.0
1980-02-27,2100.0
1980-02-28,2100.0
1980-02-29,2100.0
1980-03-01,2100.0
1980-03-02,2100.0
1980-03-03,2100.0
1980-03-04,2100.0
1980-03-05,2100.0
1980-03-06,2100.0
1980-03-07,2030.0
1980-03-08,2030.0
1980-03-09,1950.0
1980-03-10,1950.0
1980-03-11,1880.0
1980-03-12,1880.0
1980-03-13,1800.0
1980-03-14,1800.0
1980-03-15,1800.0
1980-03-16,1800.0
1980-03-17,1800.0
1980-03-18,1880.0
1980-03-19,1880.0
1980-03-20,1950.0
1980-03-21,1950.0
1980-03-22,1950.0
1980-03-23,1950.0
1980-03-24,1950.0
1980-03-25,1950.0
1980-03-26,1950.0
1980-03-27,2520.0
1980-03-28,3210.0
1980-03-29,3810.0
1980-03-30,3680.0
1980-03-31,3440.0
1980-04-01,3440.0
1980-04-02,3810.0
1980-04-03,3930.0
1980-04-04,3810.0
1980-04-05,3560.0
1980-04-06,3440.0
1980-04-07,3330.0
1980-04-08,3100.0
1980-04-09,3100.0
1980-04-10,3100.0
1980-04-11,2980.0
1980-04-12,2860.0
1980-04-13,2980.0
1980-04-14,3100.0
1980-04-15,3100.0
1980-04-16,3440.0
1980-04-17,3560.0
1980-04-18,3930.0
1980-04-19,4300.0
1980-04-20,5060.0
1980-04-21,5450.0
1980-04-22,5060.0
1980-04-23,4680.0
1980-04-24,4550.0
1980-04-25,4430.0
1980-04-26,4300.0
1980-04-27,4300.0
1980-04-28,4300.0
1980-04-29,3930.0
1980-04-30,3810.0
1980-05-01,3680.0
1980-05-02,3560.0
1980-05-03,3680.0
1980-05-04,3930.0
1980-05-05,4300.0
1980-05-06,4550.0
1980-05-07,4430.0
1980-05-08,4800.0
1980-05-09,4930.0
1980-05-10,4930.0
1980-05-11,5060.0
1980-05-12,5840.0
1980-05-13,6520.0
1980-05-14,6520.0
1980-05-15,6380.0
1980-05-16,6100.0
1980-05-17,5580.0
1980-05-18,5320.0
1980-05-19,5320.0
1980-05-20,5320.0
1980-05-21,5190.0
1980-05-22,5060.0
1980-05-23,4800.0
1980-05-24,5450.0
1980-05-25,5970.0
1980-05-26,6940.0
1980-05-27,6940.0
1980-05-28,6940.0
1980-05-29,7360.0
1980-05-30,7220.0
1980-05-31,6660.0
1980-06-01,6520.0
1980-06-02,6380.0
1980-06-03,6520.0
1980-06-04,7500.0
1980-06-05,9630.0
1980-06-06,11400.0
1980-06-07,12900.0
1980-06-08,12500.0
1980-06-09,11900.0
1980-06-10,11800.0
1980-06-11,10700.0
1980-06-12,11400.0
1980-06-13,15000.0
1980-06-14,20200.0
1980-06-15,20700.0
1980-06-16,14800.0
1980-06-17,14400.0
1980-06-18,13100.0
1980-06-19,11600.0
1980-06-20,12500.0
1980-06-21,12500.0
1980-06-22,11100.0
1980-06-23,10400.0
1980-06-24,9630.0
1980-06-25,8720.0
1980-06-26,8310.0
1980-06-27,8040.0
1980-06-28,7360.0
1980-06-29,7220.0
1980-06-30,7080.0
1980-07-01,7080.0
1980-07-02,6940.0
1980-07-03,6940.0
1980-07-04,6940.0
1980-07-05,7500.0
1980-07-06,8310.0
1980-07-07,9470.0
1980-07-08,19200.0
1980-07-09,20200.0
1980-07-10,14400.0
1980-07-11,12100.0
1980-07-12,11100.0
1980-07-13,10100.0
1980-07-14,9320.0
1980-07-15,10200.0
1980-07-16,9780.0
1980-07-17,9630.0
1980-07-18,9470.0
1980-07-19,9470.0
1980-07-20,9470.0
1980-07-21,10100.0
1980-07-22,8720.0
1980-07-23,8720.0
1980-07-24,9010.0
1980-07-25,9470.0
1980-07-26,9780.0
1980-07-27,9780.0
1980-07-28,9010.0
1980-07-29,9010.0
1980-07-30,8450.0
1980-07-31,7910.0
1980-08-01,7500.0
1980-08-02,7640.0
1980-08-03,7640.0
1980-08-04,7910.0
1980-08-05,8040.0
1980-08-06,7640.0
1980-08-07,7640.0
1980-08-08,7770.0
1980-08-09,7080.0
1980-08-10,6660.0
1980-08-11,6520.0
1980-08-12,6240.0
1980-08-13,5970.0
1980-08-14,5840.0
1980-08-15,5840.0
1980-08-16,5840.0
1980-08-17,5710.0
1980-08-18,5320.0
1980-08-19,5060.0
1980-08-20,4930.0
1980-08-21,4800.0
1980-08-22,4800.0
1980-08-23,4680.0
1980-08-24,4550.0
1980-08-25,4430.0
1980-08-26,4180.0
1980-08-27,5580.0
1980-08-28,6380.0
1980-08-29,5320.0
1980-08-30,4930.0
1980-08-31,4550.0
1980-09-01,4300.0
1980-09-02,4180.0
1980-09-03,4060.0
1980-09-04,3810.0
1980-09-05,3810.0
1980-09-06,3810.0
1980-09-07,3810.0
1980-09-08,3680.0
1980-09-09,3560.0
1980-09-10,3440.0
1980-09-11,3330.0
1980-09-12,3330.0
1980-09-13,3210.0
1980-09-14,3100.0
1980-09-15,3100.0
1980-09-16,3100.0
1980-09-17,2980.0
1980-09-18,2860.0
1980-09-19,2860.0
1980-09-20,2860.0
1980-09-21,3100.0
1980-09-22,11300.0
1980-09-23,8180.0
1980-09-24,5840.0
1980-09-25,5060.0
1980-09-26,4800.0
1980-09-27,4680.0
1980-09-28,4550.0
1980-09-29,4430.0
1980-09-30,4300.0
1980-10-01,4180.0
1980-10-02,4060.0
1980-10-03,4060.0
1980-10-04,3930.0
1980-10-05,3810.0
1980-10-06,3680.0
1980-10-07,3560.0
1980-10-08,4680.0
1980-10-09,4300.0
1980-10-10,3930.0
1980-10-11,4550.0
1980-10-12,4800.0
1980-10-13,4550.0
1980-10-14,4300.0
1980-10-15,4060.0
1980-10-16,7360.0
1980-10-17,12500.0
1980-10-18,9160.0
1980-10-19,7910.0
1980-10-20,6940.0
1980-10-21,6520.0
1980-10-22,6240.0
1980-10-23,6100.0
1980-10-24,6380.0
1980-10-25,7080.0
1980-10-26,6660.0
1980-10-27,6380.0
1980-10-28,6380.0
1980-10-29,6100.0
1980-10-30,5710.0
1980-10-31,5450.0
1980-11-01,5190.0
1980-11-02,5060.0
1980-11-03,5320.0
1980-11-04,4800.0
1980-11-05,4180.0
1980-11-06,4060.0
1980-11-07,3930.0
1980-11-08,3810.0
1980-11-09,3810.0
1980-11-10,3560.0
1980-11-11,3560.0
1980-11-12,3440.0
1980-11-13,3330.0
1980-11-14,3210.0
1980-11-15,3210.0
1980-11-16,3100.0
1980-11-17,3100.0
1980-11-18,3330.0
1980-11-19,3330.0
1980-11-20,3210.0
1980-11-21,3100.0
1980-11-22,3100.0
1980-11-23,2980.0
1980-11-24,2860.0
1980-11-25,2860.0
1980-11-26,2750.0
1980-11-27,2750.0
1980-11-28,2750.0
1980-11-29,2520.0
1980-11-30,2400.0
1980-12-01,2400.0
1980-12-02,2250.0
1980-12-03,2250.0
1980-12-04,2180.0
1980-12-05,2100.0
1980-12-06,2100.0
1980-12-07,2100.0
1980-12-08,2030.0
1980-12-09,2030.0
1980-12-10,2030.0
1980-12-11,2030.0
1980-12-12,2030.0
1980-12-13,2030.0
1980-12-14,2030.0
1980-12-15,2030.0
1980-12-16,2030.0
1980-12-17,2030.0
1980-12-18,2030.0
1980-12-19,2030.0
1980-12-20,2030.0
1980-12-21,2030.0
1980-12-22,1950.0
1980-12-23,1950.0
1980-12-24,1950.0
1980-12-25,1880.0
1980-12-26,1880.0
1980-12-27,1880.0
1980-12-28,1880.0
1980-12-29,1880.0
1980-12-30,1800.0
1980-12-31,1800.0
1981-01-01,1797.0
1981-01-02,1797.0
1981-01-03,1797.0
1981-01-04,1797.0
1981-01-05,1856.0
1981-01-06,1939.0
1981-01-07,1927.0
1981-01-08,1915.0
1981-01-09,1903.0
1981-01-10,1891.0
1981-01-11,1879.0
1981-01-12,1917.0
1981-01-13,1922.0
1981-01-14,1900.0
1981-01-15,1878.0
1981-01-16,1856.0
1981-01-17,1834.0
1981-01-18,1812.0
1981-01-19,1893.0
1981-01-20,1922.0
1981-01-21,1900.0
1981-01-22,1878.0
1981-01-23,1856.0
1981-01-24,1834.0
1981-01-25,1812.0
1981-01-26,1845.0
1981-01-27,1860.0
1981-01-28,1849.0
1981-01-29,1838.0
1981-01-30,1827.0
1981-01-31,1816.0
1981-02-01,1805.0
1981-02-02,1797.0
1981-02-03,1797.0
1981-02-04,1797.0
1981-02-05,1797.0
1981-02-06,1797.0
1981-02-07,1797.0
1981-02-08,1797.0
1981-02-09,1846.0
1981-02-10,1871.0
1981-02-11,1871.0
1981-02-12,1871.0
1981-02-13,1871.0
1981-02-14,1871.0
1981-02-15,1871.0
1981-02-16,1871.0
1981-02-17,1871.0
1981-02-18,1871.0
1981-02-19,1871.0
1981-02-20,1871.0
1981-02-21,1871.0
1981-02-22,1871.0
1981-02-23,1824.0
1981-02-24,1808.0
1981-02-25,1819.0
1981-02-26,1830.0
1981-02-27,1841.0
1981-02-28,1852.0
1981-03-01,1863.0
1981-03-02,1864.0
1981-03-03,1835.0
1981-03-04,1804.0
1981-03-05,1772.0
1981-03-06,1741.0
1981-03-07,1709.0
1981-03-08,1678.0
1981-03-09,1652.0
1981-03-10,1738.0
1981-03-11,2595.0
1981-03-12,4285.0
1981-03-13,4864.0
1981-03-14,3861.0
1981-03-15,3478.0
1981-03-16,3244.0
1981-03-17,3073.0
1981-03-18,2877.0
1981-03-19,2761.0
1981-03-20,2662.0
1981-03-21,2650.0
1981-03-22,2650.0
1981-03-23,2632.0
1981-03-24,3360.0
1981-03-25,3983.0
1981-03-26,7380.0
1981-03-27,7299.0
1981-03-28,6425.0
1981-03-29,6654.0
1981-03-30,8605.0
1981-03-31,7813.0
1981-04-01,7035.0
1981-04-02,6516.0
1981-04-03,6390.0
1981-04-04,6467.0
1981-04-05,6596.0
1981-04-06,6553.0
1981-04-07,6210.0
1981-04-08,6002.0
1981-04-09,6077.0
1981-04-10,6630.0
1981-04-11,7429.0
1981-04-12,8112.0
1981-04-13,8202.0
1981-04-14,8149.0
1981-04-15,8039.0
1981-04-16,7715.0
1981-04-17,7587.0
1981-04-18,7353.0
1981-04-19,7047.0
1981-04-20,6610.0
1981-04-21,6327.0
1981-04-22,6108.0
1981-04-23,6121.0
1981-04-24,5949.0
1981-04-25,5726.0
1981-04-26,5692.0
1981-04-27,5536.0
1981-04-28,4774.0
1981-04-29,4246.0
1981-04-30,4193.0
1981-05-01,4269.0
1981-05-02,4373.0
1981-05-03,4373.0
1981-05-04,4373.0
1981-05-05,4306.0
1981-05-06,4153.0
1981-05-07,4260.0
1981-05-08,4351.0
1981-05-09,4606.0
1981-05-10,5397.0
1981-05-11,6139.0
1981-05-12,5491.0
1981-05-13,5258.0
1981-05-14,4983.0
1981-05-15,4801.0
1981-05-16,4750.0
1981-05-17,4840.0
1981-05-18,4842.0
1981-05-19,4982.0
1981-05-20,5419.0
1981-05-21,5784.0
1981-05-22,7407.0
1981-05-23,7213.0
1981-05-24,7136.0
1981-05-25,7486.0
1981-05-26,10245.0
1981-05-27,10360.0
1981-05-28,9255.0
1981-05-29,8559.0
1981-05-30,9196.0
1981-05-31,9687.0
1981-06-01,10548.0
1981-06-02,12537.0
1981-06-03,12960.0
1981-06-04,11985.0
1981-06-05,10193.0
1981-06-06,11090.0
1981-06-07,11216.0
1981-06-08,11035.0
1981-06-09,10653.0
1981-06-10,10897.0
1981-06-11,10799.0
1981-06-12,10778.0
1981-06-13,10755.0
1981-06-14,10706.0
1981-06-15,10744.0
1981-06-16,10587.0
1981-06-17,9667.0
1981-06-18,8797.0
1981-06-19,7995.0
1981-06-20,7347.0
1981-06-21,7064.0
1981-06-22,6666.0
1981-06-23,6303.0
1981-06-24,5900.0
1981-06-25,5875.0
1981-06-26,5651.0
1981-06-27,5320.0
1981-06-28,12573.0
1981-06-29,12080.0
1981-06-30,8386.0
1981-07-01,7482.0
1981-07-02,7508.0
1981-07-03,10806.0
1981-07-04,9598.0
1981-07-05,8367.0
1981-07-06,8034.0
1981-07-07,7679.0
1981-07-08,7499.0
1981-07-09,7296.0
1981-07-10,7945.0
1981-07-11,8006.0
1981-07-12,7409.0
1981-07-13,7245.0
1981-07-14,7061.0
1981-07-15,6768.0
1981-07-16,6482.0
1981-07-17,6531.0
1981-07-18,11239.0
1981-07-19,9341.0
1981-07-20,8221.0
1981-07-21,8112.0
1981-07-22,7640.0
1981-07-23,8465.0
1981-07-24,10198.0
1981-07-25,9025.0
1981-07-26,8170.0
1981-07-27,7612.0
1981-07-28,7178.0
1981-07-29,6915.0
1981-07-30,6690.0
1981-07-31,6541.0
1981-08-01,6262.0
1981-08-02,6426.0
1981-08-03,6260.0
1981-08-04,5901.0
1981-08-05,5855.0
1981-08-06,5783.0
1981-08-07,5592.0
1981-08-08,5530.0
1981-08-09,5682.0
1981-08-10,5295.0
1981-08-11,5141.0
1981-08-12,4984.0
1981-08-13,4743.0
1981-08-14,4607.0
1981-08-15,4446.0
1981-08-16,4373.0
1981-08-17,4373.0
1981-08-18,4333.0
1981-08-19,4196.0
1981-08-20,4106.0
1981-08-21,4016.0
1981-08-22,3933.0
1981-08-23,3917.0
1981-08-24,3910.0
1981-08-25,3840.0
1981-08-26,3755.0
1981-08-27,3670.0
1981-08-28,3585.0
1981-08-29,3503.0
1981-08-30,3426.0
1981-08-31,3369.0
1981-09-01,3586.0
1981-09-02,3245.0
1981-09-03,3223.0
1981-09-04,3202.0
1981-09-05,3180.0
1981-09-06,3101.0
1981-09-07,2969.0
1981-09-08,2957.0
1981-09-09,2957.0
1981-09-10,2957.0
1981-09-11,2957.0
1981-09-12,2983.0
1981-09-13,3343.0
1981-09-14,3074.0
1981-09-15,3059.0
1981-09-16,3059.0
1981-09-17,3059.0
1981-09-18,3136.0
1981-09-19,5066.0
1981-09-20,3756.0
1981-09-21,3226.0
1981-09-22,3283.0
1981-09-23,12580.0
1981-09-24,7097.0
1981-09-25,6219.0
1981-09-26,8050.0
1981-09-27,23012.0
1981-09-28,12948.0
1981-09-29,10161.0
1981-09-30,8937.0
1981-10-01,8144.0
1981-10-02,7928.0
1981-10-03,8147.0
1981-10-04,8379.0
1981-10-05,7575.0
1981-10-06,6967.0
1981-10-07,6487.0
1981-10-08,6098.0
1981-10-09,5827.0
1981-10-10,5558.0
1981-10-11,20229.0
1981-10-12,22044.0
1981-10-13,21192.0
1981-10-14,16891.0
1981-10-15,16305.0
1981-10-16,12920.0
1981-10-17,11392.0
1981-10-18,10212.0
1981-10-19,9498.0
1981-10-20,8604.0
1981-10-21,8386.0
1981-10-22,7764.0
1981-10-23,7065.0
1981-10-24,6558.0
1981-10-25,6234.0
1981-10-26,5935.0
1981-10-27,5611.0
1981-10-28,5231.0
1981-10-29,4996.0
1981-10-30,4881.0
1981-10-31,4842.0
1981-11-01,4842.0
1981-11-02,4662.0
1981-11-03,4580.0
1981-11-04,4421.0
1981-11-05,4248.0
1981-11-06,4103.0
1981-11-07,3958.0
1981-11-08,3814.0
1981-11-09,3767.0
1981-11-10,3785.0
1981-11-11,3769.0
1981-11-12,3752.0
1981-11-13,3736.0
1981-11-14,3719.0
1981-11-15,3703.0
1981-11-16,3757.0
1981-11-17,3747.0
1981-11-18,3699.0
1981-11-19,3651.0
1981-11-20,3603.0
1981-11-21,3555.0
1981-11-22,3509.0
1981-11-23,3465.0
1981-11-24,3409.0
1981-11-25,3350.0
1981-11-26,3291.0
1981-11-27,3233.0
1981-11-28,3174.0
1981-11-29,3115.0
1981-11-30,3061.0
1981-12-01,3029.0
1981-12-02,2999.0
1981-12-03,2970.0
1981-12-04,2941.0
1981-12-05,2911.0
1981-12-06,2882.0
1981-12-07,2853.0
1981-12-08,2824.0
1981-12-09,2795.0
1981-12-10,2765.0
1981-12-11,2736.0
1981-12-12,2707.0
1981-12-13,2678.0
1981-12-14,2647.0
1981-12-15,2607.0
1981-12-16,2566.0
1981-12-17,2504.0
1981-12-18,3489.0
1981-12-19,3418.0
1981-12-20,3077.0
1981-12-21,2957.0
1981-12-22,2868.0
1981-12-23,2783.0
1981-12-24,2710.0
1981-12-25,2643.0
1981-12-26,2576.0
1981-12-27,2509.0
1981-12-28,2439.0
1981-12-29,2357.0
1981-12-30,2303.0
1981-12-31,5277.0
1982-01-01,5080.0
1982-01-02,4255.0
1982-01-03,3650.0
1982-01-04,3437.0
1982-01-05,3209.0
1982-01-06,10058.0
1982-01-07,10236.0
1982-01-08,7250.0
1982-01-09,6052.0
1982-01-10,5421.0
1982-01-11,4961.0
1982-01-12,4562.0
1982-01-13,4169.0
1982-01-14,3793.0
1982-01-15,3643.0
1982-01-16,3581.0
1982-01-17,3513.0
1982-01-18,3455.0
1982-01-19,3361.0
1982-01-20,3246.0
1982-01-21,3069.0
1982-01-22,2884.0
1982-01-23,2698.0
1982-01-24,2491.0
1982-01-25,2431.0
1982-01-26,2376.0
1982-01-27,2302.0
1982-01-28,2150.0
1982-01-29,2145.0
1982-01-30,2100.0
1982-01-31,2055.0
1982-02-01,2021.0
1982-02-02,2016.0
1982-02-03,2003.0
1982-02-04,1988.0
1982-02-05,1972.0
1982-02-06,1957.0
1982-02-07,1915.0
1982-02-08,1811.0
1982-02-09,1797.0
1982-02-10,1797.0
1982-02-11,1797.0
1982-02-12,1797.0
1982-02-13,1801.0
1982-02-14,1943.0
1982-02-15,1894.0
1982-02-16,1871.0
1982-02-17,1871.0
1982-02-18,1871.0
1982-02-19,1871.0
1982-02-20,1871.0
1982-02-21,1871.0
1982-02-22,1958.0
1982-02-23,2006.0
1982-02-24,1994.0
1982-02-25,1981.0
1982-02-26,1968.0
1982-02-27,1956.0
1982-02-28,1946.0
1982-03-01,1945.0
1982-03-02,1941.0
1982-03-03,1918.0
1982-03-04,1892.0
1982-03-05,1866.0
1982-03-06,1840.0
1982-03-07,1815.0
1982-03-08,1817.0
1982-03-09,1863.0
1982-03-10,1858.0
1982-03-11,1845.0
1982-03-12,1832.0
1982-03-13,1819.0
1982-03-14,1806.0
1982-03-15,1797.0
1982-03-16,1799.0
1982-03-17,1811.0
1982-03-18,1824.0
1982-03-19,1836.0
1982-03-20,1849.0
1982-03-21,1862.0
1982-03-22,1821.0
1982-03-23,1797.0
1982-03-24,1797.0
1982-03-25,1797.0
1982-03-26,1797.0
1982-03-27,1797.0
1982-03-28,1797.0
1982-03-29,1816.0
1982-03-30,1863.0
1982-03-31,1856.0
1982-04-01,1842.0
1982-04-02,1828.0
1982-04-03,1814.0
1982-04-04,1806.0
1982-04-05,1969.0
1982-04-06,2062.0
1982-04-07,2272.0
1982-04-08,2742.0
1982-04-09,2859.0
1982-04-10,2950.0
1982-04-11,3047.0
1982-04-12,3209.0
1982-04-13,3349.0
1982-04-14,3447.0
1982-04-15,3404.0
1982-04-16,3314.0
1982-04-17,3305.0
1982-04-18,3974.0
1982-04-19,4803.0
1982-04-20,4878.0
1982-04-21,5021.0
1982-04-22,5121.0
1982-04-23,5405.0
1982-04-24,5546.0
1982-04-25,5249.0
1982-04-26,5001.0
1982-04-27,5037.0
1982-04-28,5011.0
1982-04-29,4959.0
1982-04-30,4790.0
1982-05-01,4478.0
1982-05-02,4373.0
1982-05-03,4531.0
1982-05-04,4718.0
1982-05-05,4873.0
1982-05-06,5024.0
1982-05-07,4944.0
1982-05-08,4778.0
1982-05-09,4660.0
1982-05-10,4494.0
1982-05-11,4410.0
1982-05-12,4644.0
1982-05-13,4996.0
1982-05-14,6095.0
1982-05-15,7297.0
1982-05-16,7859.0
1982-05-17,7487.0
1982-05-18,8360.0
1982-05-19,8050.0
1982-05-20,8619.0
1982-05-21,9950.0
1982-05-22,10900.0
1982-05-23,12452.0
1982-05-24,11623.0
1982-05-25,10465.0
1982-05-26,10884.0
1982-05-27,11426.0
1982-05-28,11300.0
1982-05-29,11511.0
1982-05-30,13048.0
1982-05-31,12176.0
1982-06-01,11706.0
1982-06-02,11710.0
1982-06-03,12023.0
1982-06-04,12315.0
1982-06-05,12024.0
1982-06-06,11819.0
1982-06-07,12810.0
1982-06-08,14109.0
1982-06-09,14622.0
1982-06-10,13655.0
1982-06-11,17830.0
1982-06-12,24137.0
1982-06-13,17781.0
1982-06-14,14334.0
1982-06-15,12629.0
1982-06-16,11590.0
1982-06-17,11874.0
1982-06-18,12074.0
1982-06-19,11150.0
1982-06-20,10202.0
1982-06-21,9846.0
1982-06-22,9495.0
1982-06-23,10373.0
1982-06-24,9561.0
1982-06-25,9170.0
1982-06-26,10903.0
1982-06-27,9861.0
1982-06-28,8075.0
1982-06-29,7515.0
1982-06-30,6963.0
1982-07-01,7020.0
1982-07-02,7071.0
1982-07-03,7048.0
1982-07-04,6979.0
1982-07-05,7163.0
1982-07-06,7220.0
1982-07-07,7271.0
1982-07-08,7010.0
1982-07-09,6640.0
1982-07-10,6456.0
1982-07-11,6217.0
1982-07-12,5830.0
1982-07-13,5686.0
1982-07-14,5397.0
1982-07-15,5327.0
1982-07-16,5131.0
1982-07-17,5008.0
1982-07-18,4802.0
1982-07-19,4571.0
1982-07-20,4463.0
1982-07-21,4290.0
1982-07-22,4497.0
1982-07-23,4193.0
1982-07-24,3985.0
1982-07-25,3928.0
1982-07-26,3882.0
1982-07-27,3913.0
1982-07-28,3775.0
1982-07-29,3800.0
1982-07-30,4615.0
1982-07-31,9690.0
1982-08-01,5617.0
1982-08-02,4830.0
1982-08-03,6026.0
1982-08-04,4924.0
1982-08-05,4556.0
1982-08-06,4406.0
1982-08-07,4200.0
1982-08-08,3932.0
1982-08-09,3760.0
1982-08-10,3704.0
1982-08-11,3689.0
1982-08-12,3597.0
1982-08-13,3469.0
1982-08-14,3463.0
1982-08-15,3417.0
1982-08-16,3327.0
1982-08-17,3264.0
1982-08-18,3202.0
1982-08-19,3101.0
1982-08-20,3204.0
1982-08-21,3279.0
1982-08-22,3166.0
1982-08-23,2986.0
1982-08-24,2821.0
1982-08-25,2724.0
1982-08-26,2606.0
1982-08-27,3528.0
1982-08-28,5057.0
1982-08-29,4135.0
1982-08-30,3565.0
1982-08-31,3469.0
1982-09-01,3469.0
1982-09-02,3360.0
1982-09-03,3264.0
1982-09-04,3237.0
1982-09-05,3274.0
1982-09-06,6045.0
1982-09-07,6504.0
1982-09-08,4873.0
1982-09-09,4445.0
1982-09-10,4138.0
1982-09-11,3978.0
1982-09-12,3817.0
1982-09-13,3648.0
1982-09-14,3477.0
1982-09-15,3395.0
1982-09-16,3325.0
1982-09-17,3255.0
1982-09-18,3184.0
1982-09-19,3114.0
1982-09-20,3019.0
1982-09-21,3009.0
1982-09-22,3043.0
1982-09-23,3101.0
1982-09-24,2993.0
1982-09-25,2917.0
1982-09-26,6896.0
1982-09-27,5083.0
1982-09-28,3949.0
1982-09-29,3687.0
1982-09-30,4193.0
1982-10-01,3741.0
1982-10-02,3479.0
1982-10-03,3360.0
1982-10-04,3211.0
1982-10-05,3482.0
1982-10-06,3681.0
1982-10-07,3588.0
1982-10-08,3661.0
1982-10-09,3787.0
1982-10-10,3732.0
1982-10-11,3757.0
1982-10-12,3987.0
1982-10-13,16563.0
1982-10-14,19603.0
1982-10-15,9534.0
1982-10-16,7405.0
1982-10-17,6769.0
1982-10-18,6789.0
1982-10-19,7194.0
1982-10-20,7110.0
1982-10-21,6862.0
1982-10-22,6573.0
1982-10-23,6346.0
1982-10-24,6050.0
1982-10-25,5601.0
1982-10-26,5231.0
1982-10-27,4962.0
1982-10-28,4808.0
1982-10-29,4653.0
1982-10-30,4488.0
1982-10-31,4323.0
1982-11-01,4187.0
1982-11-02,4033.0
1982-11-03,3924.0
1982-11-04,3826.0
1982-11-05,3727.0
1982-11-06,3629.0
1982-11-07,3576.0
1982-11-08,7714.0
1982-11-09,22374.0
1982-11-10,11009.0
1982-11-11,8315.0
1982-11-12,6852.0
1982-11-13,8336.0
1982-11-14,8016.0
1982-11-15,7461.0
1982-11-16,6922.0
1982-11-17,6374.0
1982-11-18,5851.0
1982-11-19,5450.0
1982-11-20,5098.0
1982-11-21,4762.0
1982-11-22,4577.0
1982-11-23,4458.0
1982-11-24,4414.0
1982-11-25,4218.0
1982-11-26,4249.0
1982-11-27,4532.0
1982-11-28,4219.0
1982-11-29,3945.0
1982-11-30,3705.0
1982-12-01,3585.0
1982-12-02,3493.0
1982-12-03,3406.0
1982-12-04,3319.0
1982-12-05,3232.0
1982-12-06,3276.0
1982-12-07,3306.0
1982-12-08,3960.0
1982-12-09,6436.0
1982-12-10,5716.0
1982-12-11,5498.0
1982-12-12,5121.0
1982-12-13,4834.0
1982-12-14,4438.0
1982-12-15,4106.0
1982-12-16,4091.0
1982-12-17,4571.0
1982-12-18,4935.0
1982-12-19,4425.0
1982-12-20,4662.0
1982-12-21,4843.0
1982-12-22,4609.0
1982-12-23,4375.0
1982-12-24,4146.0
1982-12-25,3917.0
1982-12-26,3689.0
1982-12-27,3519.0
1982-12-28,3362.0
1982-12-29,3214.0
1982-12-30,3169.0
1982-12-31,3161.0
1983-01-01,3124.0
1983-01-02,2987.0
1983-01-03,2787.0
1983-01-04,2734.0
1983-01-05,2717.0
1983-01-06,2700.0
1983-01-07,2683.0
1983-01-08,2666.0
1983-01-09,2568.0
1983-01-10,2374.0
1983-01-11,2295.0
1983-01-12,2251.0
1983-01-13,2215.0
1983-01-14,2183.0
1983-01-15,2151.0
1983-01-16,2119.0
1983-01-17,2047.0
1983-01-18,1997.0
1983-01-19,1975.0
1983-01-20,1953.0
1983-01-21,1932.0
1983-01-22,1910.0
1983-01-23,1889.0
1983-01-24,1870.0
1983-01-25,1859.0
1983-01-26,1848.0
1983-01-27,1838.0
1983-01-28,1827.0
1983-01-29,1816.0
1983-01-30,1806.0
1983-01-31,1762.0
1983-02-01,1723.0
1983-02-02,1723.0
1983-02-03,1723.0
1983-02-04,1723.0
1983-02-05,1723.0
1983-02-06,1723.0
1983-02-07,1719.0
1983-02-08,1699.0
1983-02-09,1678.0
1983-02-10,1657.0
1983-02-11,1636.0
1983-02-12,1616.0
1983-02-13,1598.0
1983-02-14,1584.0
1983-02-15,1575.0
1983-02-16,1566.0
1983-02-17,1557.0
1983-02-18,1548.0
1983-02-19,1539.0
1983-02-20,1530.0
1983-02-21,1523.0
1983-02-22,1523.0
1983-02-23,1523.0
1983-02-24,1523.0
1983-02-25,1523.0
1983-02-26,1546.0
1983-02-27,1583.0
1983-02-28,1583.0
1983-03-01,1583.0
1983-03-02,1583.0
1983-03-03,1583.0
1983-03-04,1583.0
1983-03-05,1583.0
1983-03-06,1583.0
1983-03-07,1571.0
1983-03-08,1528.0
1983-03-09,1523.0
1983-03-10,1523.0
1983-03-11,1525.0
1983-03-12,1563.0
1983-03-13,1614.0
1983-03-14,1709.0
1983-03-15,1768.0
1983-03-16,1814.0
1983-03-17,1832.0
1983-03-18,1850.0
1983-03-19,1903.0
1983-03-20,2072.0
1983-03-21,2164.0
1983-03-22,2191.0
1983-03-23,2211.0
1983-03-24,2235.0
1983-03-25,2326.0
1983-03-26,2294.0
1983-03-27,2260.0
1983-03-28,2180.0
1983-03-29,2154.0
1983-03-30,2143.0
1983-03-31,2133.0
1983-04-01,2122.0
1983-04-02,2112.0
1983-04-03,2101.0
1983-04-04,1973.0
1983-04-05,1871.0
1983-04-06,2136.0
1983-04-07,2714.0
1983-04-08,3339.0
1983-04-09,3973.0
1983-04-10,4680.0
1983-04-11,4892.0
1983-04-12,4680.0
1983-04-13,4139.0
1983-04-14,3856.0
1983-04-15,3619.0
1983-04-16,3546.0
1983-04-17,4028.0
1983-04-18,5508.0
1983-04-19,8076.0
1983-04-20,7554.0
1983-04-21,8501.0
1983-04-22,9738.0
1983-04-23,9175.0
1983-04-24,8187.0
1983-04-25,7397.0
1983-04-26,6981.0
1983-04-27,6962.0
1983-04-28,6668.0
1983-04-29,6337.0
1983-04-30,6092.0
1983-05-01,7217.0
1983-05-02,7105.0
1983-05-03,6604.0
1983-05-04,6287.0
1983-05-05,6108.0
1983-05-06,6476.0
1983-05-07,7629.0
1983-05-08,9384.0
1983-05-09,7890.0
1983-05-10,7259.0
1983-05-11,6771.0
1983-05-12,5989.0
1983-05-13,5749.0
1983-05-14,6381.0
1983-05-15,26057.0
1983-05-16,39747.0
1983-05-17,20803.0
1983-05-18,13585.0
1983-05-19,12403.0
1983-05-20,12161.0
1983-05-21,17856.0
1983-05-22,15471.0
1983-05-23,12712.0
1983-05-24,10894.0
1983-05-25,9944.0
1983-05-26,9170.0
1983-05-27,8589.0
1983-05-28,8426.0
1983-05-29,8545.0
1983-05-30,8395.0
1983-05-31,8507.0
1983-06-01,10165.0
1983-06-02,13836.0
1983-06-03,13834.0
1983-06-04,15016.0
1983-06-05,19691.0
1983-06-06,21067.0
1983-06-07,21796.0
1983-06-08,24036.0
1983-06-09,25386.0
1983-06-10,19854.0
1983-06-11,16795.0
1983-06-12,15806.0
1983-06-13,15245.0
1983-06-14,12875.0
1983-06-15,12529.0
1983-06-16,11654.0
1983-06-17,10584.0
1983-06-18,9770.0
1983-06-19,8597.0
1983-06-20,7854.0
1983-06-21,7675.0
1983-06-22,7313.0
1983-06-23,7431.0
1983-06-24,8450.0
1983-06-25,8268.0
1983-06-26,8256.0
1983-06-27,9907.0
1983-06-28,9432.0
1983-06-29,8636.0
1983-06-30,8702.0
1983-07-01,8591.0
1983-07-02,8190.0
1983-07-03,8438.0
1983-07-04,8631.0
1983-07-05,8431.0
1983-07-06,8633.0
1983-07-07,8439.0
1983-07-08,8134.0
1983-07-09,8171.0
1983-07-10,8285.0
1983-07-11,8133.0
1983-07-12,8057.0
1983-07-13,7906.0
1983-07-14,7803.0
1983-07-15,7348.0
1983-07-16,7170.0
1983-07-17,7065.0
1983-07-18,7114.0
1983-07-19,6970.0
1983-07-20,6675.0
1983-07-21,6637.0
1983-07-22,6712.0
1983-07-23,6524.0
1983-07-24,6518.0
1983-07-25,5896.0
1983-07-26,5591.0
1983-07-27,5430.0
1983-07-28,5296.0
1983-07-29,5118.0
1983-07-30,4958.0
1983-07-31,5008.0
1983-08-01,4912.0
1983-08-02,4920.0
1983-08-03,4245.0
1983-08-04,3795.0
1983-08-05,3580.0
1983-08-06,3499.0
1983-08-07,3488.0
1983-08-08,3243.0
1983-08-09,3127.0
1983-08-10,3097.0
1983-08-11,3571.0
1983-08-12,3798.0
1983-08-13,3550.0
1983-08-14,3276.0
1983-08-15,3228.0
1983-08-16,3205.0
1983-08-17,3160.0
1983-08-18,3196.0
1983-08-19,4277.0
1983-08-20,3710.0
1983-08-21,3365.0
1983-08-22,3191.0
1983-08-23,3144.0
1983-08-24,3150.0
1983-08-25,3185.0
1983-08-26,3253.0
1983-08-27,3102.0
1983-08-28,3161.0
1983-08-29,3167.0
1983-08-30,3353.0
1983-08-31,3532.0
1983-09-01,3322.0
1983-09-02,3230.0
1983-09-03,3174.0
1983-09-04,3115.0
1983-09-05,3038.0
1983-09-06,2822.0
1983-09-07,2700.0
1983-09-08,2583.0
1983-09-09,2478.0
1983-09-10,2841.0
1983-09-11,3029.0
1983-09-12,2407.0
1983-09-13,2353.0
1983-09-14,2317.0
1983-09-15,2275.0
1983-09-16,3192.0
1983-09-17,3302.0
1983-09-18,2819.0
1983-09-19,2619.0
1983-09-20,2427.0
1983-09-21,2262.0
1983-09-22,2178.0
1983-09-23,2199.0
1983-09-24,2166.0
1983-09-25,2118.0
1983-09-26,2111.0
1983-09-27,2047.0
1983-09-28,2029.0
1983-09-29,2000.0
1983-09-30,1952.0
1983-10-01,1896.0
1983-10-02,1840.0
1983-10-03,1790.0
1983-10-04,1756.0
1983-10-05,1691.0
1983-10-06,1631.0
1983-10-07,1551.0
1983-10-08,1523.0
1983-10-09,1523.0
1983-10-10,1523.0
1983-10-11,1523.0
1983-10-12,1519.0
1983-10-13,1488.0
1983-10-14,1612.0
1983-10-15,2742.0
1983-10-16,3119.0
1983-10-17,3948.0
1983-10-18,2790.0
1983-10-19,2451.0
1983-10-20,2236.0
1983-10-21,2157.0
1983-10-22,2079.0
1983-10-23,2002.0
1983-10-24,1931.0
1983-10-25,1876.0
1983-10-26,1821.0
1983-10-27,1766.0
1983-10-28,1711.0
1983-10-29,1667.0
1983-10-30,1700.0
1983-10-31,1580.0
1983-11-01,1493.0
1983-11-02,1459.0
1983-11-03,1425.0
1983-11-04,1396.0
1983-11-05,1377.0
1983-11-06,1358.0
1983-11-07,1338.0
1983-11-08,1316.0
1983-11-09,1293.0
1983-11-10,1270.0
1983-11-11,1453.0
1983-11-12,2092.0
1983-11-13,2092.0
1983-11-14,2092.0
1983-11-15,1696.0
1983-11-16,1254.0
1983-11-17,1207.0
1983-11-18,1175.0
1983-11-19,1148.0
1983-11-20,1121.0
1983-11-21,1101.0
1983-11-22,1099.0
1983-11-23,1090.0
1983-11-24,1078.0
1983-11-25,1067.0
1983-11-26,2191.0
1983-11-27,11102.0
1983-11-28,4862.0
1983-11-29,3746.0
1983-11-30,3054.0
1983-12-01,2525.0
1983-12-02,2233.0
1983-12-03,2105.0
1983-12-04,1978.0
1983-12-05,1882.0
1983-12-06,1824.0
1983-12-07,1798.0
1983-12-08,1795.0
1983-12-09,1778.0
1983-12-10,1759.0
1983-12-11,1739.0
1983-12-12,1668.0
1983-12-13,1583.0
1983-12-14,1549.0
1983-12-15,1523.0
1983-12-16,1440.0
1983-12-17,1430.0
1983-12-18,1451.0
1983-12-19,2091.0
1983-12-20,1891.0
1983-12-21,2431.0
1983-12-22,2180.0
1983-12-23,2969.0
1983-12-24,3738.0
1983-12-25,3053.0
1983-12-26,2875.0
1983-12-27,2844.0
1983-12-28,2552.0
1983-12-29,2578.0
1983-12-30,2445.0
1983-12-31,2445.0
1984-01-01,2426.0
1984-01-02,2278.0
1984-01-03,2356.0
1984-01-04,2222.0
1984-01-05,2105.0
1984-01-06,2055.0
1984-01-07,1967.0
1984-01-08,1901.0
1984-01-09,1761.0
1984-01-10,1723.0
1984-01-11,1720.0
1984-01-12,1682.0
1984-01-13,1636.0
1984-01-14,1599.0
1984-01-15,1627.0
1984-01-16,1580.0
1984-01-17,1533.0
1984-01-18,1500.0
1984-01-19,1472.0
1984-01-20,1473.0
1984-01-21,1491.0
1984-01-22,1509.0
1984-01-23,1567.0
1984-01-24,1571.0
1984-01-25,1516.0
1984-01-26,1488.0
1984-01-27,1505.0
1984-01-28,1465.0
1984-01-29,1462.0
1984-01-30,1448.0
1984-01-31,1369.0
1984-02-01,1288.0
1984-02-02,1353.0
1984-02-03,1397.0
1984-02-04,1340.0
1984-02-05,1313.0
1984-02-06,1321.0
1984-02-07,1431.0
1984-02-08,1642.0
1984-02-09,1590.0
1984-02-10,1494.0
1984-02-11,1411.0
1984-02-12,1401.0
1984-02-13,1401.0
1984-02-14,1379.0
1984-02-15,1346.0
1984-02-16,1317.0
1984-02-17,1294.0
1984-02-18,1292.0
1984-02-19,1292.0
1984-02-20,1271.0
1984-02-21,1196.0
1984-02-22,1196.0
1984-02-23,1196.0
1984-02-24,1196.0
1984-02-25,1196.0
1984-02-26,1196.0
1984-02-27,1161.0
1984-02-28,1140.0
1984-02-29,1132.0
1984-03-01,1125.0
1984-03-02,1117.0
1984-03-03,1110.0
1984-03-04,1084.0
1984-03-05,1078.0
1984-03-06,1100.0
1984-03-07,1100.0
1984-03-08,1100.0
1984-03-09,1100.0
1984-03-10,1100.0
1984-03-11,1134.0
1984-03-12,1123.0
1984-03-13,1112.0
1984-03-14,1100.0
1984-03-15,1108.0
1984-03-16,1128.0
1984-03-17,1152.0
1984-03-18,1176.0
1984-03-19,1195.0
1984-03-20,1196.0
1984-03-21,1203.0
1984-03-22,1235.0
1984-03-23,1286.0
1984-03-24,1354.0
1984-03-25,1502.0
1984-03-26,1581.0
1984-03-27,1583.0
1984-03-28,1653.0
1984-03-29,1971.0
1984-03-30,2087.0
1984-03-31,2076.0
1984-04-01,2050.0
1984-04-02,2231.0
1984-04-03,2170.0
1984-04-04,2021.0
1984-04-05,1959.0
1984-04-06,1907.0
1984-04-07,1850.0
1984-04-08,1781.0
1984-04-09,1712.0
1984-04-10,1733.0
1984-04-11,1690.0
1984-04-12,1657.0
1984-04-13,1747.0
1984-04-14,1826.0
1984-04-15,2558.0
1984-04-16,3445.0
1984-04-17,3505.0
1984-04-18,3408.0
1984-04-19,3527.0
1984-04-20,3889.0
1984-04-21,4443.0
1984-04-22,5406.0
1984-04-23,6516.0
1984-04-24,7626.0
1984-04-25,7831.0
1984-04-26,7265.0
1984-04-27,6748.0
1984-04-28,6974.0
1984-04-29,6922.0
1984-04-30,6480.0
1984-05-01,6052.0
1984-05-02,5844.0
1984-05-03,7939.0
1984-05-04,8187.0
1984-05-05,7585.0
1984-05-06,8080.0
1984-05-07,8069.0
1984-05-08,8404.0
1984-05-09,8541.0
1984-05-10,8355.0
1984-05-11,8068.0
1984-05-12,7171.0
1984-05-13,6406.0
1984-05-14,5996.0
1984-05-15,5672.0
1984-05-16,5524.0
1984-05-17,5375.0
1984-05-18,5443.0
1984-05-19,7194.0
1984-05-20,6947.0
1984-05-21,6512.0
1984-05-22,6186.0
1984-05-23,5859.0
1984-05-24,5529.0
1984-05-25,5419.0
1984-05-26,5880.0
1984-05-27,7259.0
1984-05-28,6858.0
1984-05-29,6395.0
1984-05-30,5859.0
1984-05-31,5771.0
1984-06-01,6159.0
1984-06-02,7194.0
1984-06-03,13880.0
1984-06-04,14469.0
1984-06-05,11407.0
1984-06-06,9906.0
1984-06-07,9156.0
1984-06-08,8590.0
1984-06-09,8526.0
1984-06-10,9301.0
1984-06-11,10223.0
1984-06-12,10948.0
1984-06-13,11903.0
1984-06-14,13566.0
1984-06-15,15778.0
1984-06-16,16220.0
1984-06-17,15778.0
1984-06-18,15722.0
1984-06-19,17703.0
1984-06-20,19004.0
1984-06-21,20872.0
1984-06-22,19258.0
1984-06-23,17753.0
1984-06-24,16819.0
1984-06-25,14668.0
1984-06-26,14113.0
1984-06-27,14810.0
1984-06-28,15220.0
1984-06-29,13158.0
1984-06-30,12623.0
1984-07-01,11795.0
1984-07-02,11271.0
1984-07-03,10610.0
1984-07-04,10195.0
1984-07-05,9975.0
1984-07-06,9984.0
1984-07-07,10188.0
1984-07-08,10381.0
1984-07-09,10578.0
1984-07-10,10760.0
1984-07-11,11333.0
1984-07-12,11885.0
1984-07-13,10992.0
1984-07-14,10124.0
1984-07-15,9360.0
1984-07-16,8671.0
1984-07-17,8078.0
1984-07-18,7504.0
1984-07-19,7225.0
1984-07-20,6919.0
1984-07-21,6659.0
1984-07-22,6607.0
1984-07-23,6490.0
1984-07-24,6437.0
1984-07-25,6356.0
1984-07-26,5851.0
1984-07-27,5333.0
1984-07-28,5098.0
1984-07-29,4917.0
1984-07-30,5138.0
1984-07-31,5150.0
1984-08-01,5152.0
1984-08-02,4868.0
1984-08-03,4739.0
1984-08-04,4388.0
1984-08-05,4278.0
1984-08-06,4082.0
1984-08-07,3915.0
1984-08-08,3654.0
1984-08-09,3758.0
1984-08-10,3587.0
1984-08-11,3603.0
1984-08-12,3427.0
1984-08-13,3317.0
1984-08-14,2950.0
1984-08-15,2972.0
1984-08-16,2949.0
1984-08-17,2804.0
1984-08-18,2544.0
1984-08-19,2445.0
1984-08-20,2370.0
1984-08-21,2334.0
1984-08-22,2295.0
1984-08-23,2314.0
1984-08-24,3720.0
1984-08-25,2927.0
1984-08-26,2648.0
1984-08-27,2939.0
1984-08-28,3452.0
1984-08-29,2914.0
1984-08-30,2708.0
1984-08-31,2507.0
1984-09-01,2438.0
1984-09-02,2375.0
1984-09-03,2368.0
1984-09-04,2306.0
1984-09-05,4483.0
1984-09-06,3574.0
1984-09-07,2955.0
1984-09-08,2663.0
1984-09-09,2443.0
1984-09-10,2342.0
1984-09-11,2287.0
1984-09-12,2168.0
1984-09-13,2045.0
1984-09-14,1984.0
1984-09-15,3053.0
1984-09-16,2721.0
1984-09-17,2562.0
1984-09-18,3035.0
1984-09-19,3670.0
1984-09-20,3394.0
1984-09-21,3197.0
1984-09-22,3116.0
1984-09-23,6605.0
1984-09-24,6838.0
1984-09-25,5327.0
1984-09-26,4648.0
1984-09-27,4830.0
1984-09-28,4555.0
1984-09-29,4316.0
1984-09-30,4197.0
1984-10-01,4599.0
1984-10-02,5685.0
1984-10-03,5947.0
1984-10-04,7617.0
1984-10-05,10026.0
1984-10-06,8295.0
1984-10-07,7361.0
1984-10-08,6647.0
1984-10-09,6057.0
1984-10-10,5541.0
1984-10-11,5255.0
1984-10-12,5045.0
1984-10-13,4833.0
1984-10-14,4641.0
1984-10-15,4501.0
1984-10-16,4263.0
1984-10-17,4068.0
1984-10-18,3900.0
1984-10-19,3766.0
1984-10-20,3723.0
1984-10-21,3562.0
1984-10-22,3417.0
1984-10-23,3213.0
1984-10-24,3097.0
1984-10-25,3015.0
1984-10-26,3205.0
1984-10-27,2981.0
1984-10-28,2835.0
1984-10-29,2754.0
1984-10-30,2752.0
1984-10-31,2574.0
1984-11-01,2475.0
1984-11-02,2361.0
1984-11-03,2298.0
1984-11-04,2257.0
1984-11-05,2081.0
1984-11-06,2086.0
1984-11-07,2044.0
1984-11-08,1985.0
1984-11-09,1888.0
1984-11-10,1871.0
1984-11-11,1871.0
1984-11-12,1818.0
1984-11-13,1778.0
1984-11-14,1694.0
1984-11-15,1762.0
1984-11-16,1817.0
1984-11-17,1819.0
1984-11-18,1751.0
1984-11-19,1642.0
1984-11-20,1576.0
1984-11-21,1559.0
1984-11-22,1541.0
1984-11-23,1541.0
1984-11-24,1641.0
1984-11-25,1668.0
1984-11-26,1696.0
1984-11-27,1775.0
1984-11-28,1745.0
1984-11-29,1620.0
1984-11-30,1583.0
1984-12-01,1632.0
1984-12-02,1796.0
1984-12-03,1714.0
1984-12-04,1679.0
1984-12-05,1642.0
1984-12-06,1608.0
1984-12-07,1540.0
1984-12-08,1499.0
1984-12-09,1478.0
1984-12-10,1449.0
1984-12-11,1368.0
1984-12-12,1316.0
1984-12-13,1311.0
1984-12-14,1323.0
1984-12-15,1296.0
1984-12-16,1292.0
1984-12-17,1292.0
1984-12-18,1273.0
1984-12-19,1272.0
1984-12-20,1246.0
1984-12-21,1221.0
1984-12-22,1199.0
1984-12-23,1196.0
1984-12-24,1195.0
1984-12-25,1186.0
1984-12-26,1177.0
1984-12-27,1167.0
1984-12-28,1157.0
1984-12-29,1125.0
1984-12-30,1100.0
1984-12-31,1100.0
1985-01-01,1086.0
1985-01-02,1063.0
1985-01-03,1060.0
1985-01-04,1060.0
1985-01-05,1031.0
1985-01-06,1020.0
1985-01-07,1020.0
1985-01-08,1020.0
1985-01-09,1020.0
1985-01-10,1020.0
1985-01-11,1020.0
1985-01-12,1020.0
1985-01-13,1020.0
1985-01-14,1017.0
1985-01-15,1005.0
1985-01-16,992.0
1985-01-17,980.0
1985-01-18,967.0
1985-01-19,955.0
1985-01-20,943.0
1985-01-21,941.0
1985-01-22,992.0
1985-01-23,1252.0
1985-01-24,1156.0
1985-01-25,1103.0
1985-01-26,1086.0
1985-01-27,1139.0
1985-01-28,1103.0
1985-01-29,1093.0
1985-01-30,1080.0
1985-01-31,1068.0
1985-02-01,1055.0
1985-02-02,1042.0
1985-02-03,1030.0
1985-02-04,1020.0
1985-02-05,1020.0
1985-02-06,1020.0
1985-02-07,1020.0
1985-02-08,1020.0
1985-02-09,1052.0
1985-02-10,1095.0
1985-02-11,1100.0
1985-02-12,1100.0
1985-02-13,1127.0
1985-02-14,1162.0
1985-02-15,1502.0
1985-02-16,1583.0
1985-02-17,1583.0
1985-02-18,1583.0
1985-02-19,1563.0
1985-02-20,1526.0
1985-02-21,1437.0
1985-02-22,1401.0
1985-02-23,1348.0
1985-02-24,1340.0
1985-02-25,1340.0
1985-02-26,1340.0
1985-02-27,1340.0
1985-02-28,1340.0
1985-03-01,1347.0
1985-03-02,1411.0
1985-03-03,1429.0
1985-03-04,1447.0
1985-03-05,1597.0
1985-03-06,1459.0
1985-03-07,1440.0
1985-03-08,1419.0
1985-03-09,1399.0
1985-03-10,1385.0
1985-03-11,1372.0
1985-03-12,1358.0
1985-03-13,1344.0
1985-03-14,1333.0
1985-03-15,1322.0
1985-03-16,1311.0
1985-03-17,1300.0
1985-03-18,1286.0
1985-03-19,1264.0
1985-03-20,1220.0
1985-03-21,1196.0
1985-03-22,1196.0
1985-03-23,1196.0
1985-03-24,1196.0
1985-03-25,1251.0
1985-03-26,1653.0
1985-03-27,1786.0
1985-03-28,1937.0
1985-03-29,1945.0
1985-03-30,1945.0
1985-03-31,2035.0
1985-04-01,2119.0
1985-04-02,2568.0
1985-04-03,3264.0
1985-04-04,3076.0
1985-04-05,2353.0
1985-04-06,1741.0
1985-04-07,1663.0
1985-04-08,2506.0
1985-04-09,4037.0
1985-04-10,4094.0
1985-04-11,3717.0
1985-04-12,3633.0
1985-04-13,3506.0
1985-04-14,3514.0
1985-04-15,4545.0
1985-04-16,4522.0
1985-04-17,4554.0
1985-04-18,4707.0
1985-04-19,4759.0
1985-04-20,5071.0
1985-04-21,5351.0
1985-04-22,5262.0
1985-04-23,5296.0
1985-04-24,5484.0
1985-04-25,5925.0
1985-04-26,5487.0
1985-04-27,5475.0
1985-04-28,5308.0
1985-04-29,4745.0
1985-04-30,4467.0
1985-05-01,4523.0
1985-05-02,4877.0
1985-05-03,5145.0
1985-05-04,5003.0
1985-05-05,4610.0
1985-05-06,4684.0
1985-05-07,4691.0
1985-05-08,5118.0
1985-05-09,5075.0
1985-05-10,5191.0
1985-05-11,5060.0
1985-05-12,5604.0
1985-05-13,5912.0
1985-05-14,6065.0
1985-05-15,5985.0
1985-05-16,6082.0
1985-05-17,6040.0
1985-05-18,6020.0
1985-05-19,6205.0
1985-05-20,6719.0
1985-05-21,6744.0
1985-05-22,6610.0
1985-05-23,6767.0
1985-05-24,6866.0
1985-05-25,7542.0
1985-05-26,9178.0
1985-05-27,9977.0
1985-05-28,11045.0
1985-05-29,9839.0
1985-05-30,9889.0
1985-05-31,10682.0
1985-06-01,11573.0
1985-06-02,12270.0
1985-06-03,12281.0
1985-06-04,12915.0
1985-06-05,15892.0
1985-06-06,15434.0
1985-06-07,16011.0
1985-06-08,14038.0
1985-06-09,11351.0
1985-06-10,10145.0
1985-06-11,9232.0
1985-06-12,8965.0
1985-06-13,8709.0
1985-06-14,10072.0
1985-06-15,12303.0
1985-06-16,10618.0
1985-06-17,9335.0
1985-06-18,8935.0
1985-06-19,12692.0
1985-06-20,15389.0
1985-06-21,11714.0
1985-06-22,16396.0
1985-06-23,13029.0
1985-06-24,11338.0
1985-06-25,10700.0
1985-06-26,10783.0
1985-06-27,10936.0
1985-06-28,10676.0
1985-06-29,9888.0
1985-06-30,9637.0
1985-07-01,9827.0
1985-07-02,9966.0
1985-07-03,9736.0
1985-07-04,10567.0
1985-07-05,10387.0
1985-07-06,9536.0
1985-07-07,9324.0
1985-07-08,8920.0
1985-07-09,8377.0
1985-07-10,7845.0
1985-07-11,7512.0
1985-07-12,7054.0
1985-07-13,6867.0
1985-07-14,6469.0
1985-07-15,6275.0
1985-07-16,6423.0
1985-07-17,6244.0
1985-07-18,5776.0
1985-07-19,5621.0
1985-07-20,6467.0
1985-07-21,6127.0
1985-07-22,5897.0
1985-07-23,5742.0
1985-07-24,5579.0
1985-07-25,5457.0
1985-07-26,5383.0
1985-07-27,5388.0
1985-07-28,5305.0
1985-07-29,5297.0
1985-07-30,5206.0
1985-07-31,5103.0
1985-08-01,4999.0
1985-08-02,4895.0
1985-08-03,4792.0
1985-08-04,4688.0
1985-08-05,4533.0
1985-08-06,9434.0
1985-08-07,6061.0
1985-08-08,5198.0
1985-08-09,4732.0
1985-08-10,4555.0
1985-08-11,4372.0
1985-08-12,4335.0
1985-08-13,4331.0
1985-08-14,4111.0
1985-08-15,3783.0
1985-08-16,3752.0
1985-08-17,3635.0
1985-08-18,3520.0
1985-08-19,3465.0
1985-08-20,3425.0
1985-08-21,3378.0
1985-08-22,3339.0
1985-08-23,3304.0
1985-08-24,3243.0
1985-08-25,5632.0
1985-08-26,6876.0
1985-08-27,5207.0
1985-08-28,4113.0
1985-08-29,3631.0
1985-08-30,3500.0
1985-08-31,3415.0
1985-09-01,3330.0
1985-09-02,3060.0
1985-09-03,2888.0
1985-09-04,2824.0
1985-09-05,2739.0
1985-09-06,2604.0
1985-09-07,2455.0
1985-09-08,2335.0
1985-09-09,2245.0
1985-09-10,2235.0
1985-09-11,2185.0
1985-09-12,2124.0
1985-09-13,2070.0
1985-09-14,2025.0
1985-09-15,1980.0
1985-09-16,1938.0
1985-09-17,1905.0
1985-09-18,1875.0
1985-09-19,1847.0
1985-09-20,1816.0
1985-09-21,1785.0
1985-09-22,1753.0
1985-09-23,1721.0
1985-09-24,1687.0
1985-09-25,1630.0
1985-09-26,1583.0
1985-09-27,1558.0
1985-09-28,1523.0
1985-09-29,1523.0
1985-09-30,1523.0
1985-10-01,1495.0
1985-10-02,1453.0
1985-10-03,1442.0
1985-10-04,1431.0
1985-10-05,1420.0
1985-10-06,1410.0
1985-10-07,1355.0
1985-10-08,1316.0
1985-10-09,1295.0
1985-10-10,1275.0
1985-10-11,1254.0
1985-10-12,1233.0
1985-10-13,1212.0
1985-10-14,1197.0
1985-10-15,1196.0
1985-10-16,1196.0
1985-10-17,1186.0
1985-10-18,1164.0
1985-10-19,1141.0
1985-10-20,1118.0
1985-10-21,1099.0
1985-10-22,1085.0
1985-10-23,1071.0
1985-10-24,1031.0
1985-10-25,1020.0
1985-10-26,1020.0
1985-10-27,1020.0
1985-10-28,1020.0
1985-10-29,1039.0
1985-10-30,1027.0
1985-10-31,1020.0
1985-11-01,1020.0
1985-11-02,1020.0
1985-11-03,1020.0
1985-11-04,996.0
1985-11-05,1008.0
1985-11-06,1390.0
1985-11-07,1075.0
1985-11-08,1060.0
1985-11-09,1029.0
1985-11-10,1006.0
1985-11-11,992.0
1985-11-12,1003.0
1985-11-13,1005.0
1985-11-14,991.0
1985-11-15,977.0
1985-11-16,962.0
1985-11-17,948.0
1985-11-18,942.0
1985-11-19,948.0
1985-11-20,954.0
1985-11-21,959.0
1985-11-22,965.0
1985-11-23,971.0
1985-11-24,976.0
1985-11-25,949.0
1985-11-26,940.0
1985-11-27,940.0
1985-11-28,940.0
1985-11-29,940.0
1985-11-30,940.0
1985-12-01,940.0
1985-12-02,940.0
1985-12-03,916.0
1985-12-04,897.0
1985-12-05,893.0
1985-12-06,890.0
1985-12-07,887.0
1985-12-08,884.0
1985-12-09,881.0
1985-12-10,877.0
1985-12-11,874.0
1985-12-12,987.0
1985-12-13,940.0
1985-12-14,940.0
1985-12-15,940.0
1985-12-16,937.0
1985-12-17,932.0
1985-12-18,926.0
1985-12-19,921.0
1985-12-20,915.0
1985-12-21,910.0
1985-12-22,904.0
1985-12-23,900.0
1985-12-24,900.0
1985-12-25,900.0
1985-12-26,900.0
1985-12-27,900.0
1985-12-28,900.0
1985-12-29,958.0
1985-12-30,1017.0
1985-12-31,1074.0
1986-01-01,1086.0
1986-01-02,1063.0
1986-01-03,1060.0
1986-01-04,1060.0
1986-01-05,1027.0
1986-01-06,997.0
1986-01-07,976.0
1986-01-08,956.0
1986-01-09,936.0
1986-01-10,915.0
1986-01-11,897.0
1986-01-12,882.0
1986-01-13,874.0
1986-01-14,878.0
1986-01-15,883.0
1986-01-16,887.0
1986-01-17,892.0
1986-01-18,897.0
1986-01-19,900.0
1986-01-20,900.0
1986-01-21,900.0
1986-01-22,900.0
1986-01-23,958.0
1986-01-24,1305.0
1986-01-25,1207.0
1986-01-26,1149.0
1986-01-27,1107.0
1986-01-28,1082.0
1986-01-29,1062.0
1986-01-30,1042.0
1986-01-31,1024.0
1986-02-01,1020.0
1986-02-02,1019.0
1986-02-03,986.0
1986-02-04,980.0
1986-02-05,980.0
1986-02-06,980.0
1986-02-07,980.0
1986-02-08,980.0
1986-02-09,980.0
1986-02-10,980.0
1986-02-11,980.0
1986-02-12,980.0
1986-02-13,980.0
1986-02-14,980.0
1986-02-15,980.0
1986-02-16,980.0
1986-02-17,983.0
1986-02-18,1002.0
1986-02-19,1022.0
1986-02-20,1032.0
1986-02-21,1042.0
1986-02-22,1052.0
1986-02-23,1115.0
1986-02-24,1151.0
1986-02-25,1163.0
1986-02-26,1174.0
1986-02-27,1186.0
1986-02-28,1195.0
1986-03-01,1196.0
1986-03-02,1196.0
1986-03-03,1193.0
1986-03-04,1180.0
1986-03-05,1167.0
1986-03-06,1155.0
1986-03-07,1156.0
1986-03-08,1173.0
1986-03-09,1190.0
1986-03-10,1196.0
1986-03-11,1196.0
1986-03-12,1197.0
1986-03-13,1213.0
1986-03-14,1235.0
1986-03-15,1257.0
1986-03-16,1279.0
1986-03-17,1307.0
1986-03-18,1346.0
1986-03-19,1392.0
1986-03-20,1432.0
1986-03-21,1460.0
1986-03-22,1462.0
1986-03-23,1462.0
1986-03-24,1453.0
1986-03-25,1800.0
1986-03-26,1836.0
1986-03-27,1739.0
1986-03-28,1781.0
1986-03-29,2018.0
1986-03-30,2019.0
1986-03-31,2025.0
1986-04-01,2183.0
1986-04-02,2244.0
1986-04-03,3063.0
1986-04-04,3558.0
1986-04-05,3197.0
1986-04-06,3102.0
1986-04-07,4604.0
1986-04-08,5193.0
1986-04-09,5296.0
1986-04-10,4929.0
1986-04-11,4406.0
1986-04-12,3894.0
1986-04-13,3510.0
1986-04-14,4196.0
1986-04-15,4090.0
1986-04-16,3936.0
1986-04-17,4124.0
1986-04-18,4203.0
1986-04-19,3996.0
1986-04-20,3769.0
1986-04-21,3845.0
1986-04-22,5123.0
1986-04-23,7093.0
1986-04-24,7263.0
1986-04-25,6540.0
1986-04-26,9162.0
1986-04-27,7755.0
1986-04-28,6408.0
1986-04-29,5526.0
1986-04-30,5295.0
1986-05-01,5834.0
1986-05-02,6990.0
1986-05-03,7737.0
1986-05-04,8582.0
1986-05-05,8817.0
1986-05-06,9214.0
1986-05-07,9469.0
1986-05-08,10142.0
1986-05-09,9373.0
1986-05-10,9681.0
1986-05-11,10920.0
1986-05-12,11954.0
1986-05-13,14322.0
1986-05-14,14343.0
1986-05-15,13159.0
1986-05-16,14428.0
1986-05-17,19380.0
1986-05-18,23184.0
1986-05-19,25647.0
1986-05-20,26204.0
1986-05-21,29546.0
1986-05-22,28457.0
1986-05-23,25979.0
1986-05-24,24450.0
1986-05-25,23431.0
1986-05-26,23204.0
1986-05-27,25364.0
1986-05-28,25941.0
1986-05-29,20544.0
1986-05-30,16332.0
1986-05-31,13945.0
1986-06-01,12195.0
1986-06-02,11547.0
1986-06-03,11318.0
1986-06-04,11889.0
1986-06-05,10554.0
1986-06-06,9231.0
1986-06-07,8318.0
1986-06-08,8158.0
1986-06-09,8663.0
1986-06-10,9515.0
1986-06-11,9779.0
1986-06-12,9216.0
1986-06-13,8772.0
1986-06-14,9490.0
1986-06-15,10006.0
1986-06-16,10123.0
1986-06-17,10439.0
1986-06-18,10915.0
1986-06-19,11210.0
1986-06-20,11721.0
1986-06-21,12718.0
1986-06-22,13886.0
1986-06-23,14195.0
1986-06-24,13857.0
1986-06-25,12638.0
1986-06-26,12683.0
1986-06-27,13154.0
1986-06-28,12925.0
1986-06-29,12758.0
1986-06-30,12100.0
1986-07-01,11453.0
1986-07-02,10571.0
1986-07-03,10016.0
1986-07-04,9563.0
1986-07-05,8999.0
1986-07-06,10855.0
1986-07-07,10328.0
1986-07-08,9133.0
1986-07-09,8252.0
1986-07-10,7667.0
1986-07-11,7284.0
1986-07-12,6814.0
1986-07-13,6329.0
1986-07-14,5781.0
1986-07-15,5439.0
1986-07-16,5161.0
1986-07-17,5201.0
1986-07-18,5222.0
1986-07-19,5089.0
1986-07-20,4726.0
1986-07-21,4699.0
1986-07-22,4480.0
1986-07-23,4232.0
1986-07-24,4308.0
1986-07-25,3976.0
1986-07-26,3832.0
1986-07-27,3782.0
1986-07-28,3736.0
1986-07-29,3663.0
1986-07-30,3634.0
1986-07-31,3540.0
1986-08-01,3466.0
1986-08-02,3418.0
1986-08-03,3417.0
1986-08-04,3790.0
1986-08-05,3915.0
1986-08-06,3614.0
1986-08-07,3529.0
1986-08-08,3275.0
1986-08-09,3192.0
1986-08-10,3235.0
1986-08-11,3069.0
1986-08-12,4188.0
1986-08-13,3443.0
1986-08-14,3037.0
1986-08-15,2703.0
1986-08-16,2604.0
1986-08-17,2561.0
1986-08-18,2906.0
1986-08-19,2939.0
1986-08-20,2807.0
1986-08-21,2744.0
1986-08-22,2606.0
1986-08-23,2729.0
1986-08-24,2659.0
1986-08-25,2507.0
1986-08-26,2295.0
1986-08-27,2392.0
1986-08-28,2301.0
1986-08-29,2293.0
1986-08-30,2095.0
1986-08-31,2107.0
1986-09-01,1945.0
1986-09-02,1843.0
1986-09-03,1805.0
1986-09-04,1767.0
1986-09-05,1729.0
1986-09-06,1691.0
1986-09-07,1663.0
1986-09-08,1635.0
1986-09-09,1619.0
1986-09-10,1644.0
1986-09-11,1596.0
1986-09-12,1557.0
1986-09-13,1522.0
1986-09-14,1487.0
1986-09-15,1463.0
1986-09-16,1461.0
1986-09-17,1962.0
1986-09-18,5372.0
1986-09-19,3575.0
1986-09-20,2842.0
1986-09-21,2599.0
1986-09-22,2268.0
1986-09-23,2157.0
1986-09-24,3744.0
1986-09-25,4260.0
1986-09-26,2868.0
1986-09-27,2484.0
1986-09-28,2093.0
1986-09-29,2056.0
1986-09-30,1915.0
1986-10-01,1797.0
1986-10-02,1840.0
1986-10-03,1761.0
1986-10-04,1708.0
1986-10-05,1602.0
1986-10-06,1912.0
1986-10-07,2337.0
1986-10-08,2221.0
1986-10-09,2133.0
1986-10-10,2210.0
1986-10-11,2104.0
1986-10-12,2036.0
1986-10-13,2385.0
1986-10-14,2501.0
1986-10-15,2249.0
1986-10-16,1875.0
1986-10-17,1485.0
1986-10-18,1167.0
1986-10-19,1127.0
1986-10-20,1134.0
1986-10-21,1294.0
1986-10-22,1170.0
1986-10-23,5041.0
1986-10-24,2730.0
1986-10-25,2406.0
1986-10-26,2365.0
1986-10-27,2053.0
1986-10-28,1914.0
1986-10-29,1812.0
1986-10-30,1740.0
1986-10-31,1667.0
1986-11-01,1601.0
1986-11-02,1592.0
1986-11-03,1603.0
1986-11-04,1615.0
1986-11-05,1628.0
1986-11-06,1642.0
1986-11-07,1619.0
1986-11-08,1556.0
1986-11-09,1495.0
1986-11-10,1462.0
1986-11-11,1462.0
1986-11-12,1459.0
1986-11-13,1364.0
1986-11-14,1378.0
1986-11-15,1401.0
1986-11-16,1392.0
1986-11-17,1378.0
1986-11-18,1363.0
1986-11-19,1348.0
1986-11-20,1294.0
1986-11-21,1257.0
1986-11-22,1280.0
1986-11-23,1343.0
1986-11-24,1391.0
1986-11-25,1369.0
1986-11-26,1340.0
1986-11-27,1317.0
1986-11-28,1289.0
1986-11-29,1218.0
1986-11-30,1139.0
1986-12-01,1122.0
1986-12-02,1166.0
1986-12-03,1179.0
1986-12-04,1134.0
1986-12-05,1097.0
1986-12-06,1082.0
1986-12-07,1067.0
1986-12-08,1060.0
1986-12-09,1060.0
1986-12-10,1008.0
1986-12-11,980.0
1986-12-12,980.0
1986-12-13,980.0
1986-12-14,980.0
1986-12-15,1028.0
1986-12-16,1091.0
1986-12-17,1079.0
1986-12-18,1068.0
1986-12-19,1226.0
1986-12-20,1193.0
1986-12-21,1083.0
1986-12-22,1065.0
1986-12-23,1076.0
1986-12-24,1087.0
1986-12-25,1097.0
1986-12-26,1090.0
1986-12-27,1078.0
1986-12-28,1065.0
1986-12-29,1044.0
1986-12-30,1018.0
1986-12-31,992.0
1987-01-01,980.0
1987-01-02,980.0
1987-01-03,980.0
1987-01-04,980.0
1987-01-05,1008.0
1987-01-06,1014.0
1987-01-07,1008.0
1987-01-08,1002.0
1987-01-09,995.0
1987-01-10,989.0
1987-01-11,983.0
1987-01-12,976.0
1987-01-13,967.0
1987-01-14,958.0
1987-01-15,949.0
1987-01-16,941.0
1987-01-17,940.0
1987-01-18,940.0
1987-01-19,940.0
1987-01-20,940.0
1987-01-21,940.0
1987-01-22,940.0
1987-01-23,940.0
1987-01-24,940.0
1987-01-25,940.0
1987-01-26,940.0
1987-01-27,940.0
1987-01-28,940.0
1987-01-29,940.0
1987-01-30,940.0
1987-01-31,940.0
1987-02-01,940.0
1987-02-02,940.0
1987-02-03,940.0
1987-02-04,940.0
1987-02-05,940.0
1987-02-06,940.0
1987-02-07,940.0
1987-02-08,940.0
1987-02-09,992.0
1987-02-10,1012.0
1987-02-11,1189.0
1987-02-12,1244.0
1987-02-13,1244.0
1987-02-14,1244.0
1987-02-15,1244.0
1987-02-16,1241.0
1987-02-17,1228.0
1987-02-18,1213.0
1987-02-19,1198.0
1987-02-20,1184.0
1987-02-21,1169.0
1987-02-22,1154.0
1987-02-23,1148.0
1987-02-24,1148.0
1987-02-25,1148.0
1987-02-26,1148.0
1987-02-27,1148.0
1987-02-28,1148.0
1987-03-01,1148.0
1987-03-02,1145.0
1987-03-03,1138.0
1987-03-04,1131.0
1987-03-05,1125.0
1987-03-06,1118.0
1987-03-07,1111.0
1987-03-08,1104.0
1987-03-09,1100.0
1987-03-10,1100.0
1987-03-11,1100.0
1987-03-12,1100.0
1987-03-13,1100.0
1987-03-14,1100.0
1987-03-15,1100.0
1987-03-16,1100.0
1987-03-17,1100.0
1987-03-18,1097.0
1987-03-19,1090.0
1987-03-20,1081.0
1987-03-21,1073.0
1987-03-22,1065.0
1987-03-23,1060.0
1987-03-24,1060.0
1987-03-25,1060.0
1987-03-26,1060.0
1987-03-27,1060.0
1987-03-28,1127.0
1987-03-29,1216.0
1987-03-30,1240.0
1987-03-31,1232.0
1987-04-01,1221.0
1987-04-02,1211.0
1987-04-03,1201.0
1987-04-04,1698.0
1987-04-05,1867.0
1987-04-06,2066.0
1987-04-07,2092.0
1987-04-08,2471.0
1987-04-09,3808.0
1987-04-10,4421.0
1987-04-11,3812.0
1987-04-12,3470.0
1987-04-13,3264.0
1987-04-14,2984.0
1987-04-15,2911.0
1987-04-16,3017.0
1987-04-17,3365.0
1987-04-18,4069.0
1987-04-19,4838.0
1987-04-20,5830.0
1987-04-21,6540.0
1987-04-22,6350.0
1987-04-23,6454.0
1987-04-24,6729.0
1987-04-25,7033.0
1987-04-26,7328.0
1987-04-27,7662.0
1987-04-28,8492.0
1987-04-29,9265.0
1987-04-30,8759.0
1987-05-01,8057.0
1987-05-02,8339.0
1987-05-03,8790.0
1987-05-04,8058.0
1987-05-05,6973.0
1987-05-06,6209.0
1987-05-07,5837.0
1987-05-08,5797.0
1987-05-09,6390.0
1987-05-10,6910.0
1987-05-11,7000.0
1987-05-12,7026.0
1987-05-13,6515.0
1987-05-14,5752.0
1987-05-15,5393.0
1987-05-16,5045.0
1987-05-17,5180.0
1987-05-18,6568.0
1987-05-19,6950.0
1987-05-20,7002.0
1987-05-21,6539.0
1987-05-22,6109.0
1987-05-23,5727.0
1987-05-24,5634.0
1987-05-25,5779.0
1987-05-26,6404.0
1987-05-27,6777.0
1987-05-28,6835.0
1987-05-29,6389.0
1987-05-30,6130.0
1987-05-31,6582.0
1987-06-01,7058.0
1987-06-02,7253.0
1987-06-03,7646.0
1987-06-04,8829.0
1987-06-05,8420.0
1987-06-06,8069.0
1987-06-07,10026.0
1987-06-08,14735.0
1987-06-09,11655.0
1987-06-10,9387.0
1987-06-11,8305.0
1987-06-12,8523.0
1987-06-13,9458.0
1987-06-14,10536.0
1987-06-15,13249.0
1987-06-16,11120.0
1987-06-17,9201.0
1987-06-18,8333.0
1987-06-19,8291.0
1987-06-20,8101.0
1987-06-21,7465.0
1987-06-22,7302.0
1987-06-23,7304.0
1987-06-24,7449.0
1987-06-25,8095.0
1987-06-26,10527.0
1987-06-27,10074.0
1987-06-28,9613.0
1987-06-29,10261.0
1987-06-30,11434.0
1987-07-01,12772.0
1987-07-02,14516.0
1987-07-03,11962.0
1987-07-04,10855.0
1987-07-05,11364.0
1987-07-06,13936.0
1987-07-07,16613.0
1987-07-08,14237.0
1987-07-09,12542.0
1987-07-10,11407.0
1987-07-11,10607.0
1987-07-12,10297.0
1987-07-13,10409.0
1987-07-14,10343.0
1987-07-15,10236.0
1987-07-16,12366.0
1987-07-17,21693.0
1987-07-18,37352.0
1987-07-19,23115.0
1987-07-20,15699.0
1987-07-21,13161.0
1987-07-22,12125.0
1987-07-23,12510.0
1987-07-24,12878.0
1987-07-25,9206.0
1987-07-26,8568.0
1987-07-27,8200.0
1987-07-28,8429.0
1987-07-29,9397.0
1987-07-30,10116.0
1987-07-31,9335.0
1987-08-01,8569.0
1987-08-02,8093.0
1987-08-03,7948.0
1987-08-04,7567.0
1987-08-05,7205.0
1987-08-06,6926.0
1987-08-07,6692.0
1987-08-08,6385.0
1987-08-09,6524.0
1987-08-10,6108.0
1987-08-11,5819.0
1987-08-12,5644.0
1987-08-13,5314.0
1987-08-14,5134.0
1987-08-15,5088.0
1987-08-16,4956.0
1987-08-17,5168.0
1987-08-18,5763.0
1987-08-19,5231.0
1987-08-20,4972.0
1987-08-21,4785.0
1987-08-22,4676.0
1987-08-23,5989.0
1987-08-24,13846.0
1987-08-25,11670.0
1987-08-26,7616.0
1987-08-27,10498.0
1987-08-28,9476.0
1987-08-29,8599.0
1987-08-30,7923.0
1987-08-31,7624.0
1987-09-01,7146.0
1987-09-02,6885.0
1987-09-03,6312.0
1987-09-04,5940.0
1987-09-05,5665.0
1987-09-06,5465.0
1987-09-07,5372.0
1987-09-08,5200.0
1987-09-09,4976.0
1987-09-10,4764.0
1987-09-11,4572.0
1987-09-12,4326.0
1987-09-13,4130.0
1987-09-14,3950.0
1987-09-15,3855.0
1987-09-16,3803.0
1987-09-17,3616.0
1987-09-18,3455.0
1987-09-19,3324.0
1987-09-20,3196.0
1987-09-21,3225.0
1987-09-22,3233.0
1987-09-23,3196.0
1987-09-24,3154.0
1987-09-25,3062.0
1987-09-26,3987.0
1987-09-27,7433.0
1987-09-28,3913.0
1987-09-29,3596.0
1987-09-30,3491.0
1987-10-01,3396.0
1987-10-02,3155.0
1987-10-03,3034.0
1987-10-04,2972.0
1987-10-05,7327.0
1987-10-06,7456.0
1987-10-07,6540.0
1987-10-08,6245.0
1987-10-09,5756.0
1987-10-10,9497.0
1987-10-11,13990.0
1987-10-12,13530.0
1987-10-13,11091.0
1987-10-14,10128.0
1987-10-15,10044.0
1987-10-16,10516.0
1987-10-17,9633.0
1987-10-18,8546.0
1987-10-19,7934.0
1987-10-20,7637.0
1987-10-21,7048.0
1987-10-22,6811.0
1987-10-23,6464.0
1987-10-24,6214.0
1987-10-25,6502.0
1987-10-26,6142.0
1987-10-27,5824.0
1987-10-28,6579.0
1987-10-29,9884.0
1987-10-30,9055.0
1987-10-31,7849.0
1987-11-01,7212.0
1987-11-02,6816.0
1987-11-03,6423.0
1987-11-04,6122.0
1987-11-05,5788.0
1987-11-06,5582.0
1987-11-07,5347.0
1987-11-08,5089.0
1987-11-09,4581.0
1987-11-10,5005.0
1987-11-11,4897.0
1987-11-12,4570.0
1987-11-13,5970.0
1987-11-14,6184.0
1987-11-15,5523.0
1987-11-16,5375.0
1987-11-17,5239.0
1987-11-18,5036.0
1987-11-19,4904.0
1987-11-20,4600.0
1987-11-21,4558.0
1987-11-22,4452.0
1987-11-23,4258.0
1987-11-24,4223.0
1987-11-25,4105.0
1987-11-26,3957.0
1987-11-27,3612.0
1987-11-28,3589.0
1987-11-29,3444.0
1987-11-30,3343.0
1987-12-01,3159.0
1987-12-02,3110.0
1987-12-03,2958.0
1987-12-04,2915.0
1987-12-05,3396.0
1987-12-06,3441.0
1987-12-07,3366.0
1987-12-08,3346.0
1987-12-09,3188.0
1987-12-10,3125.0
1987-12-11,2989.0
1987-12-12,2870.0
1987-12-13,2854.0
1987-12-14,2825.0
1987-12-15,2758.0
1987-12-16,2673.0
1987-12-17,2752.0
1987-12-18,2754.0
1987-12-19,2936.0
1987-12-20,2993.0
1987-12-21,3108.0
1987-12-22,3117.0
1987-12-23,3059.0
1987-12-24,3059.0
1987-12-25,3002.0
1987-12-26,2972.0
1987-12-27,2832.0
1987-12-28,2820.0
1987-12-29,2813.0
1987-12-30,2820.0
1987-12-31,2773.0
1988-01-01,2726.0
1988-01-02,2581.0
1988-01-03,2547.0
1988-01-04,2444.0
1988-01-05,2405.0
1988-01-06,2375.0
1988-01-07,2345.0
1988-01-08,2316.0
1988-01-09,2286.0
1988-01-10,2256.0
1988-01-11,2223.0
1988-01-12,2185.0
1988-01-13,2105.0
1988-01-14,2092.0
1988-01-15,2092.0
1988-01-16,2074.0
1988-01-17,2019.0
1988-01-18,2002.0
1988-01-19,1963.0
1988-01-20,1899.0
1988-01-21,1906.0
1988-01-22,1918.0
1988-01-23,1871.0
1988-01-24,1894.0
1988-01-25,2225.0
1988-01-26,2080.0
1988-01-27,2019.0
1988-01-28,2019.0
1988-01-29,2566.0
1988-01-30,2649.0
1988-01-31,2401.0
1988-02-01,2221.0
1988-02-02,2206.0
1988-02-03,2281.0
1988-02-04,2207.0
1988-02-05,2170.0
1988-02-06,2191.0
1988-02-07,2908.0
1988-02-08,2684.0
1988-02-09,2650.0
1988-02-10,2650.0
1988-02-11,2650.0
1988-02-12,2675.0
1988-02-13,2586.0
1988-02-14,2435.0
1988-02-15,2397.0
1988-02-16,2506.0
1988-02-17,2577.0
1988-02-18,2389.0
1988-02-19,2334.0
1988-02-20,2250.0
1988-02-21,2240.0
1988-02-22,2227.0
1988-02-23,2204.0
1988-02-24,2181.0
1988-02-25,2151.0
1988-02-26,2087.0
1988-02-27,2019.0
1988-02-28,1982.0
1988-02-29,1946.0
1988-03-01,1945.0
1988-03-02,1907.0
1988-03-03,1887.0
1988-03-04,1904.0
1988-03-05,1921.0
1988-03-06,1938.0
1988-03-07,1874.0
1988-03-08,1840.0
1988-03-09,1814.0
1988-03-10,1798.0
1988-03-11,1797.0
1988-03-12,1797.0
1988-03-13,1739.0
1988-03-14,1723.0
1988-03-15,1723.0
1988-03-16,1761.0
1988-03-17,1869.0
1988-03-18,2915.0
1988-03-19,3343.0
1988-03-20,3522.0
1988-03-21,4264.0
1988-03-22,4512.0
1988-03-23,4088.0
1988-03-24,4040.0
1988-03-25,4132.0
1988-03-26,4291.0
1988-03-27,4203.0
1988-03-28,3967.0
1988-03-29,3898.0
1988-03-30,3943.0
1988-03-31,3799.0
1988-04-01,3723.0
1988-04-02,3591.0
1988-04-03,3494.0
1988-04-04,3393.0
1988-04-05,3327.0
1988-04-06,3340.0
1988-04-07,3469.0
1988-04-08,3464.0
1988-04-09,3505.0
1988-04-10,3579.0
1988-04-11,3909.0
1988-04-12,4063.0
1988-04-13,4580.0
1988-04-14,4610.0
1988-04-15,4732.0
1988-04-16,4725.0
1988-04-17,5354.0
1988-04-18,6118.0
1988-04-19,6903.0
1988-04-20,8657.0
1988-04-21,8926.0
1988-04-22,8957.0
1988-04-23,8891.0
1988-04-24,8761.0
1988-04-25,8406.0
1988-04-26,8106.0
1988-04-27,7897.0
1988-04-28,7590.0
1988-04-29,6390.0
1988-04-30,6366.0
1988-05-01,6381.0
1988-05-02,6865.0
1988-05-03,6783.0
1988-05-04,6871.0
1988-05-05,6804.0
1988-05-06,7943.0
1988-05-07,11209.0
1988-05-08,14594.0
1988-05-09,14069.0
1988-05-10,13074.0
1988-05-11,12378.0
1988-05-12,12542.0
1988-05-13,12505.0
1988-05-14,12273.0
1988-05-15,12405.0
1988-05-16,12107.0
1988-05-17,12652.0
1988-05-18,13278.0
1988-05-19,13773.0
1988-05-20,12578.0
1988-05-21,11855.0
1988-05-22,11819.0
1988-05-23,11639.0
1988-05-24,11528.0
1988-05-25,11871.0
1988-05-26,12910.0
1988-05-27,13086.0
1988-05-28,12380.0
1988-05-29,10988.0
1988-05-30,10463.0
1988-05-31,10319.0
1988-06-01,10061.0
1988-06-02,10522.0
1988-06-03,11680.0
1988-06-04,12614.0
1988-06-05,10965.0
1988-06-06,9733.0
1988-06-07,8597.0
1988-06-08,8073.0
1988-06-09,7688.0
1988-06-10,7797.0
1988-06-11,8361.0
1988-06-12,9456.0
1988-06-13,9899.0
1988-06-14,11029.0
1988-06-15,10719.0
1988-06-16,10706.0
1988-06-17,10422.0
1988-06-18,10179.0
1988-06-19,9822.0
1988-06-20,9952.0
1988-06-21,10415.0
1988-06-22,10554.0
1988-06-23,10757.0
1988-06-24,11413.0
1988-06-25,10922.0
1988-06-26,10625.0
1988-06-27,10446.0
1988-06-28,10930.0
1988-06-29,10442.0
1988-06-30,10018.0
1988-07-01,11091.0
1988-07-02,10992.0
1988-07-03,12717.0
1988-07-04,12785.0
1988-07-05,13078.0
1988-07-06,12905.0
1988-07-07,12028.0
1988-07-08,11087.0
1988-07-09,10583.0
1988-07-10,10184.0
1988-07-11,10077.0
1988-07-12,9964.0
1988-07-13,9585.0
1988-07-14,9304.0
1988-07-15,8651.0
1988-07-16,7939.0
1988-07-17,7468.0
1988-07-18,7323.0
1988-07-19,7160.0
1988-07-20,6930.0
1988-07-21,6750.0
1988-07-22,6571.0
1988-07-23,6562.0
1988-07-24,6820.0
1988-07-25,6103.0
1988-07-26,5828.0
1988-07-27,5924.0
1988-07-28,5587.0
1988-07-29,5465.0
1988-07-30,5228.0
1988-07-31,5115.0
1988-08-01,5035.0
1988-08-02,4990.0
1988-08-03,4993.0
1988-08-04,4899.0
1988-08-05,4699.0
1988-08-06,4469.0
1988-08-07,4225.0
1988-08-08,4049.0
1988-08-09,4021.0
1988-08-10,3958.0
1988-08-11,3777.0
1988-08-12,3741.0
1988-08-13,3626.0
1988-08-14,3845.0
1988-08-15,4514.0
1988-08-16,3950.0
1988-08-17,3632.0
1988-08-18,3477.0
1988-08-19,3384.0
1988-08-20,5557.0
1988-08-21,5018.0
1988-08-22,4197.0
1988-08-23,3920.0
1988-08-24,3706.0
1988-08-25,3579.0
1988-08-26,3378.0
1988-08-27,3311.0
1988-08-28,3297.0
1988-08-29,3457.0
1988-08-30,3371.0
1988-08-31,3278.0
1988-09-01,3151.0
1988-09-02,5900.0
1988-09-03,4071.0
1988-09-04,3709.0
1988-09-05,3466.0
1988-09-06,3329.0
1988-09-07,3161.0
1988-09-08,3118.0
1988-09-09,2983.0
1988-09-10,2957.0
1988-09-11,2957.0
1988-09-12,2903.0
1988-09-13,2827.0
1988-09-14,2791.0
1988-09-15,2799.0
1988-09-16,2828.0
1988-09-17,2756.0
1988-09-18,2437.0
1988-09-19,2205.0
1988-09-20,2103.0
1988-09-21,2221.0
1988-09-22,2092.0
1988-09-23,1902.0
1988-09-24,1819.0
1988-09-25,1729.0
1988-09-26,1935.0
1988-09-27,1855.0
1988-09-28,1871.0
1988-09-29,1871.0
1988-09-30,1871.0
1988-10-01,1871.0
1988-10-02,1871.0
1988-10-03,2119.0
1988-10-04,2045.0
1988-10-05,1810.0
1988-10-06,1800.0
1988-10-07,4179.0
1988-10-08,3125.0
1988-10-09,2989.0
1988-10-10,6146.0
1988-10-11,8053.0
1988-10-12,23579.0
1988-10-13,10081.0
1988-10-14,7895.0
1988-10-15,6805.0
1988-10-16,6343.0
1988-10-17,6246.0
1988-10-18,6137.0
1988-10-19,11716.0
1988-10-20,11144.0
1988-10-21,10132.0
1988-10-22,8375.0
1988-10-23,7398.0
1988-10-24,6986.0
1988-10-25,6469.0
1988-10-26,5898.0
1988-10-27,5599.0
1988-10-28,5204.0
1988-10-29,4906.0
1988-10-30,4752.0
1988-10-31,4520.0
1988-11-01,4334.0
1988-11-02,4097.0
1988-11-03,3801.0
1988-11-04,3610.0
1988-11-05,3419.0
1988-11-06,3197.0
1988-11-07,3225.0
1988-11-08,2985.0
1988-11-09,2874.0
1988-11-10,2849.0
1988-11-11,2800.0
1988-11-12,2746.0
1988-11-13,2556.0
1988-11-14,2392.0
1988-11-15,2359.0
1988-11-16,2171.0
1988-11-17,2062.0
1988-11-18,1937.0
1988-11-19,1823.0
1988-11-20,1771.0
1988-11-21,1755.0
1988-11-22,1674.0
1988-11-23,1573.0
1988-11-24,1512.0
1988-11-25,1463.0
1988-11-26,1462.0
1988-11-27,1462.0
1988-11-28,1367.0
1988-11-29,1340.0
1988-11-30,1302.0
1988-12-01,1292.0
1988-12-02,1292.0
1988-12-03,1292.0
1988-12-04,1808.0
1988-12-05,3751.0
1988-12-06,3061.0
1988-12-07,2574.0
1988-12-08,2153.0
1988-12-09,1973.0
1988-12-10,1880.0
1988-12-11,1859.0
1988-12-12,2227.0
1988-12-13,1712.0
1988-12-14,1649.0
1988-12-15,1539.0
1988-12-16,1485.0
1988-12-17,1463.0
1988-12-18,1435.0
1988-12-19,1380.0
1988-12-20,1340.0
1988-12-21,1308.0
1988-12-22,1290.0
1988-12-23,1244.0
1988-12-24,1226.0
1988-12-25,1196.0
1988-12-26,1229.0
1988-12-27,1244.0
1988-12-28,1244.0
1988-12-29,1244.0
1988-12-30,1244.0
1988-12-31,1244.0
1989-01-01,1216.0
1989-01-02,1223.0
1989-01-03,1163.0
1989-01-04,1105.0
1989-01-05,1082.0
1989-01-06,1066.0
1989-01-07,1049.0
1989-01-08,1032.0
1989-01-09,1014.0
1989-01-10,994.0
1989-01-11,954.0
1989-01-12,939.0
1989-01-13,901.0
1989-01-14,880.0
1989-01-15,870.0
1989-01-16,872.0
1989-01-17,872.0
1989-01-18,850.0
1989-01-19,821.0
1989-01-20,797.0
1989-01-21,803.0
1989-01-22,788.0
1989-01-23,788.0
1989-01-24,788.0
1989-01-25,742.0
1989-01-26,730.0
1989-01-27,708.0
1989-01-28,697.0
1989-01-29,699.0
1989-01-30,703.0
1989-01-31,692.0
1989-02-01,673.0
1989-02-02,656.0
1989-02-03,655.0
1989-02-04,636.0
1989-02-05,648.0
1989-02-06,637.0
1989-02-07,630.0
1989-02-08,630.0
1989-02-09,630.0
1989-02-10,630.0
1989-02-11,630.0
1989-02-12,630.0
1989-02-13,630.0
1989-02-14,630.0
1989-02-15,630.0
1989-02-16,630.0
1989-02-17,630.0
1989-02-18,630.0
1989-02-19,630.0
1989-02-20,638.0
1989-02-21,677.0
1989-02-22,682.0
1989-02-23,682.0
1989-02-24,682.0
1989-02-25,682.0
1989-02-26,683.0
1989-02-27,704.0
1989-02-28,731.0
1989-03-01,734.0
1989-03-02,734.0
1989-03-03,734.0
1989-03-04,734.0
1989-03-05,734.0
1989-03-06,772.0
1989-03-07,774.0
1989-03-08,772.0
1989-03-09,788.0
1989-03-10,788.0
1989-03-11,788.0
1989-03-12,788.0
1989-03-13,788.0
1989-03-14,788.0
1989-03-15,788.0
1989-03-16,788.0
1989-03-17,788.0
1989-03-18,788.0
1989-03-19,788.0
1989-03-20,862.0
1989-03-21,909.0
1989-03-22,952.0
1989-03-23,999.0
1989-03-24,1045.0
1989-03-25,1098.0
1989-03-26,1160.0
1989-03-27,1208.0
1989-03-28,1273.0
1989-03-29,1344.0
1989-03-30,1414.0
1989-03-31,1484.0
1989-04-01,1559.0
1989-04-02,1643.0
1989-04-03,1701.0
1989-04-04,1700.0
1989-04-05,1854.0
1989-04-06,1871.0
1989-04-07,1871.0
1989-04-08,1871.0
1989-04-09,1871.0
1989-04-10,1899.0
1989-04-11,1966.0
1989-04-12,2119.0
1989-04-13,2522.0
1989-04-14,2642.0
1989-04-15,2715.0
1989-04-16,3512.0
1989-04-17,3894.0
1989-04-18,3917.0
1989-04-19,3917.0
1989-04-20,3938.0
1989-04-21,4015.0
1989-04-22,3990.0
1989-04-23,3821.0
1989-04-24,3803.0
1989-04-25,4184.0
1989-04-26,9303.0
1989-04-27,7991.0
1989-04-28,5775.0
1989-04-29,4949.0
1989-04-30,4483.0
1989-05-01,4208.0
1989-05-02,4039.0
1989-05-03,4235.0
1989-05-04,4894.0
1989-05-05,6290.0
1989-05-06,7575.0
1989-05-07,8024.0
1989-05-08,7859.0
1989-05-09,7012.0
1989-05-10,7716.0
1989-05-11,7806.0
1989-05-12,9445.0
1989-05-13,8885.0
1989-05-14,8414.0
1989-05-15,7789.0
1989-05-16,7778.0
1989-05-17,7758.0
1989-05-18,8025.0
1989-05-19,8011.0
1989-05-20,8018.0
1989-05-21,8046.0
1989-05-22,7898.0
1989-05-23,7767.0
1989-05-24,8505.0
1989-05-25,8510.0
1989-05-26,7971.0
1989-05-27,7683.0
1989-05-28,7809.0
1989-05-29,7675.0
1989-05-30,7364.0
1989-05-31,7358.0
1989-06-01,7081.0
1989-06-02,6320.0
1989-06-03,6157.0
1989-06-04,5780.0
1989-06-05,5520.0
1989-06-06,5142.0
1989-06-07,4854.0
1989-06-08,4658.0
1989-06-09,4555.0
1989-06-10,4491.0
1989-06-11,4666.0
1989-06-12,4875.0
1989-06-13,5062.0
1989-06-14,4983.0
1989-06-15,4948.0
1989-06-16,5219.0
1989-06-17,5338.0
1989-06-18,5142.0
1989-06-19,4867.0
1989-06-20,4742.0
1989-06-21,4918.0
1989-06-22,5104.0
1989-06-23,4827.0
1989-06-24,4781.0
1989-06-25,4770.0
1989-06-26,5022.0
1989-06-27,4412.0
1989-06-28,4544.0
1989-06-29,4313.0
1989-06-30,4103.0
1989-07-01,4123.0
1989-07-02,5135.0
1989-07-03,4523.0
1989-07-04,4091.0
1989-07-05,3579.0
1989-07-06,3663.0
1989-07-07,3919.0
1989-07-08,3748.0
1989-07-09,3479.0
1989-07-10,3565.0
1989-07-11,3438.0
1989-07-12,3339.0
1989-07-13,3122.0
1989-07-14,3011.0
1989-07-15,2941.0
1989-07-16,2912.0
1989-07-17,2842.0
1989-07-18,2870.0
1989-07-19,2813.0
1989-07-20,2752.0
1989-07-21,2672.0
1989-07-22,2533.0
1989-07-23,2621.0
1989-07-24,2611.0
1989-07-25,3066.0
1989-07-26,2787.0
1989-07-27,2755.0
1989-07-28,2640.0
1989-07-29,2608.0
1989-07-30,2577.0
1989-07-31,2691.0
1989-08-01,2639.0
1989-08-02,2417.0
1989-08-03,2463.0
1989-08-04,2078.0
1989-08-05,1807.0
1989-08-06,1686.0
1989-08-07,1650.0
1989-08-08,1845.0
1989-08-09,2135.0
1989-08-10,1781.0
1989-08-11,1632.0
1989-08-12,1522.0
1989-08-13,1389.0
1989-08-14,1341.0
1989-08-15,1340.0
1989-08-16,1885.0
1989-08-17,1468.0
1989-08-18,1296.0
1989-08-19,1296.0
1989-08-20,1321.0
1989-08-21,1333.0
1989-08-22,1292.0
1989-08-23,1292.0
1989-08-24,1292.0
1989-08-25,1292.0
1989-08-26,1292.0
1989-08-27,1292.0
1989-08-28,1288.0
1989-08-29,1279.0
1989-08-30,1269.0
1989-08-31,1259.0
1989-09-01,1249.0
1989-09-02,1224.0
1989-09-03,1197.0
1989-09-04,1196.0
1989-09-05,1196.0
1989-09-06,1196.0
1989-09-07,1196.0
1989-09-08,1196.0
1989-09-09,1196.0
1989-09-10,1196.0
1989-09-11,1169.0
1989-09-12,1106.0
1989-09-13,1055.0
1989-09-14,1036.0
1989-09-15,1002.0
1989-09-16,1017.0
1989-09-17,1084.0
1989-09-18,1042.0
1989-09-19,980.0
1989-09-20,934.0
1989-09-21,917.0
1989-09-22,917.0
1989-09-23,929.0
1989-09-24,900.0
1989-09-25,944.0
1989-09-26,955.0
1989-09-27,917.0
1989-09-28,886.0
1989-09-29,896.0
1989-09-30,928.0
1989-10-01,962.0
1989-10-02,980.0
1989-10-03,961.0
1989-10-04,940.0
1989-10-05,850.0
1989-10-06,797.0
1989-10-07,775.0
1989-10-08,778.0
1989-10-09,739.0
1989-10-10,756.0
1989-10-11,788.0
1989-10-12,767.0
1989-10-13,760.0
1989-10-14,760.0
1989-10-15,760.0
1989-10-16,730.0
1989-10-17,682.0
1989-10-18,682.0
1989-10-19,686.0
1989-10-20,682.0
1989-10-21,685.0
1989-10-22,682.0
1989-10-23,680.0
1989-10-24,682.0
1989-10-25,685.0
1989-10-26,667.0
1989-10-27,656.0
1989-10-28,659.0
1989-10-29,656.0
1989-10-30,660.0
1989-10-31,656.0
1989-11-01,634.0
1989-11-02,637.0
1989-11-03,648.0
1989-11-04,702.0
1989-11-05,707.0
1989-11-06,669.0
1989-11-07,614.0
1989-11-08,604.0
1989-11-09,604.0
1989-11-10,604.0
1989-11-11,604.0
1989-11-12,604.0
1989-11-13,604.0
1989-11-14,604.0
1989-11-15,619.0
1989-11-16,607.0
1989-11-17,604.0
1989-11-18,604.0
1989-11-19,604.0
1989-11-20,604.0
1989-11-21,604.0
1989-11-22,604.0
1989-11-23,604.0
1989-11-24,604.0
1989-11-25,604.0
1989-11-26,604.0
1989-11-27,607.0
1989-11-28,630.0
1989-11-29,634.0
1989-11-30,631.0
1989-12-01,604.0
1989-12-02,604.0
1989-12-03,604.0
1989-12-04,604.0
1989-12-05,604.0
1989-12-06,627.0
1989-12-07,625.0
1989-12-08,622.0
1989-12-09,618.0
1989-12-10,614.0
1989-12-11,611.0
1989-12-12,607.0
1989-12-13,612.0
1989-12-14,604.0
1989-12-15,604.0
1989-12-16,605.0
1989-12-17,787.0
1989-12-18,728.0
1989-12-19,2475.0
1989-12-20,965.0
1989-12-21,854.0
1989-12-22,901.0
1989-12-23,896.0
1989-12-24,937.0
1989-12-25,940.0
1989-12-26,954.0
1989-12-27,980.0
1989-12-28,980.0
1989-12-29,980.0
1989-12-30,985.0
1989-12-31,985.0
1990-01-01,985.0
1990-01-02,985.0
1990-01-03,985.0
1990-01-04,985.0
1990-01-05,985.0
1990-01-06,985.0
1990-01-07,985.0
1990-01-08,995.0
1990-01-09,1007.0
1990-01-10,1007.0
1990-01-11,1007.0
1990-01-12,1007.0
1990-01-13,1007.0
1990-01-14,1005.0
1990-01-15,943.0
1990-01-16,865.0
1990-01-17,855.0
1990-01-18,854.0
1990-01-19,866.0
1990-01-20,863.0
1990-01-21,864.0
1990-01-22,876.0
1990-01-23,880.0
1990-01-24,878.0
1990-01-25,876.0
1990-01-26,894.0
1990-01-27,898.0
1990-01-28,887.0
1990-01-29,878.0
1990-01-30,876.0
1990-01-31,876.0
1990-02-01,876.0
1990-02-02,879.0
1990-02-03,878.0
1990-02-04,876.0
1990-02-05,877.0
1990-02-06,872.0
1990-02-07,877.0
1990-02-08,857.0
1990-02-09,847.0
1990-02-10,838.0
1990-02-11,857.0
1990-02-12,856.0
1990-02-13,862.0
1990-02-14,3540.0
1990-02-15,5584.0
1990-02-16,3218.0
1990-02-17,2301.0
1990-02-18,1842.0
1990-02-19,1580.0
1990-02-20,1438.0
1990-02-21,1417.0
1990-02-22,1379.0
1990-02-23,1411.0
1990-02-24,1430.0
1990-02-25,1438.0
1990-02-26,1528.0
1990-02-27,2032.0
1990-02-28,2506.0
1990-03-01,2704.0
1990-03-02,2342.0
1990-03-03,1992.0
1990-03-04,1843.0
1990-03-05,1760.0
1990-03-06,1655.0
1990-03-07,1593.0
1990-03-08,1648.0
1990-03-09,1782.0
1990-03-10,1707.0
1990-03-11,1659.0
1990-03-12,1717.0
1990-03-13,1710.0
1990-03-14,1784.0
1990-03-15,1750.0
1990-03-16,1756.0
1990-03-17,1779.0
1990-03-18,1750.0
1990-03-19,1703.0
1990-03-20,1659.0
1990-03-21,1703.0
1990-03-22,1867.0
1990-03-23,2132.0
1990-03-24,2261.0
1990-03-25,2292.0
1990-03-26,2127.0
1990-03-27,1921.0
1990-03-28,1782.0
1990-03-29,1702.0
1990-03-30,1629.0
1990-03-31,1617.0
1990-04-01,1639.0
1990-04-02,1690.0
1990-04-03,1770.0
1990-04-04,1710.0
1990-04-05,1686.0
1990-04-06,1650.0
1990-04-07,1771.0
1990-04-08,1840.0
1990-04-09,1833.0
1990-04-10,1826.0
1990-04-11,1764.0
1990-04-12,1692.0
1990-04-13,1646.0
1990-04-14,1847.0
1990-04-15,1839.0
1990-04-16,2376.0
1990-04-17,3187.0
1990-04-18,3101.0
1990-04-19,3020.0
1990-04-20,3020.0
1990-04-21,2888.0
1990-04-22,2787.0
1990-04-23,2779.0
1990-04-24,2707.0
1990-04-25,2621.0
1990-04-26,2635.0
1990-04-27,1794.0
1990-04-28,1654.0
1990-04-29,1935.0
1990-04-30,2450.0
1990-05-01,2885.0
1990-05-02,3443.0
1990-05-03,3776.0
1990-05-04,4338.0
1990-05-05,4453.0
1990-05-06,4468.0
1990-05-07,4699.0
1990-05-08,4454.0
1990-05-09,4786.0
1990-05-10,5268.0
1990-05-11,5616.0
1990-05-12,6021.0
1990-05-13,6213.0
1990-05-14,6549.0
1990-05-15,7036.0
1990-05-16,7674.0
1990-05-17,8298.0
1990-05-18,9421.0
1990-05-19,10360.0
1990-05-20,10472.0
1990-05-21,10662.0
1990-05-22,9832.0
1990-05-23,9312.0
1990-05-24,11455.0
1990-05-25,11963.0
1990-05-26,11217.0
1990-05-27,10342.0
1990-05-28,9388.0
1990-05-29,9141.0
1990-05-30,8875.0
1990-05-31,7964.0
1990-06-01,7563.0
1990-06-02,8088.0
1990-06-03,7599.0
1990-06-04,8300.0
1990-06-05,10699.0
1990-06-06,12643.0
1990-06-07,10419.0
1990-06-08,11145.0
1990-06-09,10602.0
1990-06-10,9322.0
1990-06-11,8710.0
1990-06-12,9758.0
1990-06-13,8473.0
1990-06-14,7803.0
1990-06-15,7461.0
1990-06-16,7056.0
1990-06-17,7007.0
1990-06-18,7068.0
1990-06-19,6847.0
1990-06-20,8264.0
1990-06-21,8974.0
1990-06-22,8368.0
1990-06-23,7374.0
1990-06-24,7478.0
1990-06-25,7750.0
1990-06-26,8204.0
1990-06-27,9013.0
1990-06-28,8250.0
1990-06-29,7458.0
1990-06-30,7410.0
1990-07-01,8468.0
1990-07-02,7351.0
1990-07-03,6416.0
1990-07-04,5609.0
1990-07-05,6016.0
1990-07-06,7135.0
1990-07-07,5686.0
1990-07-08,5214.0
1990-07-09,5257.0
1990-07-10,4931.0
1990-07-11,4756.0
1990-07-12,4303.0
1990-07-13,4203.0
1990-07-14,3632.0
1990-07-15,3280.0
1990-07-16,3585.0
1990-07-17,3469.0
1990-07-18,3177.0
1990-07-19,3042.0
1990-07-20,2824.0
1990-07-21,2524.0
1990-07-22,2368.0
1990-07-23,2291.0
1990-07-24,2190.0
1990-07-25,2107.0
1990-07-26,1978.0
1990-07-27,1889.0
1990-07-28,1797.0
1990-07-29,1761.0
1990-07-30,1794.0
1990-07-31,1707.0
1990-08-01,1597.0
1990-08-02,1581.0
1990-08-03,1660.0
1990-08-04,1663.0
1990-08-05,1607.0
1990-08-06,1562.0
1990-08-07,1541.0
1990-08-08,1355.0
1990-08-09,1332.0
1990-08-10,1425.0
1990-08-11,1404.0
1990-08-12,1348.0
1990-08-13,1344.0
1990-08-14,1313.0
1990-08-15,1200.0
1990-08-16,1195.0
1990-08-17,1206.0
1990-08-18,1180.0
1990-08-19,1222.0
1990-08-20,1216.0
1990-08-21,1144.0
1990-08-22,1187.0
1990-08-23,1118.0
1990-08-24,1074.0
1990-08-25,1008.0
1990-08-26,1058.0
1990-08-27,1163.0
1990-08-28,1156.0
1990-08-29,1110.0
1990-08-30,1100.0
1990-08-31,3280.0
1990-09-01,1750.0
1990-09-02,1507.0
1990-09-03,1403.0
1990-09-04,1347.0
1990-09-05,1294.0
1990-09-06,1249.0
1990-09-07,1211.0
1990-09-08,1154.0
1990-09-09,1150.0
1990-09-10,1126.0
1990-09-11,1097.0
1990-09-12,1085.0
1990-09-13,1065.0
1990-09-14,1037.0
1990-09-15,1021.0
1990-09-16,1001.0
1990-09-17,995.0
1990-09-18,973.0
1990-09-19,958.0
1990-09-20,958.0
1990-09-21,956.0
1990-09-22,946.0
1990-09-23,953.0
1990-09-24,1385.0
1990-09-25,1049.0
1990-09-26,993.0
1990-09-27,968.0
1990-09-28,947.0
1990-09-29,935.0
1990-09-30,920.0
1990-10-01,2117.0
1990-10-02,1268.0
1990-10-03,1132.0
1990-10-04,1139.0
1990-10-05,1080.0
1990-10-06,1030.0
1990-10-07,1020.0
1990-10-08,1021.0
1990-10-09,1017.0
1990-10-10,989.0
1990-10-11,971.0
1990-10-12,2396.0
1990-10-13,1566.0
1990-10-14,1286.0
1990-10-15,1225.0
1990-10-16,1296.0
1990-10-17,1432.0
1990-10-18,1345.0
1990-10-19,1302.0
1990-10-20,1302.0
1990-10-21,1290.0
1990-10-22,1253.0
1990-10-23,1262.0
1990-10-24,1258.0
1990-10-25,1335.0
1990-10-26,1422.0
1990-10-27,1537.0
1990-10-28,1529.0
1990-10-29,7192.0
1990-10-30,19361.0
1990-10-31,18461.0
1990-11-01,15326.0
1990-11-02,11346.0
1990-11-03,9295.0
1990-11-04,7748.0
1990-11-05,7070.0
1990-11-06,6488.0
1990-11-07,6088.0
1990-11-08,5723.0
1990-11-09,5398.0
1990-11-10,5183.0
1990-11-11,4944.0
1990-11-12,4743.0
1990-11-13,4443.0
1990-11-14,4331.0
1990-11-15,4218.0
1990-11-16,3946.0
1990-11-17,3770.0
1990-11-18,3580.0
1990-11-19,3415.0
1990-11-20,3265.0
1990-11-21,3354.0
1990-11-22,3610.0
1990-11-23,4143.0
1990-11-24,3740.0
1990-11-25,4305.0
1990-11-26,4270.0
1990-11-27,3966.0
1990-11-28,3307.0
1990-11-29,3021.0
1990-11-30,2811.0
1990-12-01,2653.0
1990-12-02,2446.0
1990-12-03,2377.0
1990-12-04,2206.0
1990-12-05,2093.0
1990-12-06,2007.0
1990-12-07,1892.0
1990-12-08,1827.0
1990-12-09,2097.0
1990-12-10,1879.0
1990-12-11,1772.0
1990-12-12,1636.0
1990-12-13,1610.0
1990-12-14,1558.0
1990-12-15,1518.0
1990-12-16,1480.0
1990-12-17,1431.0
1990-12-18,1382.0
1990-12-19,1361.0
1990-12-20,1323.0
1990-12-21,1302.0
1990-12-22,1271.0
1990-12-23,1272.0
1990-12-24,1252.0
1990-12-25,1241.0
1990-12-26,1256.0
1990-12-27,1274.0
1990-12-28,1269.0
1990-12-29,1249.0
1990-12-30,1300.0
1990-12-31,1375.0
1991-01-01,1682.0
1991-01-02,1629.0
1991-01-03,1612.0
1991-01-04,1650.0
1991-01-05,1629.0
1991-01-06,1612.0
1991-01-07,3182.0
1991-01-08,2977.0
1991-01-09,2519.0
1991-01-10,2223.0
1991-01-11,2133.0
1991-01-12,2102.0
1991-01-13,2088.0
1991-01-14,1965.0
1991-01-15,1869.0
1991-01-16,1810.0
1991-01-17,1721.0
1991-01-18,1629.0
1991-01-19,1621.0
1991-01-20,1588.0
1991-01-21,1522.0
1991-01-22,1476.0
1991-01-23,1358.0
1991-01-24,1312.0
1991-01-25,1281.0
1991-01-26,1250.0
1991-01-27,1256.0
1991-01-28,1221.0
1991-01-29,1203.0
1991-01-30,1204.0
1991-01-31,1193.0
1991-02-01,1177.0
1991-02-02,1183.0
1991-02-03,1154.0
1991-02-04,1142.0
1991-02-05,1124.0
1991-02-06,1120.0
1991-02-07,1120.0
1991-02-08,1119.0
1991-02-09,1104.0
1991-02-10,1102.0
1991-02-11,1095.0
1991-02-12,1079.0
1991-02-13,1073.0
1991-02-14,1073.0
1991-02-15,1073.0
1991-02-16,1070.0
1991-02-17,1052.0
1991-02-18,1051.0
1991-02-19,1051.0
1991-02-20,1027.0
1991-02-21,1007.0
1991-02-22,1007.0
1991-02-23,1007.0
1991-02-24,1010.0
1991-02-25,1029.0
1991-02-26,1043.0
1991-02-27,1084.0
1991-02-28,1123.0
1991-03-01,1150.0
1991-03-02,1150.0
1991-03-03,1150.0
1991-03-04,1151.0
1991-03-05,1180.0
1991-03-06,1234.0
1991-03-07,1478.0
1991-03-08,4998.0
1991-03-09,8207.0
1991-03-10,5640.0
1991-03-11,4490.0
1991-03-12,4089.0
1991-03-13,3904.0
1991-03-14,3723.0
1991-03-15,3549.0
1991-03-16,3520.0
1991-03-17,3578.0
1991-03-18,3183.0
1991-03-19,2942.0
1991-03-20,3057.0
1991-03-21,3632.0
1991-03-22,5661.0
1991-03-23,5637.0
1991-03-24,5060.0
1991-03-25,4792.0
1991-03-26,4720.0
1991-03-27,4500.0
1991-03-28,4258.0
1991-03-29,4183.0
1991-03-30,3962.0
1991-03-31,3809.0
1991-04-01,3897.0
1991-04-02,4087.0
1991-04-03,4336.0
1991-04-04,4344.0
1991-04-05,4067.0
1991-04-06,3642.0
1991-04-07,3981.0
1991-04-08,4811.0
1991-04-09,4957.0
1991-04-10,5239.0
1991-04-11,5418.0
1991-04-12,5678.0
1991-04-13,5705.0
1991-04-14,5564.0
1991-04-15,5340.0
1991-04-16,5247.0
1991-04-17,5285.0
1991-04-18,5041.0
1991-04-19,3811.0
1991-04-20,3266.0
1991-04-21,3067.0
1991-04-22,2861.0
1991-04-23,2657.0
1991-04-24,2540.0
1991-04-25,2425.0
1991-04-26,2444.0
1991-04-27,2290.0
1991-04-28,2219.0
1991-04-29,2125.0
1991-04-30,2095.0
1991-05-01,2147.0
1991-05-02,2167.0
1991-05-03,2161.0
1991-05-04,2068.0
1991-05-05,1985.0
1991-05-06,1911.0
1991-05-07,1820.0
1991-05-08,1785.0
1991-05-09,1718.0
1991-05-10,1715.0
1991-05-11,1689.0
1991-05-12,1692.0
1991-05-13,1750.0
1991-05-14,1819.0
1991-05-15,1934.0
1991-05-16,2485.0
1991-05-17,2031.0
1991-05-18,1900.0
1991-05-19,1864.0
1991-05-20,1884.0
1991-05-21,2123.0
1991-05-22,3207.0
1991-05-23,5710.0
1991-05-24,6559.0
1991-05-25,6064.0
1991-05-26,6081.0
1991-05-27,6451.0
1991-05-28,7040.0
1991-05-29,6938.0
1991-05-30,6295.0
1991-05-31,5965.0
1991-06-01,6620.0
1991-06-02,7294.0
1991-06-03,8146.0
1991-06-04,7588.0
1991-06-05,7147.0
1991-06-06,9982.0
1991-06-07,11103.0
1991-06-08,12270.0
1991-06-09,11084.0
1991-06-10,12437.0
1991-06-11,12180.0
1991-06-12,12074.0
1991-06-13,12308.0
1991-06-14,11779.0
1991-06-15,12020.0
1991-06-16,17564.0
1991-06-17,21092.0
1991-06-18,14202.0
1991-06-19,12009.0
1991-06-20,11419.0
1991-06-21,10838.0
1991-06-22,10949.0
1991-06-23,11108.0
1991-06-24,11929.0
1991-06-25,12063.0
1991-06-26,11847.0
1991-06-27,11723.0
1991-06-28,10961.0
1991-06-29,9340.0
1991-06-30,8705.0
1991-07-01,8792.0
1991-07-02,8927.0
1991-07-03,8726.0
1991-07-04,8568.0
1991-07-05,8554.0
1991-07-06,8441.0
1991-07-07,8518.0
1991-07-08,7929.0
1991-07-09,7197.0
1991-07-10,7088.0
1991-07-11,6876.0
1991-07-12,6465.0
1991-07-13,6096.0
1991-07-14,5942.0
1991-07-15,5673.0
1991-07-16,5080.0
1991-07-17,4798.0
1991-07-18,4486.0
1991-07-19,4295.0
1991-07-20,4168.0
1991-07-21,3787.0
1991-07-22,3553.0
1991-07-23,3423.0
1991-07-24,4491.0
1991-07-25,3898.0
1991-07-26,3510.0
1991-07-27,2948.0
1991-07-28,2658.0
1991-07-29,2411.0
1991-07-30,2297.0
1991-07-31,2651.0
1991-08-01,2558.0
1991-08-02,2367.0
1991-08-03,2139.0
1991-08-04,2027.0
1991-08-05,1951.0
1991-08-06,1938.0
1991-08-07,1990.0
1991-08-08,1905.0
1991-08-09,1861.0
1991-08-10,1749.0
1991-08-11,1771.0
1991-08-12,1754.0
1991-08-13,1871.0
1991-08-14,1766.0
1991-08-15,1663.0
1991-08-16,1608.0
1991-08-17,1552.0
1991-08-18,1499.0
1991-08-19,1450.0
1991-08-20,1422.0
1991-08-21,1280.0
1991-08-22,1166.0
1991-08-23,1166.0
1991-08-24,1148.0
1991-08-25,1124.0
1991-08-26,1107.0
1991-08-27,1083.0
1991-08-28,1073.0
1991-08-29,1055.0
1991-08-30,1040.0
1991-08-31,1022.0
1991-09-01,1034.0
1991-09-02,1017.0
1991-09-03,1029.0
1991-09-04,1137.0
1991-09-05,1178.0
1991-09-06,1134.0
1991-09-07,1106.0
1991-09-08,1085.0
1991-09-09,1063.0
1991-09-10,1061.0
1991-09-11,1052.0
1991-09-12,1072.0
1991-09-13,1113.0
1991-09-14,1139.0
1991-09-15,1081.0
1991-09-16,1060.0
1991-09-17,1040.0
1991-09-18,1029.0
1991-09-19,1021.0
1991-09-20,983.0
1991-09-21,953.0
1991-09-22,946.0
1991-09-23,1017.0
1991-09-24,1016.0
1991-09-25,992.0
1991-09-26,6540.0
1991-09-27,3521.0
1991-09-28,2110.0
1991-09-29,14460.0
1991-09-30,19589.0
1991-10-01,9958.0
1991-10-02,6834.0
1991-10-03,5489.0
1991-10-04,5123.0
1991-10-05,4947.0
1991-10-06,10517.0
1991-10-07,9532.0
1991-10-08,7713.0
1991-10-09,6852.0
1991-10-10,6157.0
1991-10-11,10633.0
1991-10-12,17129.0
1991-10-13,15760.0
1991-10-14,12491.0
1991-10-15,10879.0
1991-10-16,9796.0
1991-10-17,8982.0
1991-10-18,9681.0
1991-10-19,8644.0
1991-10-20,7811.0
1991-10-21,7153.0
1991-10-22,6340.0
1991-10-23,5726.0
1991-10-24,5349.0
1991-10-25,4927.0
1991-10-26,4497.0
1991-10-27,4208.0
1991-10-28,3900.0
1991-10-29,3665.0
1991-10-30,3480.0
1991-10-31,3435.0
1991-11-01,3108.0
1991-11-02,2914.0
1991-11-03,3359.0
1991-11-04,6077.0
1991-11-05,6044.0
1991-11-06,5292.0
1991-11-07,4648.0
1991-11-08,4101.0
1991-11-09,3675.0
1991-11-10,3448.0
1991-11-11,3180.0
1991-11-12,2848.0
1991-11-13,3171.0
1991-11-14,3849.0
1991-11-15,3392.0
1991-11-16,3169.0
1991-11-17,2978.0
1991-11-18,2815.0
1991-11-19,2874.0
1991-11-20,2881.0
1991-11-21,2838.0
1991-11-22,2631.0
1991-11-23,2511.0
1991-11-24,2339.0
1991-11-25,2224.0
1991-11-26,2096.0
1991-11-27,1968.0
1991-11-28,1860.0
1991-11-29,1790.0
1991-11-30,1754.0
1991-12-01,1688.0
1991-12-02,1604.0
1991-12-03,1567.0
1991-12-04,1491.0
1991-12-05,1470.0
1991-12-06,1411.0
1991-12-07,1363.0
1991-12-08,1321.0
1991-12-09,1253.0
1991-12-10,1222.0
1991-12-11,1205.0
1991-12-12,1201.0
1991-12-13,1180.0
1991-12-14,1154.0
1991-12-15,1143.0
1991-12-16,1112.0
1991-12-17,1085.0
1991-12-18,1073.0
1991-12-19,1067.0
1991-12-20,1068.0
1991-12-21,1097.0
1991-12-22,1454.0
1991-12-23,1814.0
1991-12-24,1593.0
1991-12-25,1310.0
1991-12-26,1232.0
1991-12-27,1211.0
1991-12-28,1181.0
1991-12-29,1164.0
1991-12-30,1129.0
1991-12-31,1097.0
1992-01-01,1075.0
1992-01-02,1066.0
1992-01-03,1051.0
1992-01-04,1051.0
1992-01-05,1051.0
1992-01-06,1036.0
1992-01-07,1029.0
1992-01-08,1029.0
1992-01-09,1038.0
1992-01-10,1100.0
1992-01-11,1078.0
1992-01-12,1073.0
1992-01-13,1054.0
1992-01-14,1050.0
1992-01-15,1029.0
1992-01-16,1029.0
1992-01-17,1029.0
1992-01-18,1013.0
1992-01-19,1007.0
1992-01-20,1007.0
1992-01-21,1007.0
1992-01-22,990.0
1992-01-23,985.0
1992-01-24,985.0
1992-01-25,985.0
1992-01-26,964.0
1992-01-27,964.0
1992-01-28,964.0
1992-01-29,964.0
1992-01-30,959.0
1992-01-31,942.0
1992-02-01,942.0
1992-02-02,942.0
1992-02-03,942.0
1992-02-04,942.0
1992-02-05,940.0
1992-02-06,942.0
1992-02-07,926.0
1992-02-08,920.0
1992-02-09,920.0
1992-02-10,926.0
1992-02-11,920.0
1992-02-12,920.0
1992-02-13,941.0
1992-02-14,928.0
1992-02-15,920.0
1992-02-16,920.0
1992-02-17,920.0
1992-02-18,933.0
1992-02-19,942.0
1992-02-20,942.0
1992-02-21,927.0
1992-02-22,918.0
1992-02-23,898.0
1992-02-24,898.0
1992-02-25,914.0
1992-02-26,920.0
1992-02-27,920.0
1992-02-28,913.0
1992-02-29,898.0
1992-03-01,898.0
1992-03-02,908.0
1992-03-03,920.0
1992-03-04,920.0
1992-03-05,952.0
1992-03-06,951.0
1992-03-07,921.0
1992-03-08,922.0
1992-03-09,942.0
1992-03-10,942.0
1992-03-11,942.0
1992-03-12,955.0
1992-03-13,964.0
1992-03-14,964.0
1992-03-15,964.0
1992-03-16,1005.0
1992-03-17,1030.0
1992-03-18,1029.0
1992-03-19,1029.0
1992-03-20,1029.0
1992-03-21,1029.0
1992-03-22,1031.0
1992-03-23,1103.0
1992-03-24,1120.0
1992-03-25,1115.0
1992-03-26,1095.0
1992-03-27,1082.0
1992-03-28,1058.0
1992-03-29,1060.0
1992-03-30,1088.0
1992-03-31,1135.0
1992-04-01,1150.0
1992-04-02,1135.0
1992-04-03,1114.0
1992-04-04,1327.0
1992-04-05,1380.0
1992-04-06,1365.0
1992-04-07,1364.0
1992-04-08,1360.0
1992-04-09,1321.0
1992-04-10,1473.0
1992-04-11,1642.0
1992-04-12,1694.0
1992-04-13,1732.0
1992-04-14,1750.0
1992-04-15,1901.0
1992-04-16,2023.0
1992-04-17,2382.0
1992-04-18,2382.0
1992-04-19,2409.0
1992-04-20,2574.0
1992-04-21,2855.0
1992-04-22,3282.0
1992-04-23,3774.0
1992-04-24,4054.0
1992-04-25,4596.0
1992-04-26,5048.0
1992-04-27,5492.0
1992-04-28,6717.0
1992-04-29,7842.0
1992-04-30,5511.0
1992-05-01,4169.0
1992-05-02,4095.0
1992-05-03,3945.0
1992-05-04,3959.0
1992-05-05,4510.0
1992-05-06,4714.0
1992-05-07,5103.0
1992-05-08,5582.0
1992-05-09,6038.0
1992-05-10,6366.0
1992-05-11,6932.0
1992-05-12,6533.0
1992-05-13,6816.0
1992-05-14,8359.0
1992-05-15,9245.0
1992-05-16,9879.0
1992-05-17,9588.0
1992-05-18,9329.0
1992-05-19,8968.0
1992-05-20,9386.0
1992-05-21,7868.0
1992-05-22,7043.0
1992-05-23,6569.0
1992-05-24,6082.0
1992-05-25,6094.0
1992-05-26,6111.0
1992-05-27,6443.0
1992-05-28,6177.0
1992-05-29,5979.0
1992-05-30,5625.0
1992-05-31,6723.0
1992-06-01,7735.0
1992-06-02,16147.0
1992-06-03,13690.0
1992-06-04,12456.0
1992-06-05,12742.0
1992-06-06,12346.0
1992-06-07,11483.0
1992-06-08,10556.0
1992-06-09,9814.0
1992-06-10,9664.0
1992-06-11,9242.0
1992-06-12,8645.0
1992-06-13,8183.0
1992-06-14,8268.0
1992-06-15,8280.0
1992-06-16,7779.0
1992-06-17,7631.0
1992-06-18,7248.0
1992-06-19,6965.0
1992-06-20,6624.0
1992-06-21,5947.0
1992-06-22,6208.0
1992-06-23,6678.0
1992-06-24,7113.0
1992-06-25,7441.0
1992-06-26,7196.0
1992-06-27,7073.0
1992-06-28,7123.0
1992-06-29,8566.0
1992-06-30,9046.0
1992-07-01,10654.0
1992-07-02,9192.0
1992-07-03,8290.0
1992-07-04,11545.0
1992-07-05,12444.0
1992-07-06,11316.0
1992-07-07,10770.0
1992-07-08,10869.0
1992-07-09,10660.0
1992-07-10,10767.0
1992-07-11,12309.0
1992-07-12,11205.0
1992-07-13,9883.0
1992-07-14,9322.0
1992-07-15,9281.0
1992-07-16,8819.0
1992-07-17,8125.0
1992-07-18,7895.0
1992-07-19,7460.0
1992-07-20,7169.0
1992-07-21,6997.0
1992-07-22,8187.0
1992-07-23,6631.0
1992-07-24,6182.0
1992-07-25,5769.0
1992-07-26,5454.0
1992-07-27,5045.0
1992-07-28,4797.0
1992-07-29,4594.0
1992-07-30,4372.0
1992-07-31,4103.0
1992-08-01,4079.0
1992-08-02,4305.0
1992-08-03,3794.0
1992-08-04,4455.0
1992-08-05,3657.0
1992-08-06,3202.0
1992-08-07,2759.0
1992-08-08,2503.0
1992-08-09,2447.0
1992-08-10,2490.0
1992-08-11,2253.0
1992-08-12,2122.0
1992-08-13,2033.0
1992-08-14,1941.0
1992-08-15,1859.0
1992-08-16,1786.0
1992-08-17,1699.0
1992-08-18,1648.0
1992-08-19,1617.0
1992-08-20,1563.0
1992-08-21,1535.0
1992-08-22,1612.0
1992-08-23,1586.0
1992-08-24,1493.0
1992-08-25,1611.0
1992-08-26,1406.0
1992-08-27,1333.0
1992-08-28,1305.0
1992-08-29,3302.0
1992-08-30,4313.0
1992-08-31,3821.0
1992-09-01,5101.0
1992-09-02,3081.0
1992-09-03,2505.0
1992-09-04,2312.0
1992-09-05,2222.0
1992-09-06,2085.0
1992-09-07,1858.0
1992-09-08,1750.0
1992-09-09,1817.0
1992-09-10,2224.0
1992-09-11,1805.0
1992-09-12,1729.0
1992-09-13,1656.0
1992-09-14,1602.0
1992-09-15,1550.0
1992-09-16,1499.0
1992-09-17,1446.0
1992-09-18,1414.0
1992-09-19,1385.0
1992-09-20,1363.0
1992-09-21,1331.0
1992-09-22,2757.0
1992-09-23,2504.0
1992-09-24,1786.0
1992-09-25,1644.0
1992-09-26,1561.0
1992-09-27,5814.0
1992-09-28,8650.0
1992-09-29,4935.0
1992-09-30,4007.0
1992-10-01,3301.0
1992-10-02,2883.0
1992-10-03,2791.0
1992-10-04,2942.0
1992-10-05,2936.0
1992-10-06,2911.0
1992-10-07,3199.0
1992-10-08,3187.0
1992-10-09,3187.0
1992-10-10,5979.0
1992-10-11,5709.0
1992-10-12,5120.0
1992-10-13,4632.0
1992-10-14,4195.0
1992-10-15,3931.0
1992-10-16,3706.0
1992-10-17,4349.0
1992-10-18,4241.0
1992-10-19,4213.0
1992-10-20,7852.0
1992-10-21,8641.0
1992-10-22,7452.0
1992-10-23,6627.0
1992-10-24,5933.0
1992-10-25,6175.0
1992-10-26,10224.0
1992-10-27,9289.0
1992-10-28,11178.0
1992-10-29,20973.0
1992-10-30,14754.0
1992-10-31,15878.0
1992-11-01,13085.0
1992-11-02,11581.0
1992-11-03,10305.0
1992-11-04,9453.0
1992-11-05,9049.0
1992-11-06,8339.0
1992-11-07,7871.0
1992-11-08,7348.0
1992-11-09,6795.0
1992-11-10,6522.0
1992-11-11,7150.0
1992-11-12,8176.0
1992-11-13,7247.0
1992-11-14,6671.0
1992-11-15,6849.0
1992-11-16,10417.0
1992-11-17,9376.0
1992-11-18,8108.0
1992-11-19,9076.0
1992-11-20,9691.0
1992-11-21,13172.0
1992-11-22,12848.0
1992-11-23,11438.0
1992-11-24,9973.0
1992-11-25,8910.0
1992-11-26,8141.0
1992-11-27,8173.0
1992-11-28,7524.0
1992-11-29,7029.0
1992-11-30,6410.0
1992-12-01,5784.0
1992-12-02,5450.0
1992-12-03,5744.0
1992-12-04,5613.0
1992-12-05,7261.0
1992-12-06,6250.0
1992-12-07,6793.0
1992-12-08,6598.0
1992-12-09,5971.0
1992-12-10,5427.0
1992-12-11,4955.0
1992-12-12,4529.0
1992-12-13,4217.0
1992-12-14,3868.0
1992-12-15,3614.0
1992-12-16,3498.0
1992-12-17,3286.0
1992-12-18,2956.0
1992-12-19,2801.0
1992-12-20,2654.0
1992-12-21,2464.0
1992-12-22,2346.0
1992-12-23,2276.0
1992-12-24,2121.0
1992-12-25,1969.0
1992-12-26,1900.0
1992-12-27,1801.0
1992-12-28,1713.0
1992-12-29,1606.0
1992-12-30,1568.0
1992-12-31,1529.0
1993-01-01,1479.0
1993-01-02,1442.0
1993-01-03,1394.0
1993-01-04,1345.0
1993-01-05,1314.0
1993-01-06,1285.0
1993-01-07,1258.0
1993-01-08,1231.0
1993-01-09,1211.0
1993-01-10,1187.0
1993-01-11,1176.0
1993-01-12,1180.0
1993-01-13,1180.0
1993-01-14,1180.0
1993-01-15,1162.0
1993-01-16,1150.0
1993-01-17,1130.0
1993-01-18,1119.0
1993-01-19,1133.0
1993-01-20,1122.0
1993-01-21,1107.0
1993-01-22,1095.0
1993-01-23,1095.0
1993-01-24,1095.0
1993-01-25,1080.0
1993-01-26,1073.0
1993-01-27,1073.0
1993-01-28,1073.0
1993-01-29,1073.0
1993-01-30,1073.0
1993-01-31,1058.0
1993-02-01,1051.0
1993-02-02,1032.0
1993-02-03,1029.0
1993-02-04,1027.0
1993-02-05,1012.0
1993-02-06,969.0
1993-02-07,950.0
1993-02-08,928.0
1993-02-09,920.0
1993-02-10,920.0
1993-02-11,920.0
1993-02-12,914.0
1993-02-13,898.0
1993-02-14,898.0
1993-02-15,898.0
1993-02-16,898.0
1993-02-17,879.0
1993-02-18,876.0
1993-02-19,876.0
1993-02-20,876.0
1993-02-21,876.0
1993-02-22,941.0
1993-02-23,927.0
1993-02-24,898.0
1993-02-25,883.0
1993-02-26,876.0
1993-02-27,876.0
1993-02-28,858.0
1993-03-01,854.0
1993-03-02,854.0
1993-03-03,854.0
1993-03-04,844.0
1993-03-05,832.0
1993-03-06,832.0
1993-03-07,832.0
1993-03-08,832.0
1993-03-09,825.0
1993-03-10,817.0
1993-03-11,817.0
1993-03-12,817.0
1993-03-13,817.0
1993-03-14,817.0
1993-03-15,817.0
1993-03-16,839.0
1993-03-17,861.0
1993-03-18,863.0
1993-03-19,867.0
1993-03-20,874.0
1993-03-21,895.0
1993-03-22,912.0
1993-03-23,921.0
1993-03-24,933.0
1993-03-25,935.0
1993-03-26,959.0
1993-03-27,933.0
1993-03-28,937.0
1993-03-29,929.0
1993-03-30,923.0
1993-03-31,942.0
1993-04-01,955.0
1993-04-02,989.0
1993-04-03,976.0
1993-04-04,964.0
1993-04-05,952.0
1993-04-06,1039.0
1993-04-07,1233.0
1993-04-08,1260.0
1993-04-09,1293.0
1993-04-10,1402.0
1993-04-11,1456.0
1993-04-12,1743.0
1993-04-13,2116.0
1993-04-14,2066.0
1993-04-15,2032.0
1993-04-16,2020.0
1993-04-17,2013.0
1993-04-18,2065.0
1993-04-19,2175.0
1993-04-20,2316.0
1993-04-21,2445.0
1993-04-22,2425.0
1993-04-23,1838.0
1993-04-24,1591.0
1993-04-25,1692.0
1993-04-26,2093.0
1993-04-27,2642.0
1993-04-28,2910.0
1993-04-29,2669.0
1993-04-30,2619.0
1993-05-01,2743.0
1993-05-02,2972.0
1993-06-04,6035.0
1993-06-05,8859.0
1993-06-06,9874.0
1993-06-07,10278.0
1993-06-08,10552.0
1993-06-09,10592.0
1993-06-10,11447.0
1993-06-11,12602.0
1993-06-12,11401.0
1993-06-13,9841.0
1993-06-14,8550.0
1993-06-15,7988.0
1993-06-16,7885.0
1993-06-17,8364.0
1993-06-18,8787.0
1993-06-19,9113.0
1993-06-20,9229.0
1993-06-21,8788.0
1993-06-22,8985.0
1993-06-23,10256.0
1993-06-24,9295.0
1993-06-25,8824.0
1993-06-26,8389.0
1993-06-27,8383.0
1993-06-28,8278.0
1993-06-29,8974.0
1993-06-30,9554.0
1993-07-01,9179.0
1993-07-02,9762.0
1993-07-03,8339.0
1993-07-04,7801.0
1993-07-05,7857.0
1993-07-06,8823.0
1993-07-07,7962.0
1993-07-08,7065.0
1993-07-09,6539.0
1993-07-10,7088.0
1993-07-11,7080.0
1993-07-12,6084.0
1993-07-13,5538.0
1993-07-14,5098.0
1993-07-15,4822.0
1993-07-16,4793.0
1993-07-17,4798.0
1993-07-18,5018.0
1993-07-19,6505.0
1993-07-20,5152.0
1993-07-21,4549.0
1993-07-22,4062.0
1993-07-23,3819.0
1993-07-24,3798.0
1993-07-25,3926.0
1993-07-26,3410.0
1993-07-27,3014.0
1993-07-28,2659.0
1993-07-29,2642.0
1993-07-30,2424.0
1993-07-31,2416.0
1993-08-01,2313.0
1993-08-02,2102.0
1993-08-03,1961.0
1993-08-04,1945.0
1993-08-05,1943.0
1993-08-06,1845.0
1993-08-07,1838.0
1993-08-08,1791.0
1993-08-09,1692.0
1993-08-10,1497.0
1993-08-11,1365.0
1993-08-12,1333.0
1993-08-13,1296.0
1993-08-14,1288.0
1993-08-15,1284.0
1993-08-16,1241.0
1993-08-17,1204.0
1993-08-18,1154.0
1993-08-19,1136.0
1993-08-20,1109.0
1993-08-21,1089.0
1993-08-22,1079.0
1993-08-23,1085.0
1993-08-24,2071.0
1993-08-25,1945.0
1993-08-26,1553.0
1993-08-27,2652.0
1993-08-28,2110.0
1993-08-29,1645.0
1993-08-30,1444.0
1993-08-31,1386.0
1993-09-01,1336.0
1993-09-02,1294.0
1993-09-03,1267.0
1993-09-04,1259.0
1993-09-05,1251.0
1993-09-06,1215.0
1993-09-07,1186.0
1993-09-08,1237.0
1993-09-09,1157.0
1993-09-10,1711.0
1993-09-11,1319.0
1993-09-12,1264.0
1993-09-13,3886.0
1993-09-14,2509.0
1993-09-15,2036.0
1993-09-16,1942.0
1993-09-17,1813.0
1993-09-18,1678.0
1993-09-19,1602.0
1993-09-20,1521.0
1993-09-21,1501.0
1993-09-22,1604.0
1993-09-23,14943.0
1993-09-24,15292.0
1993-09-25,11374.0
1993-09-26,8562.0
1993-09-27,7107.0
1993-09-28,6335.0
1993-09-29,6155.0
1993-09-30,6153.0
1993-10-01,9539.0
1993-10-02,16394.0
1993-10-03,13176.0
1993-10-04,11232.0
1993-10-05,12498.0
1993-10-06,24011.0
1993-10-07,19008.0
1993-10-08,37720.0
1993-10-09,29250.0
1993-10-10,23832.0
1993-10-11,21859.0
1993-10-12,21387.0
1993-10-13,18997.0
1993-10-14,18393.0
1993-10-15,15859.0
1993-10-16,14382.0
1993-10-17,14071.0
1993-10-18,12148.0
1993-10-19,11844.0
1993-10-20,11454.0
1993-10-21,10589.0
1993-10-22,10220.0
1993-10-23,9586.0
1993-10-24,8953.0
1993-10-25,8319.0
1993-10-26,7692.0
1993-10-27,7246.0
1993-10-28,7006.0
1993-10-29,6769.0
1993-10-30,6531.0
1993-10-31,6294.0
1993-11-01,6056.0
1993-11-02,5818.0
1993-11-03,5581.0
1993-11-04,5193.0
1993-11-05,4909.0
1993-11-06,4740.0
1993-11-07,4572.0
1993-11-08,4378.0
1993-11-09,4159.0
1993-11-10,3941.0
1993-11-11,3770.0
1993-11-12,3617.0
1993-11-13,3463.0
1993-11-14,3310.0
1993-11-15,3155.0
1993-11-16,3010.0
1993-11-17,2887.0
1993-11-18,2762.0
1993-11-19,2635.0
1993-11-20,2513.0
1993-11-21,2428.0
1993-11-22,2349.0
1993-11-23,2272.0
1993-11-24,2268.0
1993-11-25,2182.0
1993-11-26,2065.0
1993-11-27,2105.0
1993-11-28,2045.0
1993-11-29,1982.0
1993-11-30,1963.0
1993-12-01,1903.0
1993-12-02,1754.0
1993-12-03,1712.0
1993-12-04,1696.0
1993-12-05,1680.0
1993-12-06,1663.0
1993-12-07,1662.0
1993-12-08,1844.0
1993-12-09,2073.0
1993-12-10,2000.0
1993-12-11,2215.0
1993-12-12,2098.0
1993-12-13,1985.0
1993-12-14,2067.0
1993-12-15,2031.0
1993-12-16,2048.0
1993-12-17,2021.0
1993-12-18,2005.0
1993-12-19,2147.0
1993-12-20,5637.0
1993-12-21,5758.0
1993-12-22,4960.0
1993-12-23,4452.0
1993-12-24,4308.0
1993-12-25,4018.0
1993-12-26,3683.0
1993-12-27,3346.0
1993-12-28,3038.0
1993-12-29,2896.0
1993-12-30,2867.0
1993-12-31,3942.0
1994-01-01,5780.0
1994-01-02,5365.0
1994-01-03,5873.0
1994-01-04,5593.0
1994-01-05,5185.0
1994-01-06,6257.0
1994-01-07,10830.0
1994-01-08,8807.0
1994-01-09,7366.0
1994-01-10,6585.0
1994-01-11,6189.0
1994-01-12,5473.0
1994-01-13,4987.0
1994-01-14,4726.0
1994-01-15,4566.0
1994-01-16,4375.0
1994-01-17,3984.0
1994-01-18,3601.0
1994-01-19,3289.0
1994-01-20,3039.0
1994-01-21,2807.0
1994-01-22,2668.0
1994-01-23,2553.0
1994-01-24,2453.0
1994-01-25,2373.0
1994-01-26,2385.0
1994-01-27,2255.0
1994-01-28,2182.0
1994-01-29,2121.0
1994-01-30,2063.0
1994-01-31,1992.0
1994-02-01,1959.0
1994-02-02,1959.0
1994-02-03,1927.0
1994-02-04,1913.0
1994-02-05,1891.0
1994-02-06,1894.0
1994-02-07,1850.0
1994-02-08,1804.0
1994-02-09,1759.0
1994-02-10,1769.0
1994-02-11,1826.0
1994-02-12,1787.0
1994-02-13,1763.0
1994-02-14,1743.0
1994-02-15,1725.0
1994-02-16,1708.0
1994-02-17,1658.0
1994-02-18,1586.0
1994-02-19,1569.0
1994-02-20,1552.0
1994-02-21,1536.0
1994-02-22,1521.0
1994-02-23,1525.0
1994-02-24,1528.0
1994-02-25,1529.0
1994-02-26,1482.0
1994-02-27,1529.0
1994-02-28,1863.0
1994-03-01,1801.0
1994-03-02,1718.0
1994-03-03,1763.0
1994-03-04,1896.0
1994-03-05,1978.0
1994-03-06,2024.0
1994-03-07,2036.0
1994-03-08,2047.0
1994-03-09,2152.0
1994-03-10,2553.0
1994-03-11,3055.0
1994-03-12,3561.0
1994-03-13,3501.0
1994-03-14,3298.0
1994-03-15,3441.0
1994-03-16,3607.0
1994-03-17,3678.0
1994-03-18,3538.0
1994-03-19,3492.0
1994-03-20,3421.0
1994-03-21,3492.0
1994-03-22,3574.0
1994-03-23,3690.0
1994-03-24,4169.0
1994-03-25,5059.0
1994-03-26,5831.0
1994-03-27,5819.0
1994-03-28,5478.0
1994-03-29,5161.0
1994-03-30,5589.0
1994-03-31,5961.0
1994-04-01,5898.0
1994-04-02,5910.0
1994-04-03,5422.0
1994-04-04,5171.0
1994-04-05,4917.0
1994-04-06,4752.0
1994-04-07,4720.0
1994-04-08,4656.0
1994-04-09,4578.0
1994-04-10,5225.0
1994-04-11,6048.0
1994-04-12,6019.0
1994-04-13,6071.0
1994-04-14,6392.0
1994-04-15,6379.0
1994-04-16,6351.0
1994-04-17,6084.0
1994-04-18,6191.0
1994-04-19,6307.0
1994-04-20,6710.0
1994-04-21,6868.0
1994-04-22,6198.0
1994-04-23,6261.0
1994-04-24,6350.0
1994-04-25,7280.0
1994-04-26,6993.0
1994-04-27,7106.0
1994-04-28,7750.0
1994-04-29,8974.0
1994-04-30,10289.0
1994-05-01,11453.0
1994-05-02,12097.0
1994-05-03,11762.0
1994-05-04,11660.0
1994-05-05,11567.0
1994-05-06,11099.0
1994-05-07,11504.0
1994-05-08,11793.0
1994-05-09,11049.0
1994-05-10,10325.0
1994-05-11,10816.0
1994-05-12,11498.0
1994-05-13,11099.0
1994-05-14,12696.0
1994-05-15,12603.0
1994-05-16,12184.0
1994-05-17,12229.0
1994-05-18,12752.0
1994-05-19,12227.0
1994-05-20,11964.0
1994-05-21,11556.0
1994-05-22,12461.0
1994-05-23,13981.0
1994-05-24,15991.0
1994-05-25,16173.0
1994-05-26,15753.0
1994-05-27,14068.0
1994-05-28,13789.0
1994-05-29,13401.0
1994-05-30,13030.0
1994-05-31,14106.0
1994-06-01,14923.0
1994-06-02,15311.0
1994-06-03,16047.0
1994-06-04,14129.0
1994-06-05,12654.0
1994-06-06,11948.0
1994-06-07,12236.0
1994-06-08,12962.0
1994-06-09,13080.0
1994-06-10,11889.0
1994-06-11,10685.0
1994-06-12,9793.0
1994-06-13,9325.0
1994-06-14,9409.0
1994-06-15,9294.0
1994-06-16,9876.0
1994-06-17,10228.0
1994-06-18,10240.0
1994-06-19,12052.0
1994-06-20,12067.0
1994-06-21,10987.0
1994-06-22,10849.0
1994-06-23,11520.0
1994-06-24,12315.0
1994-06-25,12310.0
1994-06-26,23274.0
1994-06-27,16616.0
1994-06-28,13199.0
1994-06-29,12990.0
1994-06-30,13142.0
1994-07-01,13220.0
1994-07-02,13109.0
1994-07-03,12902.0
1994-07-04,12560.0
1994-07-05,11962.0
1994-07-06,10978.0
1994-07-07,10453.0
1994-07-08,9897.0
1994-07-09,9359.0
1994-07-10,8859.0
1994-07-11,8529.0
1994-07-12,8329.0
1994-07-13,7893.0
1994-07-14,7715.0
1994-07-15,7398.0
1994-07-16,7368.0
1994-07-17,7215.0
1994-07-18,7232.0
1994-07-19,6874.0
1994-07-20,6436.0
1994-07-21,6136.0
1994-07-22,5986.0
1994-07-23,8168.0
1994-07-24,10138.0
1994-07-25,8489.0
1994-07-26,8197.0
1994-07-27,7498.0
1994-07-28,7472.0
1994-07-29,8993.0
1994-07-30,10926.0
1994-07-31,9195.0
1994-08-01,11670.0
1994-08-02,8940.0
1994-08-03,8180.0
1994-08-04,7904.0
1994-08-05,7482.0
1994-08-06,7272.0
1994-08-07,6838.0
1994-08-08,6754.0
1994-08-09,6436.0
1994-08-10,6177.0
1994-08-11,5860.0
1994-08-12,5339.0
1994-08-13,5231.0
1994-08-14,4930.0
1994-08-15,4719.0
1994-08-16,4476.0
1994-08-17,4563.0
1994-08-18,4413.0
1994-08-19,4106.0
1994-08-20,3901.0
1994-08-21,3741.0
1994-08-22,3620.0
1994-08-23,3583.0
1994-08-24,3671.0
1994-08-25,3411.0
1994-08-26,3122.0
1994-08-27,2988.0
1994-08-28,2873.0
1994-08-29,2740.0
1994-08-30,2661.0
1994-08-31,2810.0
1994-09-01,3372.0
1994-09-02,6006.0
1994-09-03,4050.0
1994-09-04,3290.0
1994-09-05,2804.0
1994-09-06,2727.0
1994-09-07,2688.0
1994-09-08,11810.0
1994-09-09,8153.0
1994-09-10,5943.0
1994-09-11,5243.0
1994-09-12,5063.0
1994-09-13,7787.0
1994-09-14,17665.0
1994-09-15,13087.0
1994-09-16,12225.0
1994-09-17,11417.0
1994-09-18,10262.0
1994-09-19,9562.0
1994-09-20,9792.0
1994-09-21,10329.0
1994-09-22,10123.0
1994-09-23,16032.0
1994-09-24,15054.0
1994-09-25,11335.0
1994-09-26,16398.0
1994-09-27,13723.0
1994-09-28,12253.0
1994-09-29,11119.0
1994-09-30,10818.0
1994-10-01,10199.0
1994-10-02,9559.0
1994-10-03,8919.0
1994-10-04,8279.0
1994-10-05,7660.0
1994-10-06,7246.0
1994-10-07,6889.0
1994-10-08,6578.0
1994-10-09,6288.0
1994-10-10,5958.0
1994-10-11,5753.0
1994-10-12,5617.0
1994-10-13,5416.0
1994-10-14,5216.0
1994-10-15,5016.0
1994-10-16,4815.0
1994-10-17,4615.0
1994-10-18,4414.0
1994-10-19,4404.0
1994-10-20,5007.0
1994-10-21,4816.0
1994-10-22,4579.0
1994-10-23,10896.0
1994-10-24,8278.0
1994-10-25,7194.0
1994-10-26,6760.0
1994-10-27,6268.0
1994-10-28,7619.0
1994-10-29,7680.0
1994-10-30,7222.0
1994-10-31,6865.0
1994-11-01,6527.0
1994-11-02,6267.0
1994-11-03,6077.0
1994-11-04,6364.0
1994-11-05,20282.0
1994-11-06,23233.0
1994-11-07,15864.0
1994-11-08,13523.0
1994-11-09,12386.0
1994-11-10,13876.0
1994-11-11,13060.0
1994-11-12,12010.0
1994-11-13,11274.0
1994-11-14,10477.0
1994-11-15,9940.0
1994-11-16,9465.0
1994-11-17,8953.0
1994-11-18,8896.0
1994-11-19,8965.0
1994-11-20,8637.0
1994-11-21,8102.0
1994-11-22,7646.0
1994-11-23,7159.0
1994-11-24,6827.0
1994-11-25,6484.0
1994-11-26,6224.0
1994-11-27,6021.0
1994-11-28,5736.0
1994-11-29,5503.0
1994-11-30,5316.0
1994-12-01,5130.0
1994-12-02,4951.0
1994-12-03,4774.0
1994-12-04,4586.0
1994-12-05,4489.0
1994-12-06,4265.0
1994-12-07,4081.0
1994-12-08,3902.0
1994-12-09,4329.0
1994-12-10,5057.0
1994-12-11,4637.0
1994-12-12,4382.0
1994-12-13,4197.0
1994-12-14,4008.0
1994-12-15,3819.0
1994-12-16,3640.0
1994-12-17,3537.0
1994-12-18,3404.0
1994-12-19,3266.0
1994-12-20,3146.0
1994-12-21,3003.0
1994-12-22,2900.0
1994-12-23,2808.0
1994-12-24,2718.0
1994-12-25,2689.0
1994-12-26,2594.0
1994-12-27,2522.0
1994-12-28,2511.0
1994-12-29,2429.0
1994-12-30,2409.0
1994-12-31,2506.0
1995-01-01,2446.0
1995-01-02,2357.0
1995-01-03,2297.0
1995-01-04,2255.0
1995-01-05,2206.0
1995-01-06,2180.0
1995-01-07,2154.0
1995-01-08,2128.0
1995-01-09,2094.0
1995-01-10,2031.0
1995-01-11,2222.0
1995-01-12,2064.0
1995-01-13,2002.0
1995-01-14,1975.0
1995-01-15,1955.0
1995-01-16,1934.0
1995-01-17,1913.0
1995-01-18,1954.0
1995-01-19,1963.0
1995-01-20,1943.0
1995-01-21,1966.0
1995-01-22,2574.0
1995-01-23,4260.0
1995-01-24,4839.0
1995-01-25,4739.0
1995-01-26,4347.0
1995-01-27,3789.0
1995-01-28,3433.0
1995-01-29,3330.0
1995-01-30,3840.0
1995-01-31,3901.0
1995-02-01,3534.0
1995-02-02,3362.0
1995-02-03,3139.0
1995-02-04,2886.0
1995-02-05,2863.0
1995-02-06,2812.0
1995-02-07,2748.0
1995-02-08,2810.0
1995-02-09,3019.0
1995-02-10,2938.0
1995-02-11,2839.0
1995-02-12,2842.0
1995-02-13,3048.0
1995-02-14,3743.0
1995-02-15,3656.0
1995-02-16,5855.0
1995-02-17,5171.0
1995-02-18,5131.0
1995-02-19,4774.0
1995-02-20,4489.0
1995-02-21,4407.0
1995-02-22,4420.0
1995-02-23,4257.0
1995-02-24,4414.0
1995-02-25,6603.0
1995-02-26,6902.0
1995-02-27,5877.0
1995-02-28,5273.0
1995-03-01,5125.0
1995-03-02,5063.0
1995-03-03,4906.0
1995-03-04,4523.0
1995-03-05,4189.0
1995-03-06,3838.0
1995-03-07,3571.0
1995-03-08,3369.0
1995-03-09,3148.0
1995-03-10,3123.0
1995-03-11,3154.0
1995-03-12,3410.0
1995-03-13,3731.0
1995-03-14,3689.0
1995-03-15,3510.0
1995-03-16,3230.0
1995-03-17,3109.0
1995-03-18,3058.0
1995-03-19,3105.0
1995-03-20,3334.0
1995-03-21,3129.0
1995-03-22,3034.0
1995-03-23,3015.0
1995-03-24,3101.0
1995-03-25,3347.0
1995-03-26,4305.0
1995-03-27,5313.0
1995-03-28,5188.0
1995-03-29,5001.0
1995-03-30,4825.0
1995-03-31,4725.0
1995-04-01,4669.0
1995-04-02,4888.0
1995-04-03,5720.0
1995-04-04,6551.0
1995-04-05,7274.0
1995-04-06,8030.0
1995-04-07,7455.0
1995-04-08,7672.0
1995-04-09,7673.0
1995-04-10,7387.0
1995-04-11,7225.0
1995-04-12,7336.0
1995-04-13,7589.0
1995-04-14,7203.0
1995-04-15,6862.0
1995-04-16,6660.0
1995-04-17,6414.0
1995-04-18,6433.0
1995-04-19,6733.0
1995-04-20,6545.0
1995-04-21,6772.0
1995-04-22,12111.0
1995-04-23,12246.0
1995-04-24,11332.0
1995-04-25,10564.0
1995-04-26,9790.0
1995-04-27,9347.0
1995-04-28,9257.0
1995-04-29,9646.0
1995-04-30,10122.0
1995-05-01,10270.0
1995-05-02,10819.0
1995-05-03,11618.0
1995-05-04,12330.0
1995-05-05,13248.0
1995-05-06,14200.0
1995-05-07,14176.0
1995-05-08,13624.0
1995-05-09,15016.0
1995-05-10,15477.0
1995-05-11,15158.0
1995-05-12,14111.0
1995-05-13,13651.0
1995-05-14,12218.0
1995-05-15,11573.0
1995-05-16,11698.0
1995-05-17,12584.0
1995-05-18,15450.0
1995-05-19,16617.0
1995-05-20,14104.0
1995-05-21,13058.0
1995-05-22,12621.0
1995-05-23,12799.0
1995-05-24,13261.0
1995-05-25,14399.0
1995-05-26,22825.0
1995-05-27,18748.0
1995-05-28,18008.0
1995-05-29,20289.0
1995-05-30,21147.0
1995-05-31,17710.0
1995-06-01,16448.0
1995-06-02,15428.0
1995-06-03,14392.0
1995-06-04,13901.0
1995-06-05,13555.0
1995-06-06,13130.0
1995-06-07,13412.0
1995-06-08,13627.0
1995-06-09,13655.0
1995-06-10,14038.0
1995-06-11,13224.0
1995-06-12,12229.0
1995-06-13,11100.0
1995-06-14,10498.0
1995-06-15,10389.0
1995-06-16,10509.0
1995-06-17,10962.0
1995-06-18,12011.0
1995-06-19,13565.0
1995-06-20,15317.0
1995-06-21,15694.0
1995-06-22,16482.0
1995-06-23,15755.0
1995-06-24,13461.0
1995-06-25,11907.0
1995-06-26,12147.0
1995-06-27,14324.0
1995-06-28,14292.0
1995-06-29,13814.0
1995-06-30,14414.0
1995-07-01,14234.0
1995-07-02,13989.0
1995-07-03,14540.0
1995-07-04,12997.0
1995-07-05,12027.0
1995-07-06,11464.0
1995-07-07,11841.0
1995-07-08,11408.0
1995-07-09,11743.0
1995-07-10,12019.0
1995-07-11,12490.0
1995-07-12,12248.0
1995-07-13,11381.0
1995-07-14,11246.0
1995-07-15,10725.0
1995-07-16,10062.0
1995-07-17,9508.0
1995-07-18,9238.0
1995-07-19,9273.0
1995-07-20,9823.0
1995-07-21,9822.0
1995-07-22,9641.0
1995-07-23,9234.0
1995-07-24,8680.0
1995-07-25,8562.0
1995-07-26,8308.0
1995-07-27,7904.0
1995-07-28,7309.0
1995-07-29,7148.0
1995-07-30,7195.0
1995-07-31,8924.0
1995-08-01,7946.0
1995-08-02,6934.0
1995-08-03,6416.0
1995-08-04,6148.0
1995-08-05,5832.0
1995-08-06,6287.0
1995-08-07,7392.0
1995-08-08,7665.0
1995-08-09,6558.0
1995-08-10,5859.0
1995-08-11,6776.0
1995-08-12,6682.0
1995-08-13,6017.0
1995-08-14,5569.0
1995-08-15,5169.0
1995-08-16,4822.0
1995-08-17,4651.0
1995-08-18,4709.0
1995-08-19,4291.0
1995-08-20,4333.0
1995-08-21,4332.0
1995-08-22,4576.0
1995-08-23,4378.0
1995-08-24,4073.0
1995-08-25,3777.0
1995-08-26,3601.0
1995-08-27,3500.0
1995-08-28,3481.0
1995-08-29,3200.0
1995-08-30,2936.0
1995-08-31,2784.0
1995-09-01,2648.0
1995-09-02,2527.0
1995-09-03,2461.0
1995-09-04,2345.0
1995-09-05,2257.0
1995-09-06,2211.0
1995-09-07,3183.0
1995-09-08,4918.0
1995-09-09,4181.0
1995-09-10,3248.0
1995-09-11,3270.0
1995-09-12,3160.0
1995-09-13,7672.0
1995-09-14,5451.0
1995-09-15,4319.0
1995-09-16,3741.0
1995-09-17,3355.0
1995-09-18,3031.0
1995-09-19,4137.0
1995-09-20,5088.0
1995-09-21,4704.0
1995-09-22,4472.0
1995-09-23,4051.0
1995-09-24,3912.0
1995-09-25,4051.0
1995-09-26,3832.0
1995-09-27,3540.0
1995-09-28,3358.0
1995-09-29,3276.0
1995-09-30,3034.0
1995-10-01,2816.0
1995-10-02,2756.0
1995-10-03,2616.0
1995-10-04,3349.0
1995-10-05,6788.0
1995-10-06,7730.0
1995-10-07,5571.0
1995-10-08,4850.0
1995-10-09,4355.0
1995-10-10,4052.0
1995-10-11,3710.0
1995-10-12,3529.0
1995-10-13,3325.0
1995-10-14,3172.0
1995-10-15,3092.0
1995-10-16,2936.0
1995-10-17,2808.0
1995-10-18,2697.0
1995-10-19,2609.0
1995-10-20,2530.0
1995-10-21,2434.0
1995-10-22,2332.0
1995-10-23,2245.0
1995-10-24,2165.0
1995-10-25,2095.0
1995-10-26,2011.0
1995-10-27,1965.0
1995-10-28,1934.0
1995-10-29,2050.0
1995-10-30,1944.0
1995-10-31,1824.0
1995-11-01,1756.0
1995-11-02,1725.0
1995-11-03,1685.0
1995-11-04,1646.0
1995-11-05,1608.0
1995-11-06,1570.0
1995-11-07,1543.0
1995-11-08,1543.0
1995-11-09,1544.0
1995-11-10,1515.0
1995-11-11,1504.0
1995-11-12,1506.0
1995-11-13,1698.0
1995-11-14,1578.0
1995-11-15,1527.0
1995-11-16,1954.0
1995-11-17,2492.0
1995-11-18,2530.0
1995-11-19,2259.0
1995-11-20,2036.0
1995-11-21,1902.0
1995-11-22,1828.0
1995-11-23,1782.0
1995-11-24,1739.0
1995-11-25,1704.0
1995-11-26,1666.0
1995-11-27,1798.0
1995-11-28,1728.0
1995-11-29,1666.0
1995-11-30,1632.0
1995-12-01,1606.0
1995-12-02,1587.0
1995-12-03,1565.0
1995-12-04,1544.0
1995-12-05,1527.0
1995-12-06,1507.0
1995-12-07,1477.0
1995-12-08,1485.0
1995-12-09,1460.0
1995-12-10,1444.0
1995-12-11,1428.0
1995-12-12,1412.0
1995-12-13,1397.0
1995-12-14,1391.0
1995-12-15,1386.0
1995-12-16,1382.0
1997-01-21,4036.0
1997-01-22,4722.0
1997-01-23,5520.0
1997-01-24,4965.0
1997-01-25,4570.0
1997-01-26,4267.0
1997-01-27,3892.0
1997-01-28,3595.0
1997-01-29,3407.0
1997-01-30,3345.0
1997-01-31,3240.0
1997-02-01,3169.0
1997-02-02,3094.0
1997-02-03,2952.0
1997-02-04,2827.0
1997-02-05,2716.0
1997-02-06,2634.0
1997-02-07,2553.0
1997-02-08,2516.0
1997-02-09,2479.0
1997-02-10,2455.0
1997-02-11,2447.0
1997-02-12,2365.0
1997-02-13,2399.0
1997-02-14,2624.0
1997-02-15,2828.0
1997-02-16,2586.0
1997-02-17,2465.0
1997-02-18,2349.0
1997-02-19,2280.0
1997-02-20,2255.0
1997-02-21,2249.0
1997-02-22,2261.0
1997-02-23,2268.0
1997-02-24,2271.0
1997-02-25,2394.0
1997-02-26,2471.0
1997-02-27,2592.0
1997-02-28,2588.0
1997-03-01,2522.0
1997-03-02,2594.0
1997-03-03,2722.0
1997-03-04,2891.0
1997-03-05,3125.0
1997-03-06,3252.0
1997-03-07,3182.0
1997-03-08,3204.0
1997-03-09,3322.0
1997-03-10,3465.0
1997-03-11,3701.0
1997-03-12,3989.0
1997-03-13,4202.0
1997-03-14,4243.0
1997-03-15,4245.0
1997-03-16,4197.0
1997-03-17,4356.0
1997-03-18,4588.0
1997-03-19,4806.0
1997-03-20,4467.0
1997-03-21,4137.0
1997-03-22,3891.0
1997-03-23,3777.0
1997-03-24,3704.0
1997-03-25,3644.0
1997-03-26,3618.0
1997-03-27,3851.0
1997-03-28,4205.0
1997-03-29,4159.0
1997-03-30,4027.0
1997-03-31,4805.0
1997-04-01,5938.0
1997-04-02,6141.0
1997-04-03,6314.0
1997-04-04,6506.0
1997-04-05,6459.0
1997-04-06,6507.0
1997-04-07,6715.0
1997-04-08,6816.0
1997-04-09,6790.0
1997-04-10,6937.0
1997-04-11,5896.0
1997-04-12,6041.0
1997-04-13,5977.0
1997-04-14,5926.0
1997-04-15,5933.0
1997-04-16,5969.0
1997-04-17,5804.0
1997-04-18,5440.0
1997-04-19,5206.0
1997-04-20,5052.0
1997-04-21,4896.0
1997-04-22,4762.0
1997-04-23,4655.0
1997-04-24,4567.0
1997-04-25,4565.0
1997-04-26,5155.0
1997-04-27,7594.0
1997-04-28,6802.0
1997-04-29,6485.0
1997-04-30,6199.0
1997-05-01,6111.0
1997-05-02,6221.0
1997-05-03,6564.0
1997-05-04,7166.0
1997-05-05,9024.0
1997-05-06,11454.0
1997-05-07,10635.0
1997-05-08,9362.0
1997-05-09,8624.0
1997-05-10,7954.0
1997-05-11,7644.0
1997-05-12,8273.0
1997-05-13,9880.0
1997-05-14,11033.0
1997-05-15,12461.0
1997-05-16,12236.0
1997-05-17,12145.0
1997-05-18,12329.0
1997-05-19,11982.0
1997-05-20,11272.0
1997-05-21,10726.0
1997-05-22,10347.0
1997-05-23,10308.0
1997-05-24,10575.0
1997-05-25,10609.0
1997-05-26,11774.0
1997-05-27,12556.0
1997-05-28,12522.0
1997-05-29,12500.0
1997-05-30,12256.0
1997-05-31,12256.0
1997-06-01,12187.0
1997-06-02,11123.0
1997-06-03,10351.0
1997-06-04,10123.0
1997-06-05,10648.0
1997-06-06,10657.0
1997-06-07,10884.0
1997-06-08,11442.0
1997-06-09,11503.0
1997-06-10,11410.0
1997-06-11,11656.0
1997-06-12,11805.0
1997-06-13,11420.0
1997-06-14,11365.0
1997-06-15,10846.0
1997-06-16,10888.0
1997-06-17,11217.0
1997-06-18,9856.0
1997-06-19,9589.0
1997-06-20,8989.0
1997-06-21,8842.0
1997-06-22,15893.0
1997-06-23,11938.0
1997-06-24,10108.0
1997-06-25,9277.0
1997-06-26,11036.0
1997-06-27,13316.0
1997-06-28,12069.0
1997-06-29,14139.0
1997-06-30,13285.0
1997-07-01,12543.0
1997-07-02,11470.0
1997-07-03,17498.0
1997-07-04,15927.0
1997-07-05,18195.0
1997-07-06,15859.0
1997-07-07,14060.0
1997-07-08,13297.0
1997-07-09,12680.0
1997-07-10,12156.0
1997-07-11,11233.0
1997-07-12,10673.0
1997-07-13,10283.0
1997-07-14,9986.0
1997-07-15,9538.0
1997-07-16,9286.0
1997-07-17,9058.0
1997-07-18,8900.0
1997-07-19,8074.0
1997-07-20,7744.0
1997-07-21,7392.0
1997-07-22,7160.0
1997-07-23,6953.0
1997-07-24,7178.0
1997-07-25,6830.0
1997-07-26,7106.0
1997-07-27,6859.0
1997-07-28,6422.0
1997-07-29,6267.0
1997-07-30,6146.0
1997-07-31,5926.0
1997-08-01,5616.0
1997-08-02,5296.0
1997-08-03,4984.0
1997-08-04,4875.0
1997-08-05,4795.0
1997-08-06,4617.0
1997-08-07,4858.0
1997-08-08,4460.0
1997-08-09,4244.0
1997-08-10,4320.0
1997-08-11,5265.0
1997-08-12,4461.0
1997-08-13,4072.0
1997-08-14,3870.0
1997-08-15,3709.0
1997-08-16,3503.0
1997-08-17,3327.0
1997-08-18,3126.0
1997-08-19,2933.0
1997-08-20,2777.0
1997-08-21,2658.0
1997-08-22,2540.0
1997-08-23,2491.0
1997-08-24,2387.0
1997-08-25,2286.0
1997-08-26,2302.0
1997-08-27,2189.0
1997-08-28,6051.0
1997-08-29,4888.0
1997-08-30,3674.0
1997-08-31,3237.0
1997-09-01,2941.0
1997-09-02,2820.0
1997-09-03,2734.0
1997-09-04,2684.0
1997-09-05,2519.0
1997-09-06,2449.0
1997-09-07,2399.0
1997-09-08,2325.0
1997-09-09,2284.0
1997-09-10,2279.0
1997-09-11,2175.0
1997-09-12,2029.0
1997-09-13,2453.0
1997-09-14,2193.0
1997-09-15,2039.0
1997-09-16,1987.0
1997-09-17,1922.0
1997-09-18,1839.0
1997-09-19,1829.0
1997-09-20,1802.0
1997-09-21,1823.0
1997-09-22,1737.0
1997-09-23,1736.0
1997-09-24,1686.0
1997-09-25,1646.0
1997-09-26,1608.0
1997-09-27,1570.0
1997-09-28,1544.0
1997-09-29,1530.0
1997-09-30,1517.0
1997-10-01,1504.0
1997-10-02,1490.0
1997-10-03,1477.0
1997-10-04,1464.0
1997-10-05,1450.0
1997-10-06,1437.0
1997-10-07,1850.0
1997-10-08,1573.0
1997-10-09,1470.0
1997-10-10,1867.0
1997-10-11,2193.0
1997-10-12,2178.0
1997-10-13,2058.0
1997-10-14,1735.0
1997-10-15,1654.0
1997-10-16,1613.0
1997-10-17,1571.0
1997-10-18,1548.0
1997-10-19,1544.0
1997-10-20,1537.0
1997-10-21,1512.0
1997-10-22,1503.0
1997-10-23,1509.0
1997-10-24,1465.0
1997-10-25,1457.0
1997-10-26,1449.0
1997-10-27,1439.0
1997-10-28,1424.0
1997-10-29,1431.0
1997-10-30,1413.0
1997-10-31,1395.0
1997-11-01,1377.0
1997-11-02,1359.0
1997-11-03,1365.0
1997-11-04,1348.0
1997-11-05,1342.0
1997-11-06,16489.0
1997-11-07,14905.0
1997-11-08,7452.0
1997-11-09,6173.0
1997-11-10,4976.0
1997-11-11,4672.0
1997-11-12,7258.0
1997-11-13,5765.0
1997-11-14,5223.0
1997-11-15,4905.0
1997-11-16,4687.0
1997-11-17,4459.0
1997-11-18,4137.0
1997-11-19,3839.0
1997-11-20,3544.0
1997-11-21,3259.0
1997-11-22,2981.0
1997-11-23,2802.0
1997-11-24,2662.0
1997-11-25,2513.0
1997-11-26,2365.0
1997-11-27,2299.0
1997-11-28,2269.0
1997-11-29,2229.0
1997-11-30,2036.0
1997-12-01,1889.0
1997-12-02,1882.0
1997-12-03,1756.0
1997-12-04,1654.0
1997-12-05,1584.0
1997-12-06,1545.0
1997-12-07,1517.0
1997-12-08,1505.0
1997-12-09,1480.0
1997-12-10,1455.0
1997-12-11,1501.0
1997-12-12,3575.0
1997-12-13,2448.0
1997-12-14,2303.0
1997-12-15,2055.0
1997-12-16,1853.0
1997-12-17,1796.0
1997-12-18,2791.0
1997-12-19,4637.0
1997-12-20,5645.0
1997-12-21,4653.0
1997-12-22,3978.0
1997-12-23,3489.0
1997-12-24,3049.0
1997-12-25,2824.0
1997-12-26,2928.0
1997-12-27,2911.0
1997-12-28,2783.0
1997-12-29,2596.0
1997-12-30,2414.0
1997-12-31,2307.0
1998-01-01,2243.0
1998-01-02,2325.0
1998-01-03,2451.0
1998-01-04,3386.0
1998-01-05,2785.0
1998-01-06,2655.0
1998-01-07,2445.0
1998-01-08,2347.0
1998-01-09,2308.0
1998-01-10,2234.0
1998-01-11,2026.0
1998-01-12,1902.0
1998-01-13,1833.0
1998-01-14,1883.0
1998-01-15,1804.0
1998-01-16,1825.0
1998-01-17,1891.0
1998-01-18,1826.0
1998-01-19,2198.0
1998-01-20,2127.0
1998-01-21,1897.0
1998-01-22,1796.0
1998-01-23,1707.0
1998-01-24,1644.0
1998-01-25,1619.0
1998-01-26,1596.0
1998-01-27,1573.0
1998-01-28,1554.0
1998-01-29,1538.0
1998-01-30,1524.0
1998-01-31,1509.0
1998-02-01,1494.0
1998-02-02,1480.0
1998-02-03,1465.0
1998-02-04,1450.0
1998-02-05,1436.0
1998-02-06,1421.0
1998-02-07,1407.0
1998-02-08,1392.0
1998-02-09,1356.0
1998-02-10,1348.0
1998-02-11,1353.0
1998-02-12,1370.0
1998-02-13,1390.0
1998-02-14,1410.0
1998-02-15,1431.0
1998-02-16,1451.0
1998-02-17,1470.0
1998-02-18,1480.0
1998-02-19,1485.0
1998-02-20,1491.0
1998-02-21,1496.0
1998-02-22,1554.0
1998-02-23,1516.0
1998-02-24,1487.0
1998-02-25,1468.0
1998-02-26,1471.0
1998-02-27,1481.0
1998-02-28,1491.0
1998-03-01,1497.0
1998-03-02,1486.0
1998-03-03,1475.0
1998-03-04,1484.0
1998-03-05,1492.0
1998-03-06,1482.0
1998-03-07,1470.0
1998-03-08,1527.0
1998-03-09,1565.0
1998-03-10,1510.0
1998-03-11,1495.0
1998-03-12,1482.0
1998-03-13,1476.0
1998-03-14,1471.0
1998-03-15,1466.0
1998-03-16,1462.0
1998-03-17,1443.0
1998-03-18,1467.0
1998-03-19,1524.0
1998-03-20,1536.0
1998-03-21,1549.0
1998-03-22,1560.0
1998-03-23,1558.0
1998-03-24,1554.0
1998-03-25,1550.0
1998-03-26,1547.0
1998-03-27,1544.0
1998-03-28,1556.0
1998-03-29,1644.0
1998-03-30,1860.0
1998-03-31,1998.0
1998-04-01,2042.0
1998-04-02,1834.0
1998-04-03,1809.0
1998-04-04,2991.0
1998-04-05,3391.0
1998-04-06,2909.0
1998-04-07,2825.0
1998-04-08,2647.0
1998-04-09,2572.0
1998-04-10,2950.0
1998-04-11,2793.0
1998-04-12,2673.0
1998-04-13,2625.0
1998-04-14,2540.0
1998-04-15,2607.0
1998-04-16,2584.0
1998-04-17,2638.0
1998-04-18,2667.0
1998-04-19,2543.0
1998-04-20,3678.0
1998-04-21,4454.0
1998-04-22,5251.0
1998-04-23,5915.0
1998-04-24,6220.0
1998-04-25,6581.0
1998-04-26,7634.0
1998-04-27,8606.0
1998-04-28,7588.0
1998-04-29,6834.0
1998-04-30,5212.0
1998-05-01,4698.0
1998-05-02,4494.0
1998-05-03,4481.0
1998-05-04,4675.0
1998-05-05,4630.0
1998-05-06,4807.0
1998-05-07,4931.0
1998-05-08,5664.0
1998-05-09,6425.0
1998-05-10,7195.0
1998-05-11,8686.0
1998-05-12,9683.0
1998-05-13,9983.0
1998-05-14,10219.0
1998-05-15,10984.0
1998-05-16,10829.0
1998-05-17,10722.0
1998-05-18,10259.0
1998-05-19,10089.0
1998-05-20,10005.0
1998-05-21,9591.0
1998-05-22,9730.0
1998-05-23,9712.0
1998-05-24,9297.0
1998-05-25,8832.0
1998-05-26,8426.0
1998-05-27,8602.0
1998-05-28,9259.0
1998-05-29,9369.0
1998-05-30,8799.0
1998-05-31,8887.0
1998-06-01,8912.0
1998-06-02,9067.0
1998-06-03,11741.0
1998-06-04,15655.0
1998-06-05,15117.0
1998-06-06,15401.0
1998-06-07,17037.0
1998-06-08,14078.0
1998-06-09,13497.0
1998-06-10,16592.0
1998-06-11,16575.0
1998-06-12,14251.0
1998-06-13,12472.0
1998-06-14,11536.0
1998-06-15,11018.0
1998-06-16,10169.0
1998-06-17,9563.0
1998-06-18,9176.0
1998-06-19,9209.0
1998-06-20,9593.0
1998-06-21,10180.0
1998-06-22,10276.0
1998-06-23,9927.0
1998-06-24,9302.0
1998-06-25,9009.0
1998-06-26,9181.0
1998-06-27,9138.0
1998-06-28,8992.0
1998-06-29,8471.0
1998-06-30,9967.0
1998-07-01,9277.0
1998-07-02,9367.0
1998-07-03,8681.0
1998-07-04,7719.0
1998-07-05,7255.0
1998-07-06,7054.0
1998-07-07,7224.0
1998-07-08,6615.0
1998-07-09,6080.0
1998-07-10,5776.0
1998-07-11,5324.0
1998-07-12,4899.0
1998-07-13,5079.0
1998-07-14,5660.0
1998-07-15,4835.0
1998-07-16,4392.0
1998-07-17,4104.0
1998-07-18,3979.0
1998-07-19,3847.0
1998-07-20,3772.0
1998-07-21,3656.0
1998-07-22,3573.0
1998-07-23,3448.0
1998-07-24,3293.0
1998-07-25,3155.0
1998-07-26,3056.0
1998-07-27,3585.0
1998-07-28,3671.0
1998-07-29,3386.0
1998-07-30,3256.0
1998-07-31,3616.0
1998-08-01,3688.0
1998-08-02,3509.0
1998-08-03,3668.0
1998-08-04,3351.0
1998-08-05,3113.0
1998-08-06,2985.0
1998-08-07,2869.0
1998-08-08,2774.0
1998-08-09,2693.0
1998-08-10,2603.0
1998-08-11,2519.0
1998-08-12,2485.0
1998-08-13,2429.0
1998-08-14,2342.0
1998-08-15,2269.0
1998-08-16,2216.0
1998-08-17,2153.0
1998-08-18,2077.0
1998-08-19,1961.0
1998-08-20,1694.0
1998-08-21,1672.0
1998-08-22,1639.0
1998-08-23,1594.0
1998-08-24,1652.0
1998-08-25,1804.0
1998-08-26,1719.0
1998-08-27,1662.0
1998-08-28,1630.0
1998-08-29,1614.0
1998-08-30,1589.0
1998-08-31,1558.0
1998-09-01,1539.0
1998-09-02,1497.0
1998-09-03,1522.0
1998-09-04,1507.0
1998-09-05,3041.0
1998-09-06,1771.0
1998-09-07,1695.0
1998-09-08,1610.0
1998-09-09,1551.0
1998-09-10,1504.0
1998-09-11,2210.0
1998-09-12,3440.0
1998-09-13,2251.0
1998-09-14,2167.0
1998-09-15,2041.0
1998-09-16,2124.0
1998-09-17,2083.0
1998-09-18,1968.0
1998-09-19,1898.0
1998-09-20,1871.0
1998-09-21,1817.0
1998-09-22,1762.0
1998-09-23,1742.0
1998-09-24,1708.0
1998-09-25,1674.0
1998-09-26,1667.0
1998-09-27,1724.0
1998-09-28,1744.0
1998-09-29,1727.0
1998-09-30,9942.0
1998-10-01,7119.0
1998-10-02,5240.0
1998-10-03,4876.0
1998-10-04,4416.0
1998-10-05,4024.0
1998-10-06,6148.0
1998-10-07,6382.0
1998-10-08,5993.0
1998-10-09,5457.0
1998-10-10,5141.0
1998-10-11,4832.0
1998-10-12,4624.0
1998-10-13,4442.0
1998-10-14,4190.0
1998-10-15,3970.0
1998-10-16,3777.0
1998-10-17,3496.0
1998-10-18,3720.0
1998-10-19,3525.0
1998-10-20,3330.0
1998-10-21,3124.0
1998-10-22,2927.0
1998-10-23,2807.0
1998-10-24,2720.0
1998-10-25,14873.0
1998-10-26,8417.0
1998-10-27,7218.0
1998-10-28,6577.0
1998-10-29,6330.0
1998-10-30,6026.0
1998-10-31,5540.0
1998-11-01,6097.0
1998-11-02,6354.0
1998-11-03,6423.0
1998-11-04,7451.0
1998-11-05,7268.0
1998-11-06,6826.0
1998-11-07,6412.0
1998-11-08,6045.0
1998-11-09,5698.0
1998-11-10,6383.0
1998-11-11,6511.0
1998-11-12,6237.0
1998-11-13,5880.0
1998-11-14,5827.0
1998-11-15,5537.0
1998-11-16,5224.0
1998-11-17,4982.0
1998-11-18,4699.0
1998-11-19,4377.0
1998-11-20,4089.0
1998-11-21,3811.0
1998-11-22,3534.0
1998-11-23,3272.0
1998-11-24,3042.0
1998-11-25,2919.0
1998-11-26,2748.0
1998-11-27,2626.0
1998-11-28,2519.0
1998-11-29,2393.0
1998-11-30,2265.0
1998-12-01,2160.0
1998-12-02,2060.0
1998-12-03,1977.0
1998-12-04,1917.0
1998-12-05,1855.0
1998-12-06,1800.0
1998-12-07,1748.0
1998-12-08,1710.0
1998-12-09,1673.0
1998-12-10,1636.0
1998-12-11,1654.0
1998-12-12,1598.0
1998-12-13,1596.0
1998-12-14,1545.0
1998-12-15,1535.0
1998-12-16,1544.0
1998-12-17,1496.0
1998-12-18,1468.0
1998-12-19,1459.0
1998-12-20,1449.0
1998-12-21,1436.0
1998-12-22,1423.0
1998-12-23,1411.0
1998-12-24,1401.0
1998-12-25,1391.0
1998-12-26,1380.0
1998-12-27,1370.0
1998-12-28,1360.0
1998-12-29,1350.0
1998-12-30,1340.0
1998-12-31,1330.0
1999-01-01,1323.0
1999-01-02,1323.0
1999-01-03,1331.0
1999-01-04,1314.0
1999-01-05,1315.0
1999-01-06,1318.0
1999-01-07,1311.0
1999-01-08,1308.0
1999-01-09,1307.0
1999-01-10,1313.0
1999-01-11,1298.0
1999-01-12,1285.0
1999-01-13,1294.0
1999-01-14,1282.0
1999-01-15,1285.0
1999-01-16,1288.0
1999-01-17,1293.0
1999-01-18,1375.0
1999-01-19,1371.0
1999-01-20,1357.0
1999-01-21,1345.0
1999-01-22,1351.0
1999-01-23,1337.0
1999-01-24,1325.0
1999-01-25,1322.0
1999-01-26,1338.0
1999-01-27,1342.0
1999-01-28,1464.0
1999-01-29,1594.0
1999-01-30,1450.0
1999-01-31,1397.0
1999-02-01,1371.0
1999-02-02,1371.0
1999-02-03,1370.0
1999-02-04,1359.0
1999-02-05,1376.0
1999-02-06,1383.0
1999-02-07,1385.0
1999-02-08,1375.0
1999-02-09,1407.0
1999-02-10,1360.0
1999-02-11,1341.0
1999-02-12,1331.0
1999-02-13,1323.0
1999-02-14,1315.0
1999-02-15,1310.0
1999-02-16,1311.0
1999-02-17,1312.0
1999-02-18,1312.0
1999-02-19,1312.0
1999-02-20,1345.0
1999-02-21,1400.0
1999-02-22,1685.0
1999-02-23,1600.0
1999-02-24,1518.0
1999-02-25,1487.0
1999-02-26,1485.0
1999-02-27,1565.0
1999-02-28,1652.0
1999-03-01,1741.0
1999-03-02,1871.0
1999-03-03,1963.0
1999-03-04,2354.0
1999-03-05,2182.0
1999-03-06,2115.0
1999-03-07,1970.0
1999-03-08,1895.0
1999-03-09,1848.0
1999-03-10,1804.0
1999-03-11,2151.0
1999-03-12,2753.0
1999-03-13,3060.0
1999-03-14,3182.0
1999-03-15,3657.0
1999-03-16,4015.0
1999-03-17,3761.0
1999-03-18,3476.0
1999-03-19,2914.0
1999-03-20,2277.0
1999-03-21,2222.0
1999-03-22,2252.0
1999-03-23,2113.0
1999-03-24,2096.0
1999-03-25,2183.0
1999-03-26,2509.0
1999-03-27,2738.0
1999-03-28,2437.0
1999-03-29,2251.0
1999-03-30,2290.0
1999-03-31,2461.0
1999-04-01,2671.0
1999-04-02,2791.0
1999-04-03,2827.0
1999-04-04,3176.0
1999-04-05,3728.0
1999-04-06,4117.0
1999-04-07,4884.0
1999-04-08,4659.0
1999-04-09,4148.0
1999-04-10,3942.0
1999-04-11,3988.0
1999-04-12,3801.0
1999-04-13,3621.0
1999-04-14,3280.0
1999-04-15,3467.0
1999-04-16,3276.0
1999-04-17,3108.0
1999-04-18,3037.0
1999-04-19,2888.0
1999-04-20,3075.0
1999-04-21,8814.0
1999-04-22,9212.0
1999-04-23,8565.0
1999-04-24,7980.0
1999-04-25,7578.0
1999-04-26,7503.0
1999-04-27,7010.0
1999-04-28,6994.0
1999-04-29,8401.0
1999-04-30,9640.0
1999-05-01,9797.0
1999-05-02,10192.0
1999-05-03,10514.0
1999-05-04,11748.0
1999-05-05,12377.0
1999-05-06,13841.0
1999-05-07,13565.0
1999-05-08,14855.0
1999-05-09,14382.0
1999-05-10,14474.0
1999-05-11,15019.0
1999-05-12,17427.0
1999-05-13,19448.0
1999-05-14,21530.0
1999-05-15,19610.0
1999-05-16,16055.0
1999-05-17,15921.0
1999-05-18,16364.0
1999-05-19,14927.0
1999-05-20,13365.0
1999-05-21,12138.0
1999-05-22,11283.0
1999-05-23,11272.0
1999-05-24,12131.0
1999-05-25,12746.0
1999-05-26,12482.0
1999-05-27,12841.0
1999-05-28,13477.0
1999-05-29,13800.0
1999-05-30,13911.0
1999-05-31,13536.0
1999-06-01,13439.0
1999-06-02,14225.0
1999-06-03,13797.0
1999-06-04,14618.0
1999-06-05,12595.0
1999-06-06,15552.0
1999-06-07,14110.0
1999-06-08,18010.0
1999-06-09,15305.0
1999-06-10,15744.0
1999-06-11,14994.0
1999-06-12,13965.0
1999-06-13,13203.0
1999-06-14,12742.0
1999-06-15,11709.0
1999-06-16,10972.0
1999-06-17,10580.0
1999-06-18,10378.0
1999-06-19,10125.0
1999-06-20,9690.0
1999-06-21,9281.0
1999-06-22,8731.0
1999-06-23,8395.0
1999-06-24,8302.0
1999-06-25,8282.0
1999-06-26,8117.0
1999-06-27,8217.0
1999-06-28,9574.0
1999-06-29,8228.0
1999-06-30,7693.0
1999-07-01,7578.0
1999-07-02,7571.0
1999-07-03,7574.0
1999-07-04,7596.0
1999-07-05,7511.0
1999-07-06,8096.0
1999-07-07,6952.0
1999-07-08,6553.0
1999-07-09,6272.0
1999-07-10,6072.0
1999-07-11,6487.0
1999-07-12,5754.0
1999-07-13,5179.0
1999-07-14,5160.0
1999-07-15,4946.0
1999-07-16,4759.0
1999-07-17,4552.0
1999-07-18,4691.0
1999-07-19,6258.0
1999-07-20,5215.0
1999-07-21,4722.0
1999-07-22,4415.0
1999-07-23,4177.0
1999-07-24,3970.0
1999-07-25,3794.0
1999-07-26,3579.0
1999-07-27,3440.0
1999-07-28,3438.0
1999-07-29,3578.0
1999-07-30,3386.0
1999-07-31,3228.0
1999-08-01,3701.0
1999-08-02,3099.0
1999-08-03,2874.0
1999-08-04,2873.0
1999-08-05,2789.0
1999-08-06,2640.0
1999-08-07,2730.0
1999-08-08,2656.0
1999-08-09,2533.0
1999-08-10,2762.0
1999-08-11,2481.0
1999-08-12,2344.0
1999-08-13,2230.0
1999-08-14,2104.0
1999-08-15,1988.0
1999-08-16,2980.0
1999-08-17,3255.0
1999-08-18,2450.0
1999-08-19,2254.0
1999-08-20,7242.0
1999-08-21,4053.0
1999-08-22,3125.0
1999-08-23,2753.0
1999-08-24,2398.0
1999-08-25,2296.0
1999-08-26,2332.0
1999-08-27,2302.0
1999-08-28,2174.0
1999-08-29,2098.0
1999-08-30,2007.0
1999-08-31,1904.0
1999-09-01,1838.0
1999-09-02,1762.0
1999-09-03,1728.0
1999-09-04,1701.0
1999-09-05,1688.0
1999-09-06,1771.0
1999-09-07,1733.0
1999-09-08,1639.0
1999-09-09,1582.0
1999-09-10,1531.0
1999-09-11,1496.0
1999-09-12,1467.0
1999-09-13,1437.0
1999-09-14,1407.0
1999-09-15,1381.0
1999-09-16,1358.0
1999-09-17,1336.0
1999-09-18,1321.0
1999-09-19,1334.0
1999-09-20,13706.0
1999-09-21,3823.0
1999-09-22,2825.0
1999-09-23,2444.0
1999-09-24,2271.0
1999-09-25,2069.0
1999-09-26,5037.0
1999-09-27,3745.0
1999-09-28,8805.0
1999-09-29,6580.0
1999-09-30,9705.0
1999-10-01,9403.0
1999-10-02,7621.0
1999-10-03,9952.0
1999-10-04,10055.0
1999-10-05,8444.0
1999-10-06,7257.0
1999-10-07,6452.0
1999-10-08,5930.0
1999-10-09,5512.0
1999-10-10,5090.0
1999-10-11,4673.0
1999-10-12,4390.0
1999-10-13,4195.0
1999-10-14,4081.0
1999-10-15,3963.0
1999-10-16,3734.0
1999-10-17,3459.0
1999-10-18,3290.0
1999-10-19,2869.0
1999-10-20,2571.0
1999-10-21,11897.0
1999-10-22,7861.0
1999-10-23,15773.0
1999-10-24,14173.0
1999-10-25,20987.0
1999-10-26,15172.0
1999-10-27,12057.0
1999-10-28,10635.0
1999-10-29,9940.0
1999-10-30,9327.0
1999-10-31,8573.0
1999-11-01,7656.0
1999-11-02,7121.0
1999-11-03,7653.0
1999-11-04,7043.0
1999-11-05,6663.0
1999-11-06,7017.0
1999-11-07,6735.0
1999-11-08,6410.0
1999-11-09,6067.0
1999-11-10,5866.0
1999-11-11,5602.0
1999-11-12,5228.0
1999-11-13,4872.0
1999-11-14,4747.0
1999-11-15,4462.0
1999-11-16,4168.0
1999-11-17,3860.0
1999-11-18,3727.0
1999-11-19,3483.0
1999-11-20,3242.0
1999-11-21,3004.0
1999-11-22,2806.0
1999-11-23,2625.0
1999-11-24,2455.0
1999-11-25,2352.0
1999-11-26,2281.0
1999-11-27,2227.0
1999-11-28,2158.0
1999-11-29,2085.0
1999-11-30,2022.0
1999-12-01,1966.0
1999-12-02,1916.0
1999-12-03,1866.0
1999-12-04,1815.0
1999-12-05,1751.0
1999-12-06,1709.0
1999-12-07,1669.0
1999-12-08,1634.0
1999-12-09,1603.0
1999-12-10,1627.0
1999-12-11,1636.0
1999-12-12,1687.0
1999-12-13,1679.0
1999-12-14,1666.0
1999-12-15,1619.0
1999-12-16,1553.0
1999-12-17,1505.0
1999-12-18,1484.0
1999-12-19,1528.0
1999-12-20,1556.0
1999-12-21,1523.0
1999-12-22,1492.0
1999-12-23,1461.0
1999-12-24,1451.0
1999-12-25,1462.0
1999-12-26,1611.0
1999-12-27,1764.0
1999-12-28,1832.0
1999-12-29,1710.0
1999-12-30,1636.0
1999-12-31,1597.0
2000-01-01,1565.0
2000-01-02,1536.0
2000-01-03,1515.0
2000-01-04,1507.0
2000-01-05,1501.0
2000-01-06,1495.0
2000-01-07,1486.0
2000-01-08,1470.0
2000-01-09,1454.0
2000-01-10,1437.0
2000-01-11,1421.0
2000-01-12,1407.0
2000-01-13,1394.0
2000-01-14,1381.0
2000-01-15,1368.0
2000-01-16,1355.0
2000-01-17,1342.0
2000-01-18,1329.0
2000-01-19,1320.0
2000-01-20,1313.0
2000-01-21,1314.0
2000-01-22,1317.0
2000-01-23,1312.0
2000-01-24,1299.0
2000-01-25,1286.0
2000-01-26,1273.0
2000-01-27,1258.0
2000-01-28,1255.0
2000-01-29,1253.0
2000-01-30,1251.0
2000-01-31,1249.0
2000-02-01,1252.0
2000-02-02,1313.0
2000-02-03,1322.0
2000-02-04,1299.0
2000-02-05,1300.0
2000-02-06,1303.0
2000-02-07,1306.0
2000-02-08,1342.0
2000-02-09,1482.0
2000-02-10,1433.0
2000-02-11,1403.0
2000-02-12,1380.0
2000-02-13,1359.0
2000-02-14,1342.0
2000-02-15,1335.0
2000-02-16,1361.0
2000-02-17,1354.0
2000-02-18,1362.0
2000-02-19,1384.0
2000-02-20,1375.0
2000-02-21,1366.0
2000-02-22,1357.0
2000-02-23,1348.0
2000-02-24,1344.0
2000-02-25,1369.0
2000-02-26,1398.0
2000-02-27,1427.0
2000-02-28,1457.0
2000-02-29,1458.0
2000-03-01,1639.0
2000-03-02,1660.0
2000-03-03,1591.0
2000-03-04,1647.0
2000-03-05,1660.0
2000-03-06,1632.0
2000-03-07,1665.0
2000-03-08,1695.0
2000-03-09,1767.0
2000-03-10,1975.0
2000-03-11,2093.0
2000-03-12,2204.0
2000-03-13,2199.0
2000-03-14,2218.0
2000-03-15,1707.0
2000-03-16,1130.0
2000-03-17,1121.0
2000-03-18,1149.0
2000-03-19,1162.0
2000-03-20,1154.0
2000-03-21,1179.0
2000-03-22,1219.0
2000-03-23,1248.0
2000-03-24,1256.0
2000-03-25,1283.0
2000-03-26,1323.0
2000-03-27,1352.0
2000-03-28,1331.0
2000-03-29,1331.0
2000-03-30,1340.0
2000-03-31,1378.0
2000-04-01,1396.0
2000-04-02,1401.0
2000-04-03,2036.0
2000-04-04,2460.0
2000-04-05,2591.0
2000-04-06,2628.0
2000-04-07,2061.0
2000-04-08,1830.0
2000-04-09,1952.0
2000-04-10,1965.0
2000-04-11,2049.0
2000-04-12,2158.0
2000-04-13,2172.0
2000-04-14,2205.0
2000-04-15,2640.0
2000-04-16,2857.0
2000-04-17,5886.0
2000-04-18,5720.0
2000-04-19,5394.0
2000-04-20,4779.0
2000-04-21,4677.0
2000-04-22,6046.0
2000-04-23,8724.0
2000-04-24,9132.0
2000-04-25,7984.0
2000-04-26,8005.0
2000-04-27,9321.0
2000-04-28,15839.0
2000-04-29,13608.0
2000-04-30,11762.0
2000-05-01,11697.0
2000-05-02,12346.0
2000-05-03,12406.0
2000-05-04,12289.0
2000-05-05,12529.0
2000-05-06,12237.0
2000-05-07,11724.0
2000-05-08,11639.0
2000-05-09,12386.0
2000-05-10,14193.0
2000-05-11,13967.0
2000-05-12,12744.0
2000-05-13,12256.0
2000-05-14,11882.0
2000-05-15,12124.0
2000-05-16,13046.0
2000-05-17,12994.0
2000-05-18,11798.0
2000-05-19,11407.0
2000-05-20,11091.0
2000-05-21,10953.0
2000-05-22,10710.0
2000-05-23,10689.0
2000-05-24,10669.0
2000-05-25,10399.0
2000-05-26,9847.0
2000-05-27,9984.0
2000-05-28,9856.0
2000-05-29,8758.0
2000-05-30,8476.0
2000-05-31,8625.0
2000-06-01,8985.0
2000-06-02,9405.0
2000-06-03,9799.0
2000-06-04,9740.0
2000-06-05,9418.0
2000-06-06,8976.0
2000-06-07,8371.0
2000-06-08,8393.0
2000-06-09,8406.0
2000-06-10,8176.0
2000-06-11,7675.0
2000-06-12,7235.0
2000-06-13,7295.0
2000-06-14,7323.0
2000-06-15,7356.0
2000-06-16,6992.0
2000-06-17,6859.0
2000-06-18,6422.0
2000-06-19,5896.0
2000-06-20,6170.0
2000-06-21,6034.0
2000-06-22,5183.0
2000-06-23,4668.0
2000-06-24,4305.0
2000-06-25,4201.0
2000-06-26,3884.0
2000-06-27,3505.0
2000-06-28,3493.0
2000-06-29,3140.0
2000-06-30,3060.0
2000-07-01,3460.0
2000-07-02,3342.0
2000-07-03,3488.0
2000-07-04,3292.0
2000-07-05,3034.0
2000-07-06,2875.0
2000-07-07,2792.0
2000-07-08,2732.0
2000-07-09,2533.0
2000-07-10,3496.0
2000-07-11,3704.0
2000-07-12,3304.0
2000-07-13,2957.0
2000-07-14,2963.0
2000-07-15,2902.0
2000-07-16,2709.0
2000-07-17,2526.0
2000-07-18,2396.0
2000-07-19,2347.0
2000-07-20,2281.0
2000-07-21,2049.0
2000-07-22,1787.0
2000-07-23,1902.0
2000-07-24,8421.0
2000-07-25,8421.0
2000-07-26,9521.0
2000-07-27,5431.0
2000-07-28,5046.0
2000-07-29,4515.0
2000-07-30,3930.0
2000-07-31,3659.0
2000-08-01,3486.0
2000-08-02,3398.0
2000-08-03,4945.0
2000-08-04,4146.0
2000-08-05,3798.0
2000-08-06,3749.0
2000-08-07,3354.0
2000-08-08,3138.0
2000-08-09,2928.0
2000-08-10,2762.0
2000-08-11,2555.0
2000-08-12,2419.0
2000-08-13,2383.0
2000-08-14,2347.0
2000-08-15,2311.0
2000-08-16,2275.0
2000-08-17,2244.0
2000-08-18,2128.0
2000-08-19,1989.0
2000-08-20,1855.0
2000-08-21,1960.0
2000-08-22,2010.0
2000-08-23,1884.0
2000-08-24,1836.0
2000-08-25,1760.0
2000-08-26,1704.0
2000-08-27,1661.0
2000-08-28,1607.0
2000-08-29,1598.0
2000-08-30,1622.0
2000-08-31,1661.0
2000-09-01,1643.0
2000-09-02,1641.0
2000-09-03,1613.0
2000-09-04,1559.0
2000-09-05,1537.0
2000-09-06,1505.0
2000-09-07,1469.0
2000-09-08,1465.0
2000-09-09,1439.0
2000-09-10,1419.0
2000-09-11,1398.0
2000-09-12,1386.0
2000-09-13,1389.0
2000-09-14,1360.0
2000-09-15,1348.0
2000-09-16,1318.0
2000-09-17,1294.0
2000-09-18,1287.0
2000-09-19,1291.0
2000-09-20,8615.0
2000-09-21,6270.0
2000-09-22,4015.0
2000-09-23,3147.0
2000-09-24,2748.0
2000-09-25,2499.0
2000-09-26,2028.0
2000-09-27,1730.0
2000-09-28,1667.0
2000-09-29,1632.0
2000-09-30,1995.0
2000-10-01,1902.0
2000-10-02,1858.0
2000-10-03,1810.0
2000-10-04,1752.0
2000-10-05,1704.0
2000-10-06,1657.0
2000-10-07,1611.0
2000-10-08,1565.0
2000-10-09,1527.0
2000-10-10,1658.0
2000-10-11,4060.0
2000-10-12,6793.0
2000-10-13,17312.0
2000-10-14,11961.0
2000-10-15,15800.0
2000-10-16,14501.0
2000-10-17,11707.0
2000-10-18,9913.0
2000-10-19,8711.0
2000-10-20,7831.0
2000-10-21,7366.0
2000-10-22,6755.0
2000-10-23,6162.0
2000-10-24,5630.0
2000-10-25,5263.0
2000-10-26,4969.0
2000-10-27,4723.0
2000-10-28,4474.0
2000-10-29,4260.0
2000-10-30,4165.0
2000-10-31,8110.0
2000-11-01,6519.0
2000-11-02,5800.0
2000-11-03,8152.0
2000-11-04,8592.0
2000-11-05,7433.0
2000-11-06,11770.0
2000-11-07,10843.0
2000-11-08,9395.0
2000-11-09,8212.0
2000-11-10,7451.0
2000-11-11,6884.0
2000-11-12,6500.0
2000-11-13,7176.0
2000-11-14,15745.0
2000-11-15,11583.0
2000-11-16,9956.0
2000-11-17,9394.0
2000-11-18,8534.0
2000-11-19,7991.0
2000-11-20,7741.0
2000-11-21,7311.0
2000-11-22,6917.0
2000-11-23,10930.0
2000-11-24,14073.0
2000-11-25,11405.0
2000-11-26,10569.0
2000-11-27,9064.0
2000-11-28,8264.0
2000-11-29,7740.0
2000-11-30,7267.0
2000-12-01,6794.0
2000-12-02,6521.0
2000-12-03,6396.0
2000-12-04,5905.0
2000-12-05,5488.0
2000-12-06,5276.0
2000-12-07,5347.0
2000-12-08,5750.0
2000-12-09,5994.0
2000-12-10,5683.0
2000-12-11,5149.0
2000-12-12,4704.0
2000-12-13,4290.0
2000-12-14,4045.0
2000-12-15,3847.0
2000-12-16,3683.0
2000-12-17,3333.0
2000-12-18,2987.0
2000-12-19,2781.0
2000-12-20,2622.0
2000-12-21,2449.0
2000-12-22,2339.0
2000-12-23,2243.0
2000-12-24,2190.0
2000-12-25,2463.0
2000-12-26,2266.0
2000-12-27,2186.0
2000-12-28,2113.0
2000-12-29,1968.0
2000-12-30,1870.0
2000-12-31,1802.0
2001-01-01,1738.0
2001-01-02,1871.0
2001-01-03,1953.0
2001-01-04,1895.0
2001-01-05,1824.0
2001-01-06,5467.0
2001-01-07,10425.0
2001-01-08,6349.0
2001-01-09,5396.0
2001-01-10,4586.0
2001-01-11,4155.0
2001-01-12,3751.0
2001-01-13,3732.0
2001-01-14,3526.0
2001-01-15,3181.0
2001-01-16,2881.0
2001-01-17,2732.0
2001-01-18,2602.0
2001-01-19,2472.0
2001-01-20,2343.0
2001-01-21,2224.0
2001-01-22,2087.0
2001-01-23,2014.0
2001-01-24,1978.0
2001-01-25,2079.0
2001-01-26,2061.0
2001-01-27,1973.0
2001-01-28,1898.0
2001-01-29,1824.0
2001-01-30,1749.0
2001-01-31,1677.0
2001-02-01,1612.0
2001-02-02,1587.0
2001-02-03,1568.0
2001-02-04,1548.0
2001-02-05,1532.0
2001-02-06,1515.0
2001-02-07,1499.0
2001-02-08,1483.0
2001-02-09,1467.0
2001-02-10,1454.0
2001-02-11,1445.0
2001-02-12,1436.0
2001-02-13,1427.0
2001-02-14,1419.0
2001-02-15,1410.0
2001-02-16,1401.0
2001-02-17,1391.0
2001-02-18,1381.0
2001-02-19,1372.0
2001-02-20,1362.0
2001-02-21,1354.0
2001-02-22,1351.0
2001-02-23,1343.0
2001-02-24,1333.0
2001-02-25,1326.0
2001-02-26,1319.0
2001-02-27,1313.0
2001-02-28,1307.0
2001-03-01,1341.0
2001-03-02,1361.0
2001-03-03,1540.0
2001-03-04,1650.0
2001-03-05,2485.0
2001-03-06,1864.0
2001-03-07,1716.0
2001-03-08,6940.0
2001-03-09,7295.0
2001-03-10,6474.0
2001-03-11,6036.0
2001-03-12,6443.0
2001-03-13,7873.0
2001-03-14,7041.0
2001-03-15,6398.0
2001-03-16,5856.0
2001-03-17,8861.0
2001-03-18,8448.0
2001-03-19,7361.0
2001-03-20,6896.0
2001-03-21,11262.0
2001-03-22,29499.0
2001-03-23,19567.0
2001-03-24,16921.0
2001-03-25,14914.0
2001-03-26,12806.0
2001-03-27,12784.0
2001-03-28,11391.0
2001-03-29,10462.0
2001-03-30,9815.0
2001-03-31,9014.0
2001-04-01,8630.0
2001-04-02,8440.0
2001-04-03,8409.0
2001-04-04,8240.0
2001-04-05,7791.0
2001-04-06,7459.0
2001-04-07,8912.0
2001-04-08,8759.0
2001-04-09,8104.0
2001-04-10,7700.0
2001-04-11,7434.0
2001-04-12,6929.0
2001-04-13,6556.0
2001-04-14,6288.0
2001-04-15,6091.0
2001-04-16,5814.0
2001-04-17,5506.0
2001-04-18,5226.0
2001-04-19,5052.0
2001-04-20,4775.0
2001-04-21,4593.0
2001-04-22,4298.0
2001-04-23,4299.0
2001-04-24,4095.0
2001-04-25,4929.0
2001-04-26,5605.0
2001-04-27,5601.0
2001-04-28,5672.0
2001-04-29,5939.0
2001-04-30,6294.0
2001-05-01,9288.0
2001-05-02,13421.0
2001-05-03,13453.0
2001-05-04,12717.0
2001-05-05,12092.0
2001-05-06,10971.0
2001-05-07,10493.0
2001-05-08,11182.0
2001-05-09,12451.0
2001-05-10,12587.0
2001-05-11,12512.0
2001-05-12,12196.0
2001-05-13,12824.0
2001-05-14,13046.0
2001-05-15,12314.0
2001-05-16,11666.0
2001-05-17,13701.0
2001-05-18,19841.0
2001-05-19,17457.0
2001-05-20,15371.0
2001-05-21,14068.0
2001-05-22,13604.0
2001-05-23,14396.0
2001-05-24,16478.0
2001-05-25,18181.0
2001-05-26,17503.0
2001-05-27,17002.0
2001-05-28,18260.0
2001-05-29,20398.0
2001-05-30,22358.0
2001-05-31,21798.0
2001-06-01,19428.0
2001-06-02,16719.0
2001-06-03,14841.0
2001-06-04,13351.0
2001-06-05,12578.0
2001-06-06,13905.0
2001-06-07,12902.0
2001-06-08,12474.0
2001-06-09,14878.0
2001-06-10,17564.0
2001-06-11,16182.0
2001-06-12,13817.0
2001-06-13,13123.0
2001-06-14,12387.0
2001-06-15,12677.0
2001-06-16,17947.0
2001-06-17,15515.0
2001-06-18,13363.0
2001-06-19,12014.0
2001-06-20,11655.0
2001-06-21,12034.0
2001-06-22,12479.0
2001-06-23,12493.0
2001-06-24,12715.0
2001-06-25,13007.0
2001-06-26,12871.0
2001-06-27,13072.0
2001-06-28,12822.0
2001-06-29,12205.0
2001-06-30,11899.0
2001-07-01,12295.0
2001-07-02,12042.0
2001-07-03,11548.0
2001-07-04,11255.0
2001-07-05,11040.0
2001-07-06,11561.0
2001-07-07,11928.0
2001-07-08,10096.0
2001-07-09,9166.0
2001-07-10,8829.0
2001-07-11,8505.0
2001-07-12,8403.0
2001-07-13,8414.0
2001-07-14,7998.0
2001-07-15,10901.0
2001-07-16,10179.0
2001-07-17,8081.0
2001-07-18,8335.0
2001-07-19,7906.0
2001-07-20,7289.0
2001-07-21,6738.0
2001-07-22,6700.0
2001-07-23,6870.0
2001-07-24,6858.0
2001-07-25,6499.0
2001-07-26,6238.0
2001-07-27,6275.0
2001-07-28,6737.0
2001-07-29,6180.0
2001-07-30,6171.0
2001-07-31,6204.0
2001-08-01,6209.0
2001-08-02,6056.0
2001-08-03,5893.0
2001-08-04,6586.0
2001-08-05,5774.0
2001-08-06,5367.0
2001-08-07,4987.0
2001-08-08,5003.0
2001-08-09,6310.0
2001-08-10,8996.0
2001-08-11,6189.0
2001-08-12,5581.0
2001-08-13,5111.0
2001-08-14,4805.0
2001-08-15,4652.0
2001-08-16,4482.0
2001-08-17,4151.0
2001-08-18,4063.0
2001-08-19,3923.0
2001-08-20,4727.0
2001-08-21,3953.0
2001-08-22,3653.0
2001-08-23,3501.0
2001-08-24,3351.0
2001-08-25,3204.0
2001-08-26,3104.0
2001-08-27,3021.0
2001-08-28,2939.0
2001-08-29,2872.0
2001-08-30,2821.0
2001-08-31,2829.0
2001-09-01,2828.0
2001-09-02,2738.0
2001-09-03,2638.0
2001-09-04,2553.0
2001-09-05,2533.0
2001-09-06,2466.0
2001-09-07,2335.0
2001-09-08,2241.0
2001-09-09,2172.0
2001-09-10,2144.0
2001-09-11,2116.0
2001-09-12,2039.0
2001-09-13,1968.0
2001-09-14,2017.0
2001-09-15,1938.0
2001-09-16,1874.0
2001-09-17,1824.0
2001-09-18,1750.0
2001-09-19,1686.0
2001-09-20,1624.0
2001-09-21,1569.0
2001-09-22,1717.0
2001-09-23,6023.0
2001-09-24,12829.0
2001-09-25,6741.0
2001-09-26,4993.0
2001-09-27,4194.0
2001-09-28,3535.0
2001-09-29,5111.0
2001-09-30,10003.0
2001-10-01,6534.0
2001-10-02,5518.0
2001-10-03,5138.0
2001-10-04,7651.0
2001-10-05,5958.0
2001-10-06,5490.0
2001-10-07,9070.0
2001-10-08,7386.0
2001-10-09,6329.0
2001-10-10,5736.0
2001-10-11,5275.0
2001-10-12,4933.0
2001-10-13,4623.0
2001-10-14,4415.0
2001-10-15,4111.0
2001-10-16,3818.0
2001-10-17,3652.0
2001-10-18,3486.0
2001-10-19,3320.0
2001-10-20,5069.0
2001-10-21,6424.0
2001-10-22,5249.0
2001-10-23,5040.0
2001-10-24,4848.0
2001-10-25,4656.0
2001-10-26,4431.0
2001-10-27,4121.0
2001-10-28,3923.0
2001-10-29,3755.0
2001-10-30,3586.0
2001-10-31,3418.0
2001-11-01,3257.0
2001-11-02,3187.0
2001-11-03,3125.0
2001-11-04,2987.0
2001-11-05,2864.0
2001-11-06,2758.0
2001-11-07,2653.0
2001-11-08,2550.0
2001-11-09,2477.0
2001-11-10,2415.0
2001-11-11,2349.0
2001-11-12,2278.0
2001-11-13,2218.0
2001-11-14,2163.0
2001-11-15,2108.0
2001-11-16,2053.0
2001-11-17,1998.0
2001-11-18,1951.0
2001-11-19,1943.0
2001-11-20,1772.0
2001-11-21,1554.0
2001-11-22,1498.0
2001-11-23,1475.0
2001-11-24,1453.0
2001-11-25,1431.0
2001-11-26,1415.0
2001-11-27,1406.0
2001-11-28,1394.0
2001-11-29,1381.0
2001-11-30,1369.0
2001-12-01,1357.0
2001-12-02,1346.0
2001-12-03,1343.0
2001-12-04,1336.0
2001-12-05,1320.0
2001-12-06,1295.0
2001-12-07,1252.0
2001-12-08,1198.0
2001-12-09,1149.0
2001-12-10,1114.0
2001-12-11,1103.0
2001-12-12,1103.0
2001-12-13,1099.0
2001-12-14,1095.0
2001-12-15,1088.0
2001-12-16,1083.0
2003-01-21,2469.0
2003-01-22,2335.0
2003-01-23,2267.0
2003-01-24,2223.0
2003-01-25,2179.0
2003-01-26,2131.0
2003-01-27,2098.0
2003-01-28,2118.0
2003-01-29,2098.0
2003-01-30,2063.0
2003-01-31,2046.0
2003-02-01,1996.0
2003-02-02,1921.0
2003-02-03,1965.0
2003-02-04,2083.0
2003-02-05,1915.0
2003-02-06,1874.0
2003-02-07,1823.0
2003-02-08,1809.0
2003-02-09,1792.0
2003-02-10,1763.0
2003-02-11,1746.0
2003-02-12,1736.0
2003-02-13,1725.0
2003-02-14,1696.0
2003-02-15,1659.0
2003-02-16,1644.0
2003-02-17,1639.0
2003-02-18,1634.0
2003-02-19,1611.0
2003-02-20,1593.0
2003-02-21,1591.0
2003-02-22,1592.0
2003-02-23,1594.0
2003-02-24,1595.0
2003-02-25,1602.0
2003-02-26,1594.0
2003-02-27,1585.0
2003-02-28,1584.0
2003-03-01,1617.0
2003-03-02,1755.0
2003-03-03,1763.0
2003-03-04,1735.0
2003-03-05,1724.0
2003-03-06,1764.0
2003-03-07,1778.0
2003-03-08,1753.0
2003-03-09,1765.0
2003-03-10,1801.0
2003-03-11,1895.0
2003-03-12,1990.0
2003-03-13,2089.0
2003-03-14,2136.0
2003-03-15,2088.0
2003-03-16,2034.0
2003-03-17,1988.0
2003-03-18,1983.0
2003-03-19,1979.0
2003-03-20,2017.0
2003-03-21,2066.0
2003-03-22,2055.0
2003-03-23,2062.0
2003-03-24,2127.0
2003-03-25,2271.0
2003-03-26,2431.0
2003-03-27,2459.0
2003-03-28,2524.0
2003-03-29,2577.0
2003-03-30,2599.0
2003-03-31,2606.0
2003-04-01,2683.0
2003-04-02,2835.0
2003-04-03,2741.0
2003-04-04,2605.0
2003-04-05,2516.0
2003-04-06,2550.0
2003-04-07,2613.0
2003-04-08,2580.0
2003-04-09,2586.0
2003-04-10,2609.0
2003-04-11,2410.0
2003-04-12,2415.0
2003-04-13,2433.0
2003-04-14,2510.0
2003-04-15,2748.0
2003-04-16,3049.0
2003-04-17,3283.0
2003-04-18,3548.0
2003-04-19,3936.0
2003-04-20,4052.0
2003-04-21,3862.0
2003-04-22,3802.0
2003-04-23,3872.0
2003-04-24,4002.0
2003-04-25,4402.0
2003-04-26,4857.0
2003-04-27,4787.0
2003-04-28,4798.0
2003-04-29,5333.0
2003-04-30,11881.0
2003-05-01,13614.0
2003-05-02,9691.0
2003-05-03,9591.0
2003-05-04,10192.0
2003-05-05,10709.0
2003-05-06,11259.0
2003-05-07,11894.0
2003-05-08,11956.0
2003-05-09,11438.0
2003-05-10,11089.0
2003-05-11,10827.0
2003-05-12,11294.0
2003-05-13,11169.0
2003-05-14,10418.0
2003-05-15,9981.0
2003-05-16,9333.0
2003-05-17,8410.0
2003-05-18,7604.0
2003-05-19,8165.0
2003-05-20,9715.0
2003-05-21,8134.0
2003-05-22,7411.0
2003-05-23,7306.0
2003-05-24,8298.0
2003-05-25,8781.0
2003-05-26,8313.0
2003-05-27,7775.0
2003-05-28,7817.0
2003-05-29,8378.0
2003-05-30,8025.0
2003-05-31,8138.0
2003-06-01,8449.0
2003-06-02,8519.0
2003-06-03,8345.0
2003-06-04,8516.0
2003-06-05,9083.0
2003-06-06,9313.0
2003-06-07,8812.0
2003-06-08,8794.0
2003-06-09,8700.0
2003-06-10,8638.0
2003-06-11,8575.0
2003-06-12,8591.0
2003-06-13,9687.0
2003-06-14,10242.0
2003-06-15,9119.0
2003-06-16,9250.0
2003-06-17,8843.0
2003-06-18,7990.0
2003-06-19,7605.0
2003-06-20,7327.0
2003-06-21,6954.0
2003-06-22,6636.0
2003-06-23,6103.0
2003-06-24,5825.0
2003-06-25,5593.0
2003-06-26,5437.0
2003-06-27,5120.0
2003-06-28,4859.0
2003-06-29,4538.0
2003-06-30,4391.0
2003-07-01,4485.0
2003-07-02,4050.0
2003-07-03,3672.0
2003-07-04,3485.0
2003-07-05,3313.0
2003-07-06,3200.0
2003-07-07,3107.0
2003-07-08,3022.0
2003-07-09,2940.0
2003-07-10,2857.0
2003-07-11,2760.0
2003-07-12,2694.0
2003-07-13,2608.0
2003-07-14,2552.0
2003-07-15,2495.0
2003-07-16,2468.0
2003-07-17,2377.0
2003-07-18,2248.0
2003-07-19,2177.0
2003-07-20,2094.0
2003-07-21,2050.0
2003-07-22,2009.0
2003-07-23,1960.0
2003-07-24,1925.0
2003-07-25,1895.0
2003-07-26,1838.0
2003-07-27,2450.0
2003-07-28,2065.0
2003-07-29,1908.0
2003-07-30,1800.0
2003-07-31,1706.0
2003-08-01,1673.0
2003-08-02,1604.0
2003-08-03,1538.0
2003-08-04,1497.0
2003-08-05,1540.0
2003-08-06,2281.0
2003-08-07,2977.0
2003-08-08,2467.0
2003-08-09,2318.0
2003-08-10,2174.0
2003-08-11,2063.0
2003-08-12,1960.0
2003-08-13,1807.0
2003-08-14,1712.0
2003-08-15,1591.0
2003-08-16,1498.0
2003-08-17,1735.0
2003-08-18,2078.0
2003-08-19,1646.0
2003-08-20,1633.0
2003-08-21,1796.0
2003-08-22,1444.0
2003-08-23,1422.0
2003-08-24,1372.0
2003-08-25,1364.0
2003-08-26,1355.0
2003-08-27,1255.0
2003-08-28,1193.0
2003-08-29,1203.0
2003-08-30,1092.0
2003-08-31,1020.0
2003-09-01,1038.0
2003-09-02,981.0
2003-09-03,949.0
2003-09-04,929.0
2003-09-05,936.0
2003-09-06,924.0
2003-09-07,1393.0
2003-09-08,1281.0
2003-09-09,1717.0
2003-09-10,1416.0
2003-09-11,1256.0
2003-09-12,1177.0
2003-09-13,1190.0
2003-09-14,1142.0
2003-09-15,1176.0
2003-09-16,1200.0
2003-09-17,1170.0
2003-09-18,1164.0
2003-09-19,1150.0
2003-09-20,1168.0
2003-09-21,1107.0
2003-09-22,1098.0
2003-09-23,1136.0
2003-09-24,1134.0
2003-09-25,1180.0
2003-09-26,1203.0
2003-09-27,1164.0
2003-09-28,1390.0
2003-09-29,1232.0
2003-09-30,1196.0
2003-10-01,1174.0
2003-10-02,1155.0
2003-10-03,1043.0
2003-10-04,988.0
2003-10-05,1188.0
2003-10-06,1215.0
2003-10-07,1475.0
2003-10-08,1657.0
2003-10-09,1724.0
2003-10-10,1652.0
2003-10-11,1658.0
2003-10-12,1674.0
2003-10-13,1643.0
2003-10-14,1685.0
2003-10-15,1802.0
2003-10-16,1923.0
2003-10-17,2079.0
2003-10-18,2167.0
2003-10-19,2247.0
2003-10-20,4197.0
2003-10-21,3769.0
2003-10-22,3273.0
2003-10-23,2984.0
2003-10-24,2573.0
2003-10-25,2430.0
2003-10-26,2474.0
2003-10-27,2364.0
2003-10-28,2417.0
2003-10-29,2509.0
2003-10-30,2576.0
2003-10-31,9223.0
2003-11-01,14174.0
2003-11-02,10293.0
2003-11-03,8535.0
2003-11-04,7594.0
2003-11-05,6954.0
2003-11-06,6442.0
2003-11-07,6170.0
2003-11-08,5894.0
2003-11-09,5381.0
2003-11-10,4879.0
2003-11-11,4517.0
2003-11-12,4197.0
2003-11-13,3793.0
2003-11-14,3447.0
2003-11-15,3148.0
2003-11-16,2935.0
2003-11-17,3221.0
2003-11-18,2970.0
2003-11-19,2834.0
2003-11-20,2765.0
2003-11-21,2708.0
2003-11-22,2580.0
2003-11-23,2475.0
2003-11-24,2478.0
2003-11-25,2451.0
2003-11-26,2366.0
2003-11-27,2435.0
2003-11-28,2292.0
2003-11-29,2157.0
2003-11-30,2146.0
2003-12-01,2787.0
2003-12-02,4438.0
2003-12-03,6128.0
2003-12-04,4710.0
2003-12-05,3925.0
2003-12-06,3522.0
2003-12-07,3231.0
2003-12-08,2965.0
2003-12-09,2796.0
2003-12-10,2690.0
2003-12-11,2502.0
2003-12-12,2319.0
2003-12-13,2235.0
2003-12-14,2164.0
2003-12-15,2097.0
2003-12-16,1966.0
2003-12-17,1881.0
2003-12-18,1812.0
2003-12-19,1745.0
2003-12-20,1697.0
2003-12-21,1761.0
2003-12-22,1669.0
2003-12-23,1567.0
2003-12-24,1469.0
2003-12-25,1390.0
2003-12-26,1368.0
2003-12-27,1350.0
2003-12-28,1371.0
2003-12-29,1331.0
2003-12-30,1267.0
2003-12-31,1248.0
2004-01-01,1239.0
2004-01-02,1229.0
2004-01-03,1202.0
2004-01-04,1173.0
2004-01-05,1143.0
2004-01-06,1117.0
2004-01-07,1108.0
2004-01-08,1120.0
2004-01-09,1181.0
2004-01-10,1107.0
2004-01-11,1241.0
2004-01-12,2184.0
2004-01-13,11511.0
2004-01-14,10145.0
2004-01-15,6438.0
2004-01-16,4754.0
2004-01-17,4328.0
2004-01-18,3781.0
2004-01-19,3234.0
2004-01-20,2933.0
2004-01-21,2746.0
2004-01-22,2583.0
2004-01-23,2428.0
2004-01-24,2313.0
2004-01-25,2228.0
2004-01-26,2146.0
2004-01-27,2076.0
2004-01-28,2002.0
2004-01-29,1912.0
2004-01-30,1844.0
2004-01-31,1794.0
2004-02-01,1756.0
2004-02-02,1727.0
2004-02-03,1743.0
2004-02-04,1772.0
2004-02-05,1843.0
2004-02-06,1901.0
2004-02-07,1898.0
2004-02-08,1837.0
2004-02-09,1792.0
2004-02-10,1742.0
2004-02-11,1703.0
2004-02-12,1680.0
2004-02-13,1664.0
2004-02-14,1653.0
2004-02-15,1641.0
2004-02-16,1632.0
2004-02-17,1622.0
2004-02-18,1579.0
2004-02-19,1564.0
2004-02-20,1511.0
2004-02-21,1870.0
2004-02-22,2130.0
2004-02-23,2687.0
2004-02-24,2236.0
2004-02-25,2089.0
2004-02-26,2000.0
2004-02-27,1926.0
2004-02-28,1855.0
2004-02-29,1782.0
2004-03-01,1723.0
2004-03-02,1692.0
2004-03-03,1644.0
2004-03-04,1631.0
2004-03-05,1625.0
2004-03-06,1645.0
2004-03-07,1599.0
2004-03-08,1577.0
2004-03-09,1555.0
2004-03-10,1534.0
2004-03-11,1512.0
2004-03-12,1491.0
2004-03-13,1492.0
2004-03-14,1705.0
2004-03-15,1855.0
2004-03-16,1992.0
2004-03-17,2277.0
2004-03-18,2617.0
2004-03-19,2674.0
2004-03-20,2769.0
2004-03-21,2844.0
2004-03-22,2947.0
2004-03-23,2692.0
2004-03-24,2476.0
2004-03-25,2333.0
2004-03-26,2197.0
2004-03-27,2095.0
2004-03-28,2023.0
2004-03-29,2010.0
2004-03-30,2011.0
2004-03-31,2045.0
2004-04-01,2007.0
2004-04-02,2045.0
2004-04-03,2049.0
2004-04-04,2112.0
2004-04-05,2317.0
2004-04-06,2509.0
2004-04-07,2388.0
2004-04-08,2223.0
2004-04-09,2167.0
2004-04-10,2094.0
2004-04-11,2018.0
2004-04-12,1983.0
2004-04-13,1959.0
2004-04-14,1950.0
2004-04-15,1952.0
2004-04-16,1924.0
2004-04-17,1908.0
2004-04-18,1915.0
2004-04-19,1952.0
2004-04-20,1994.0
2004-04-21,2063.0
2004-04-22,2302.0
2004-04-23,2768.0
2004-04-24,3591.0
2004-04-25,4223.0
2004-04-26,4335.0
2004-04-27,3926.0
2004-04-28,3811.0
2004-04-29,3823.0
2004-04-30,4025.0
2004-05-01,3892.0
2004-05-02,3582.0
2004-05-03,3400.0
2004-05-04,3343.0
2004-05-05,3656.0
2004-05-06,3530.0
2004-05-07,3374.0
2004-05-08,3234.0
2004-05-09,3127.0
2004-05-10,3139.0
2004-05-11,3314.0
2004-05-12,3612.0
2004-05-13,3963.0
2004-05-14,4203.0
2004-05-15,4696.0
2004-05-16,5610.0
2004-05-17,7275.0
2004-05-18,8389.0
2004-05-19,9607.0
2004-05-20,10679.0
2004-05-21,10824.0
2004-05-22,9597.0
2004-05-23,8811.0
2004-05-24,8869.0
2004-05-25,8830.0
2004-05-26,8995.0
2004-05-27,8815.0
2004-05-28,9491.0
2004-05-29,9750.0
2004-05-30,10010.0
2004-05-31,9528.0
2004-06-01,9039.0
2004-06-02,10748.0
2004-06-03,11531.0
2004-06-04,10783.0
2004-06-05,10848.0
2004-06-06,10762.0
2004-06-07,10363.0
2004-06-08,10566.0
2004-06-09,11657.0
2004-06-10,12845.0
2004-06-11,12073.0
2004-06-12,11352.0
2004-06-13,10964.0
2004-06-14,9105.0
2004-06-15,8188.0
2004-06-16,8234.0
2004-06-17,8654.0
2004-06-18,8998.0
2004-06-19,8883.0
2004-06-20,7586.0
2004-06-21,6796.0
2004-06-22,6593.0
2004-06-23,7860.0
2004-06-24,8185.0
2004-06-25,7627.0
2004-06-26,7009.0
2004-06-27,6827.0
2004-06-28,7055.0
2004-06-29,7137.0
2004-06-30,6983.0
2004-07-01,6703.0
2004-07-02,6011.0
2004-07-03,5743.0
2004-07-04,5593.0
2004-07-05,5553.0
2004-07-06,5657.0
2004-07-07,5268.0
2004-07-08,5381.0
2004-07-09,5447.0
2004-07-10,4616.0
2004-07-11,4194.0
2004-07-12,3800.0
2004-07-13,3476.0
2004-07-14,3255.0
2004-07-15,3156.0
2004-07-16,3308.0
2004-07-17,3153.0
2004-07-18,3080.0
2004-07-19,2962.0
2004-07-20,3064.0
2004-07-21,2994.0
2004-07-22,2972.0
2004-07-23,2910.0
2004-07-24,2783.0
2004-07-25,2630.0
2004-07-26,2548.0
2004-07-27,2471.0
2004-07-28,2389.0
2004-07-29,2301.0
2004-07-30,2231.0
2004-07-31,2165.0
2004-08-01,2132.0
2004-08-02,2036.0
2004-08-03,2595.0
2004-08-04,3622.0
2004-08-05,3412.0
2004-08-06,2835.0
2004-08-07,2793.0
2004-08-08,2696.0
2004-08-09,2498.0
2004-08-10,2479.0
2004-08-11,2313.0
2004-08-12,2395.0
2004-08-13,2399.0
2004-08-14,2175.0
2004-08-15,2105.0
2004-08-16,2045.0
2004-08-17,2166.0
2004-08-18,3560.0
2004-08-19,2266.0
2004-08-20,2904.0
2004-08-21,2320.0
2004-08-22,2150.0
2004-08-23,2028.0
2004-08-24,2892.0
2004-08-25,2425.0
2004-08-26,2531.0
2004-08-27,2213.0
2004-08-28,2054.0
2004-08-29,2002.0
2004-08-30,1916.0
2004-08-31,1836.0
2004-09-01,1794.0
2004-09-02,1737.0
2004-09-03,1697.0
2004-09-04,1607.0
2004-09-05,1578.0
2004-09-06,1577.0
2004-09-07,1494.0
2004-09-08,1476.0
2004-09-09,1427.0
2004-09-10,1411.0
2004-09-11,1360.0
2004-09-12,1312.0
2004-09-13,1317.0
2004-09-14,1278.0
2004-09-15,1274.0
2004-09-16,1229.0
2004-09-17,1178.0
2004-09-18,1128.0
2004-09-19,1082.0
2004-09-20,1087.0
2004-09-21,1052.0
2004-09-22,1051.0
2004-09-23,1011.0
2004-09-24,997.0
2004-09-25,967.0
2004-09-26,961.0
2004-09-27,968.0
2004-09-28,964.0
2004-09-29,952.0
2004-09-30,941.0
2004-10-01,929.0
2004-10-02,918.0
2004-10-03,906.0
2004-10-04,902.0
2004-10-05,895.0
2004-10-06,886.0
2004-10-07,958.0
2004-10-08,886.0
2004-10-09,875.0
2004-10-10,869.0
2004-10-11,866.0
2004-10-12,885.0
2004-10-13,852.0
2004-10-14,879.0
2004-10-15,924.0
2004-10-16,908.0
2004-10-17,899.0
2004-10-18,896.0
2004-10-19,990.0
2004-10-20,4043.0
2004-10-21,6009.0
2004-10-22,2410.0
2004-10-23,2058.0
2004-10-24,1868.0
2004-10-25,1676.0
2004-10-26,11827.0
2004-10-27,6957.0
2004-10-28,5110.0
2004-10-29,9430.0
2004-10-30,7842.0
2004-10-31,7117.0
2004-11-01,9747.0
2004-11-02,8749.0
2004-11-03,7722.0
2004-11-04,6916.0
2004-11-05,6122.0
2004-11-06,5346.0
2004-11-07,5169.0
2004-11-08,4983.0
2004-11-09,4621.0
2004-11-10,4267.0
2004-11-11,3964.0
2004-11-12,3739.0
2004-11-13,3555.0
2004-11-14,3355.0
2004-11-15,3126.0
2004-11-16,2950.0
2004-11-17,2789.0
2004-11-18,2641.0
2004-11-19,2581.0
2004-11-20,2436.0
2004-11-21,2291.0
2004-11-22,2159.0
2004-11-23,2060.0
2004-11-24,2048.0
2004-11-25,1981.0
2004-11-26,1896.0
2004-11-27,1827.0
2004-11-28,1757.0
2004-11-29,1775.0
2004-11-30,1703.0
2004-12-01,1650.0
2004-12-02,1686.0
2004-12-03,1652.0
2004-12-04,1606.0
2004-12-05,1557.0
2004-12-06,1498.0
2004-12-07,1435.0
2004-12-08,1393.0
2004-12-09,1352.0
2004-12-10,1311.0
2004-12-11,1307.0
2004-12-12,1282.0
2004-12-13,1251.0
2004-12-14,1231.0
2004-12-15,1220.0
2004-12-16,1213.0
2006-01-21,797.0
2006-01-22,805.0
2006-01-23,802.0
2006-01-24,798.0
2006-01-25,796.0
2006-01-26,790.0
2006-01-27,788.0
2006-01-28,801.0
2006-01-29,801.0
2006-01-30,800.0
2006-01-31,804.0
2006-02-01,821.0
2006-02-02,837.0
2006-02-03,839.0
2006-02-04,838.0
2006-02-05,837.0
2006-02-06,836.0
2006-02-07,836.0
2006-02-08,833.0
2006-02-09,826.0
2006-02-10,826.0
2006-02-11,825.0
2006-02-12,818.0
2006-02-13,809.0
2006-02-14,804.0
2006-02-15,817.0
2006-02-16,1040.0
2006-02-17,979.0
2006-02-18,963.0
2006-02-19,1280.0
2006-02-20,1298.0
2006-02-21,1120.0
2006-02-22,1042.0
2006-02-23,1012.0
2006-02-24,992.0
2006-02-25,969.0
2006-02-26,954.0
2006-02-27,937.0
2006-02-28,924.0
2006-03-01,912.0
2006-03-02,908.0
2006-03-03,912.0
2006-03-04,978.0
2006-03-05,1109.0
2006-03-06,1021.0
2006-03-07,1001.0
2006-03-08,996.0
2006-03-09,1220.0
2006-03-10,1272.0
2006-03-11,1202.0
2006-03-12,1143.0
2006-03-13,1092.0
2006-03-14,1047.0
2006-03-15,1041.0
2006-03-16,1041.0
2006-03-17,1057.0
2006-03-18,1077.0
2006-03-19,1070.0
2006-03-20,1137.0
2006-03-21,1272.0
2006-03-22,1369.0
2006-03-23,1404.0
2006-03-24,1512.0
2006-03-25,1891.0
2006-03-26,2346.0
2006-03-27,2953.0
2006-03-28,3368.0
2006-03-29,2986.0
2006-03-30,2604.0
2006-03-31,4929.0
2006-04-01,6768.0
2006-04-02,7098.0
2006-04-03,7479.0
2006-04-04,6971.0
2006-04-05,6681.0
2006-04-06,6249.0
2006-04-07,5984.0
2006-04-08,5933.0
2006-04-09,5845.0
2006-04-10,6034.0
2006-04-11,5762.0
2006-04-12,5372.0
2006-04-13,5156.0
2006-04-14,5249.0
2006-04-15,5492.0
2006-04-16,5559.0
2006-04-17,5863.0
2006-04-18,6110.0
2006-04-19,6316.0
2006-04-20,6505.0
2006-04-21,6677.0
2006-04-22,7018.0
2006-04-23,7364.0
2006-04-24,7710.0
2006-04-25,7904.0
2006-04-26,7603.0
2006-04-27,7284.0
2006-04-28,7119.0
2006-04-29,7073.0
2006-04-30,6967.0
2006-05-01,6671.0
2006-05-02,6759.0
2006-05-03,7079.0
2006-05-04,7631.0
2006-05-05,8337.0
2006-05-06,9058.0
2006-05-07,9875.0
2006-05-08,11642.0
2006-05-09,11034.0
2006-05-10,8892.0
2006-05-11,7702.0
2006-05-12,7495.0
2006-05-13,8871.0
2006-05-14,9694.0
2006-05-15,10099.0
2006-05-16,10738.0
2006-05-17,12376.0
2006-05-18,16445.0
2006-05-19,16108.0
2006-05-20,12676.0
2006-05-21,11727.0
2006-05-22,12031.0
2006-05-23,12674.0
2006-05-24,11180.0
2006-05-25,10746.0
2006-05-26,11263.0
2006-05-27,14234.0
2006-05-28,15298.0
2006-05-29,14023.0
2006-05-30,11924.0
2006-05-31,10022.0
2006-06-01,8168.0
2006-06-02,7380.0
2006-06-03,6924.0
2006-06-04,6767.0
2006-06-05,6929.0
2006-06-06,7422.0
2006-06-07,7854.0
2006-06-08,7507.0
2006-06-09,7320.0
2006-06-10,7250.0
2006-06-11,7831.0
2006-06-12,7884.0
2006-06-13,8036.0
2006-06-14,8522.0
2006-06-15,8592.0
2006-06-16,8769.0
2006-06-17,10008.0
2006-06-18,10273.0
2006-06-19,9796.0
2006-06-20,9279.0
2006-06-21,8750.0
2006-06-22,8015.0
2006-06-23,7203.0
2006-06-24,7220.0
2006-06-25,6946.0
2006-06-26,6805.0
2006-06-27,6539.0
2006-06-28,6583.0
2006-06-29,6603.0
2006-06-30,5812.0
2006-07-01,5390.0
2006-07-02,5378.0
2006-07-03,5243.0
2006-07-04,4703.0
2006-07-05,4560.0
2006-07-06,4689.0
2006-07-07,4415.0
2006-07-08,4019.0
2006-07-09,3718.0
2006-07-10,3511.0
2006-07-11,3435.0
2006-07-12,3472.0
2006-07-13,3510.0
2006-07-14,3177.0
2006-07-15,3145.0
2006-07-16,3016.0
2006-07-17,3291.0
2006-07-18,3495.0
2006-07-19,3621.0
2006-07-20,3012.0
2006-07-21,2607.0
2006-07-22,2452.0
2006-07-23,2258.0
2006-07-24,2905.0
2006-07-25,3276.0
2006-07-26,2571.0
2006-07-27,2366.0
2006-07-28,2263.0
2006-07-29,2113.0
2006-07-30,2018.0
2006-07-31,1951.0
2006-08-01,2074.0
2006-08-02,1860.0
2006-08-03,2088.0
2006-08-04,2153.0
2006-08-05,1927.0
2006-08-06,1705.0
2006-08-07,1595.0
2006-08-08,1495.0
2006-08-09,1429.0
2006-08-10,1353.0
2006-08-11,1301.0
2006-08-12,1254.0
2006-08-13,1200.0
2006-08-14,1187.0
2006-08-15,1216.0
2006-08-16,2555.0
2006-08-17,1778.0
2006-08-18,5837.0
2006-08-19,2481.0
2006-08-20,2185.0
2006-08-21,2039.0
2006-08-22,1877.0
2006-08-23,1765.0
2006-08-24,1681.0
2006-08-25,1607.0
2006-08-26,1536.0
2006-08-27,1497.0
2006-08-28,1520.0
2006-08-29,5841.0
2006-08-30,5955.0
2006-08-31,2447.0
2006-09-01,2129.0
2006-09-02,1939.0
2006-09-03,1808.0
2006-09-04,1666.0
2006-09-05,1616.0
2006-09-06,1535.0
2006-09-07,1567.0
2006-09-08,1708.0
2006-09-09,2036.0
2006-09-10,1945.0
2006-09-11,1894.0
2006-09-12,1773.0
2006-09-13,1630.0
2006-09-14,1633.0
2006-09-15,1881.0
2006-09-16,1873.0
2006-09-17,1646.0
2006-09-18,1537.0
2006-09-19,1483.0
2006-09-20,1425.0
2006-09-21,1365.0
2006-09-22,1305.0
2006-09-23,1253.0
2006-09-24,1782.0
2006-09-25,6324.0
2006-09-26,3335.0
2006-09-27,2739.0
2006-09-28,2384.0
2006-09-29,2118.0
2006-09-30,2026.0
2006-10-01,7634.0
2006-10-02,3878.0
2006-10-03,4899.0
2006-10-04,4958.0
2006-10-05,4065.0
2006-10-06,3595.0
2006-10-07,3766.0
2006-10-08,3461.0
2006-10-09,3236.0
2006-10-10,3070.0
2006-10-11,2929.0
2006-10-12,2791.0
2006-10-13,2664.0
2006-10-14,2537.0
2006-10-15,2411.0
2006-10-16,2334.0
2006-10-17,2251.0
2006-10-18,2117.0
2006-10-19,2140.0
2006-10-20,2608.0
2006-10-21,2486.0
2006-10-22,2329.0
2006-10-23,7191.0
2006-10-24,15128.0
2006-10-25,5871.0
2006-10-26,4734.0
2006-10-27,4044.0
2006-10-28,3835.0
2006-10-29,3936.0
2006-10-30,3914.0
2006-10-31,3723.0
2006-11-01,3536.0
2006-11-02,3360.0
2006-11-03,3179.0
2006-11-04,3002.0
2006-11-05,2797.0
2006-11-06,2696.0
2006-11-07,2571.0
2006-11-08,2459.0
2006-11-09,2353.0
2006-11-10,2227.0
2006-11-11,2136.0
2006-11-12,2079.0
2006-11-13,1995.0
2006-11-14,1922.0
2006-11-15,1850.0
2006-11-16,1774.0
2006-11-17,1918.0
2006-11-18,2051.0
2006-11-19,1826.0
2006-11-20,1820.0
2006-11-21,1927.0
2006-11-22,2009.0
2006-11-23,1880.0
2006-11-24,1801.0
2006-11-25,1811.0
2006-11-26,1831.0
2006-11-27,1762.0
2006-11-28,1653.0
2006-11-29,1581.0
2006-11-30,1530.0
2006-12-01,1522.0
2006-12-02,1475.0
2006-12-03,1389.0
2006-12-04,1493.0
2006-12-05,1461.0
2006-12-06,3971.0
2006-12-07,3739.0
2006-12-08,3906.0
2006-12-09,4165.0
2006-12-10,3471.0
2006-12-11,3011.0
2006-12-12,2721.0
2006-12-13,2525.0
2006-12-14,2332.0
2006-12-15,2207.0
2006-12-16,2141.0
2006-12-17,2078.0
2006-12-18,2025.0
2006-12-19,1962.0
2006-12-20,1857.0
2006-12-21,1820.0
2006-12-22,1754.0
2006-12-23,1690.0
2006-12-24,1627.0
2006-12-25,1590.0
2006-12-26,1521.0
2006-12-27,1455.0
2006-12-28,1423.0
2006-12-29,1386.0
2006-12-30,1334.0
2006-12-31,1303.0
2007-01-01,1409.0
2007-01-02,1343.0
2007-01-03,1295.0
2007-01-04,1327.0
2007-01-05,1317.0
2007-01-06,1308.0
2007-01-07,1303.0
2007-01-08,1344.0
2007-01-09,1454.0
2007-01-10,1482.0
2007-01-11,1479.0
2007-01-12,1461.0
2007-01-13,1466.0
2007-01-14,1445.0
2007-01-15,1423.0
2007-01-16,1403.0
2007-01-17,1359.0
2007-01-18,1380.0
2007-01-19,1391.0
2007-01-20,1399.0
2007-01-21,1408.0
2007-01-22,1383.0
2007-01-23,1491.0
2007-01-24,1414.0
2007-01-25,1359.0
2007-01-26,1316.0
2007-01-27,1295.0
2007-01-28,1286.0
2007-01-29,1271.0
2007-01-30,1270.0
2007-01-31,1248.0
2007-02-01,1234.0
2007-02-02,1248.0
2007-02-03,1251.0
2007-02-04,1240.0
2007-02-05,1235.0
2007-02-06,1219.0
2007-02-07,1223.0
2007-02-08,1233.0
2007-02-09,1219.0
2007-02-10,1206.0
2007-02-11,1213.0
2007-02-12,2013.0
2007-02-13,1909.0
2007-02-14,1809.0
2007-02-15,2028.0
2007-02-16,1975.0
2007-02-17,1931.0
2007-02-18,1838.0
2007-02-19,1778.0
2007-02-20,1746.0
2007-02-21,1724.0
2007-02-22,1690.0
2007-02-23,1654.0
2007-02-24,1687.0
2007-02-25,1894.0
2007-02-26,1889.0
2007-02-27,1833.0
2007-02-28,2039.0
2007-03-01,2151.0
2007-03-02,4002.0
2007-03-03,6237.0
2007-03-04,5358.0
2007-03-05,4912.0
2007-03-06,4466.0
2007-03-07,4712.0
2007-03-08,4298.0
2007-03-09,3872.0
2007-03-10,3593.0
2007-03-11,3311.0
2007-03-12,3071.0
2007-03-13,3074.0
2007-03-14,3104.0
2007-03-15,3166.0
2007-03-16,3162.0
2007-03-17,3176.0
2007-03-18,3228.0
2007-03-19,3314.0
2007-03-20,3009.0
2007-03-21,2753.0
2007-03-22,2534.0
2007-03-23,2415.0
2007-03-24,2282.0
2007-03-25,2152.0
2007-03-26,2096.0
2007-03-27,2028.0
2007-03-28,1983.0
2007-03-29,1948.0
2007-03-30,1930.0
2007-03-31,1873.0
2007-04-01,1804.0
2007-04-02,1832.0
2007-04-03,1836.0
2007-04-04,1836.0
2007-04-05,1843.0
2007-04-06,1952.0
2007-04-07,2126.0
2007-04-08,2285.0
2007-04-09,2369.0
2007-04-10,2509.0
2007-04-11,2754.0
2007-04-12,2894.0
2007-04-13,3025.0
2007-04-14,3244.0
2007-04-15,3499.0
2007-04-16,4800.0
2007-04-17,5363.0
2007-04-18,5666.0
2007-04-19,6093.0
2007-04-20,7430.0
2007-04-21,7140.0
2007-04-22,6848.0
2007-04-23,6649.0
2007-04-24,6801.0
2007-04-25,6556.0
2007-04-26,5986.0
2007-04-27,5994.0
2007-04-28,5967.0
2007-04-29,5980.0
2007-04-30,6096.0
2007-05-01,6206.0
2007-05-02,6335.0
2007-05-03,5894.0
2007-05-04,5694.0
2007-05-05,6264.0
2007-05-06,5838.0
2007-05-07,5449.0
2007-05-08,5487.0
2007-05-09,6011.0
2007-05-10,6554.0
2007-05-11,6393.0
2007-05-12,6450.0
2007-05-13,6652.0
2007-05-14,7985.0
2007-05-15,7864.0
2007-05-16,6452.0
2007-05-17,6058.0
2007-05-18,6665.0
2007-05-19,7376.0
2007-05-20,8086.0
2007-05-21,7670.0
2007-05-22,7815.0
2007-05-23,8157.0
2007-05-24,8226.0
2007-05-25,7975.0
2007-05-26,8694.0
2007-05-27,8998.0
2007-05-28,9271.0
2007-05-29,8096.0
2007-05-30,7554.0
2007-05-31,7954.0
2007-06-01,9448.0
2007-06-02,9414.0
2007-06-03,9068.0
2007-06-04,8530.0
2007-06-05,8072.0
2007-06-06,7824.0
2007-06-07,8464.0
2007-06-08,7655.0
2007-06-09,7724.0
2007-06-10,7891.0
2007-06-11,8079.0
2007-06-12,7563.0
2007-06-13,7206.0
2007-06-14,7115.0
2007-06-15,12091.0
2007-06-16,9818.0
2007-06-17,8891.0
2007-06-18,10294.0
2007-06-19,8854.0
2007-06-20,8637.0
2007-06-21,8382.0
2007-06-22,8273.0
2007-06-23,7092.0
2007-06-24,6718.0
2007-06-25,6507.0
2007-06-26,6561.0
2007-06-27,5744.0
2007-06-28,5306.0
2007-06-29,5019.0
2007-06-30,4733.0
2007-07-01,4623.0
2007-07-02,6057.0
2007-07-03,5243.0
2007-07-04,5423.0
2007-07-05,4695.0
2007-07-06,4266.0
2007-07-07,4145.0
2007-07-08,4136.0
2007-07-09,5508.0
2007-07-10,4607.0
2007-07-11,4168.0
2007-07-12,3843.0
2007-07-13,3630.0
2007-07-14,3529.0
2007-07-15,3477.0
2007-07-16,3357.0
2007-07-17,3204.0
2007-07-18,3136.0
2007-07-19,3077.0
2007-07-20,2977.0
2007-07-21,2976.0
2007-07-22,2832.0
2007-07-23,2793.0
2007-07-24,2964.0
2007-07-25,2694.0
2007-07-26,2528.0
2007-07-27,2448.0
2007-07-28,2379.0
2007-07-29,2338.0
2007-07-30,2254.0
2007-07-31,2215.0
2007-08-01,2211.0
2007-08-02,2367.0
2007-08-03,2557.0
2007-08-04,2260.0
2007-08-05,2160.0
2007-08-06,2080.0
2007-08-07,2052.0
2007-08-08,2184.0
2007-08-09,2204.0
2007-08-10,2077.0
2007-08-11,2001.0
2007-08-12,1909.0
2007-08-13,1878.0
2007-08-14,1819.0
2007-08-15,1786.0
2007-08-16,1758.0
2007-08-17,1688.0
2007-08-18,1658.0
2007-08-19,1627.0
2007-08-20,1582.0
2007-08-21,1791.0
2007-08-22,1720.0
2007-08-23,1632.0
2007-08-24,1579.0
2007-08-25,1514.0
2007-08-26,1459.0
2007-08-27,1435.0
2007-08-28,1417.0
2007-08-29,1413.0
2007-08-30,1382.0
2007-08-31,1371.0
2007-09-01,1348.0
2007-09-02,1321.0
2007-09-03,1311.0
2007-09-04,1285.0
2007-09-05,1256.0
2007-09-06,1245.0
2007-09-07,1218.0
2007-09-08,1209.0
2007-09-09,1199.0
2007-09-10,1180.0
2007-09-11,1160.0
2007-09-12,1143.0
2007-09-13,1133.0
2007-09-14,1122.0
2007-09-15,1108.0
2007-09-16,1093.0
2007-09-17,1376.0
2007-09-18,1949.0
2007-09-19,1267.0
2007-09-20,1141.0
2007-09-21,1092.0
2007-09-22,1047.0
2007-09-23,1021.0
2007-09-24,1013.0
2007-09-25,998.0
2007-09-26,978.0
2007-09-27,980.0
2007-09-28,975.0
2007-09-29,956.0
2007-09-30,1046.0
2007-10-01,981.0
2007-10-02,955.0
2007-10-03,949.0
2007-10-04,937.0
2007-10-05,929.0
2007-10-06,934.0
2007-10-07,928.0
2007-10-08,922.0
2007-10-09,916.0
2007-10-10,904.0
2007-10-11,895.0
2007-10-12,888.0
2007-10-13,880.0
2007-10-14,875.0
2007-10-15,875.0
2007-10-16,872.0
2007-10-17,874.0
2007-10-18,879.0
2007-10-19,875.0
2007-10-20,876.0
2007-10-21,881.0
2007-10-22,881.0
2007-10-23,884.0
2007-10-24,891.0
2007-10-25,885.0
2007-10-26,884.0
2007-10-27,881.0
2007-10-28,866.0
2007-10-29,860.0
2007-10-30,851.0
2007-10-31,846.0
2007-11-01,847.0
2007-11-02,846.0
2007-11-03,842.0
2007-11-04,835.0
2007-11-05,838.0
2007-11-06,833.0
2007-11-07,825.0
2007-11-08,821.0
2007-11-09,818.0
2007-11-10,813.0
2007-11-11,804.0
2007-11-12,799.0
2007-11-13,803.0
2007-11-14,821.0
2007-11-15,826.0
2007-11-16,829.0
2007-11-17,832.0
2007-11-18,833.0
2007-11-19,833.0
2007-11-20,829.0
2007-11-21,1021.0
2007-11-22,1079.0
2007-11-23,4159.0
2007-11-24,1764.0
2007-11-25,1328.0
2007-11-26,1127.0
2007-11-27,1005.0
2007-11-28,955.0
2007-11-29,939.0
2007-11-30,923.0
2007-12-01,908.0
2007-12-02,907.0
2007-12-03,1021.0
2007-12-04,1015.0
2007-12-05,1012.0
2007-12-06,1008.0
2007-12-07,1186.0
2007-12-08,1344.0
2007-12-09,2261.0
2007-12-10,1948.0
2007-12-11,1694.0
2007-12-12,1528.0
2007-12-13,1411.0
2007-12-14,1313.0
2007-12-15,1214.0
2007-12-16,1172.0
2007-12-17,1136.0
2007-12-18,1101.0
2007-12-19,1074.0
2007-12-20,1047.0
2007-12-21,1028.0
2007-12-22,1023.0
2007-12-23,1019.0
2007-12-24,1017.0
2007-12-25,1020.0
2007-12-26,1019.0
2007-12-27,1006.0
2007-12-28,993.0
2007-12-29,979.0
2007-12-30,966.0
2007-12-31,952.0
2008-01-01,947.0
2008-01-02,960.0
2008-01-03,970.0
2008-01-04,948.0
2008-01-05,949.0
2008-01-06,1523.0
2008-01-07,1657.0
2008-01-08,1568.0
2008-01-09,1397.0
2008-01-10,1339.0
2008-01-11,1369.0
2008-01-12,1750.0
2008-01-13,1565.0
2008-01-14,1530.0
2008-01-15,1514.0
2008-01-16,1581.0
2008-01-17,1540.0
2008-01-18,1514.0
2008-01-19,1499.0
2008-01-20,1490.0
2008-01-21,1498.0
2008-01-22,1579.0
2008-01-23,1528.0
2008-01-24,1498.0
2008-01-25,1458.0
2008-01-26,1460.0
2008-01-27,1439.0
2008-01-28,1424.0
2008-01-29,1436.0
2008-01-30,1447.0
2008-01-31,1416.0
2008-02-01,1392.0
2008-02-02,1406.0
2008-02-03,1361.0
2008-02-04,1385.0
2008-02-05,1333.0
2008-02-06,1306.0
2008-02-07,1299.0
2008-02-08,1294.0
2008-02-09,1290.0
2008-02-10,1307.0
2008-02-11,1381.0
2008-02-12,1412.0
2008-02-13,1385.0
2008-02-14,1390.0
2008-02-15,1392.0
2008-02-16,1381.0
2008-02-17,1367.0
2008-02-18,1386.0
2008-02-19,1411.0
2008-02-20,1407.0
2008-02-21,1401.0
2008-02-22,1401.0
2008-02-23,1458.0
2008-02-24,1584.0
2008-02-25,1655.0
2008-02-26,1632.0
2008-02-27,1607.0
2008-02-28,1610.0
2008-02-29,1616.0
2008-03-01,1643.0
2008-03-02,1648.0
2008-03-03,1698.0
2008-03-04,1715.0
2008-03-05,1649.0
2008-03-06,1582.0
2008-03-07,1524.0
2008-03-08,1491.0
2008-03-09,1464.0
2008-03-10,1479.0
2008-03-11,1514.0
2008-03-12,1644.0
2008-03-13,1588.0
2008-03-14,1614.0
2008-03-15,1663.0
2008-03-16,1805.0
2008-03-17,1872.0
2008-03-18,1843.0
2008-03-19,1836.0
2008-03-20,1787.0
2008-03-21,1788.0
2008-03-22,1752.0
2008-03-23,1700.0
2008-03-24,1659.0
2008-03-25,1654.0
2008-03-26,1641.0
2008-03-27,1675.0
2008-03-28,1672.0
2008-03-29,1714.0
2008-03-30,1803.0
2008-03-31,2252.0
2008-04-01,2398.0
2008-04-02,2402.0
2008-04-03,2421.0
2008-04-04,2398.0
2008-04-05,2470.0
2008-04-06,2503.0
2008-04-07,2464.0
2008-04-08,2476.0
2008-04-09,2515.0
2008-04-10,2881.0
2008-04-11,5552.0
2008-04-12,5784.0
2008-04-13,4802.0
2008-04-14,4250.0
2008-04-15,3600.0
2008-04-16,3419.0
2008-04-17,2925.0
2008-04-18,2857.0
2008-04-19,3194.0
2008-04-20,3184.0
2008-04-21,4023.0
2008-04-22,4133.0
2008-04-23,4003.0
2008-04-24,4184.0
2008-04-25,4455.0
2008-04-26,4817.0
2008-04-27,5387.0
2008-04-28,5578.0
2008-04-29,5228.0
2008-04-30,4920.0
2008-05-01,4509.0
2008-05-02,4242.0
2008-05-03,4654.0
2008-05-04,5767.0
2008-05-05,7015.0
2008-05-06,8134.0
2008-05-07,8297.0
2008-05-08,7807.0
2008-05-09,8272.0
2008-05-10,8446.0
2008-05-11,8626.0
2008-05-12,8170.0
2008-05-13,7627.0
2008-05-14,7490.0
2008-05-15,7670.0
2008-05-16,8694.0
2008-05-17,10491.0
2008-05-18,10994.0
2008-05-19,9884.0
2008-05-20,9980.0
2008-05-21,9404.0
2008-05-22,9081.0
2008-05-23,9218.0
2008-05-24,11236.0
2008-05-25,15015.0
2008-05-26,43475.0
2008-05-27,38412.0
2008-05-28,28433.0
2008-05-29,26674.0
2008-05-30,25396.0
2008-05-31,21747.0
2008-06-01,18903.0
2008-06-02,20747.0
2008-06-03,17655.0
2008-06-04,15154.0
2008-06-05,13715.0
2008-06-06,13105.0
2008-06-07,12033.0
2008-06-08,11498.0
2008-06-09,11772.0
2008-06-10,12251.0
2008-06-11,11639.0
2008-06-12,11437.0
2008-06-13,10858.0
2008-06-14,9948.0
2008-06-15,9285.0
2008-06-16,9354.0
2008-06-17,12418.0
2008-06-18,11458.0
2008-06-19,11010.0
2008-06-20,10703.0
2008-06-21,10616.0
2008-06-22,10883.0
2008-06-23,10653.0
2008-06-24,10012.0
2008-06-25,9826.0
2008-06-26,9552.0
2008-06-27,9144.0
2008-06-28,8859.0
2008-06-29,8449.0
2008-06-30,7875.0
2008-07-01,7667.0
2008-07-02,7291.0
2008-07-03,7170.0
2008-07-04,7123.0
2008-07-05,6778.0
2008-07-06,6363.0
2008-07-07,6183.0
2008-07-08,5765.0
2008-07-09,5364.0
2008-07-10,5260.0
2008-07-11,5129.0
2008-07-12,6518.0
2008-07-13,8939.0
2008-07-14,6346.0
2008-07-15,5543.0
2008-07-16,5293.0
2008-07-17,5210.0
2008-07-18,5003.0
2008-07-19,4782.0
2008-07-20,4990.0
2008-07-21,4673.0
2008-07-22,4340.0
2008-07-23,4150.0
2008-07-24,3926.0
2008-07-25,3765.0
2008-07-26,3753.0
2008-07-27,3652.0
2008-07-28,3489.0
2008-07-29,3273.0
2008-07-30,3003.0
2008-07-31,2829.0
2008-08-01,3097.0
2008-08-02,3540.0
2008-08-03,3341.0
2008-08-04,3288.0
2008-08-05,3199.0
2008-08-06,3113.0
2008-08-07,2925.0
2008-08-08,2916.0
2008-08-09,2650.0
2008-08-10,2534.0
2008-08-11,2645.0
2008-08-12,5100.0
2008-08-13,6705.0
2008-08-14,3784.0
2008-08-15,4705.0
2008-08-16,4436.0
2008-08-17,3907.0
2008-08-18,3613.0
2008-08-19,3541.0
2008-08-20,3519.0
2008-08-21,3393.0
2008-08-22,3325.0
2008-08-23,3252.0
2008-08-24,3164.0
2008-08-25,2952.0
2008-08-26,2818.0
2008-08-27,2731.0
2008-08-28,2679.0
2008-08-29,2569.0
2008-08-30,2500.0
2008-08-31,2461.0
2008-09-01,2465.0
2008-09-02,2471.0
2008-09-03,2396.0
2008-09-04,2842.0
2008-09-05,4648.0
2008-09-06,9184.0
2008-09-07,9905.0
2008-09-08,5281.0
2008-09-09,4359.0
2008-09-10,3956.0
2008-09-11,4077.0
2008-09-12,5269.0
2008-09-13,4677.0
2008-09-14,4698.0
2008-09-15,4265.0
2008-09-16,4060.0
2008-09-17,3939.0
2008-09-18,3649.0
2008-09-19,3884.0
2008-09-20,3378.0
2008-09-21,3365.0
2008-09-22,3297.0
2008-09-23,2966.0
2008-09-24,2824.0
2008-09-25,2747.0
2008-09-26,2707.0
2008-09-27,2557.0
2008-09-28,2483.0
2008-09-29,2393.0
2008-09-30,2325.0
2008-10-01,2237.0
2008-10-02,2171.0
2008-10-03,2222.0
2008-10-04,2221.0
2008-10-05,2152.0
2008-10-06,2055.0
2008-10-07,1997.0
2008-10-08,1941.0
2008-10-09,1881.0
2008-10-10,1852.0
2008-10-11,1809.0
2008-10-12,1753.0
2008-10-13,1631.0
2008-10-14,1562.0
2008-10-15,1538.0
2008-10-16,1544.0
2008-10-17,1539.0
2008-10-18,1522.0
2008-10-19,1528.0
2008-10-20,1568.0
2008-10-21,1572.0
2008-10-22,1571.0
2008-10-23,1590.0
2008-10-24,1608.0
2008-10-25,1608.0
2008-10-26,1620.0
2008-10-27,1633.0
2008-10-28,1650.0
2008-10-29,1670.0
2008-10-30,1706.0
2008-10-31,1832.0
2008-11-01,2155.0
2008-11-02,2518.0
2008-11-03,2836.0
2008-11-04,2654.0
2008-11-05,2557.0
2008-11-06,2488.0
2008-11-07,2480.0
2008-11-08,2459.0
2008-11-09,2438.0
2008-11-10,2411.0
2008-11-11,2468.0
2008-11-12,2805.0
2008-11-13,2715.0
2008-11-14,2611.0
2008-11-15,2572.0
2008-11-16,2511.0
2008-11-17,2257.0
2008-11-18,2107.0
2008-11-19,2051.0
2008-11-20,2007.0
2008-11-21,2100.0
2008-11-22,1985.0
2008-11-23,1958.0
2008-11-24,2086.0
2008-11-25,2050.0
2008-11-26,1958.0
2008-11-27,1860.0
2008-11-28,1836.0
2008-11-29,1824.0
2008-11-30,1819.0
2008-12-01,1719.0
2008-12-02,1665.0
2008-12-03,1624.0
2008-12-04,1607.0
2008-12-05,1749.0
2008-12-06,1696.0
2008-12-07,1601.0
2008-12-08,1575.0
2008-12-09,1607.0
2008-12-10,1614.0
2008-12-11,1570.0
2008-12-12,1549.0
2008-12-13,1555.0
2008-12-14,1550.0
2008-12-15,1538.0
2008-12-16,1532.0
2010-01-21,1421.0
2010-01-22,1404.0
2010-01-23,1453.0
2010-01-24,1386.0
2010-01-25,1375.0
2010-01-26,1364.0
2010-01-27,1418.0
2010-01-28,1438.0
2010-01-29,1435.0
2010-01-30,1435.0
2010-01-31,1417.0
2010-02-01,1389.0
2010-02-02,1397.0
2010-02-03,1373.0
2010-02-04,1343.0
2010-02-05,1391.0
2010-02-06,1386.0
2010-02-07,1420.0
2010-02-08,1381.0
2010-02-09,1378.0
2010-02-10,1356.0
2010-02-11,1347.0
2010-02-12,1327.0
2010-02-13,1302.0
2010-02-14,1286.0
2010-02-15,1294.0
2010-02-16,1291.0
2010-02-17,1315.0
2010-02-18,1360.0
2010-02-19,1428.0
2010-02-20,1399.0
2010-02-21,1390.0
2010-02-22,1383.0
2010-02-23,1622.0
2010-02-24,1914.0
2010-02-25,1975.0
2010-02-26,2488.0
2010-02-27,2160.0
2010-02-28,2431.0
2010-03-01,2302.0
2010-03-02,2039.0
2010-03-03,2007.0
2010-03-04,1931.0
2010-03-05,1817.0
2010-03-06,1734.0
2010-03-07,1709.0
2010-03-08,1710.0
2010-03-09,1666.0
2010-03-10,1606.0
2010-03-11,1561.0
2010-03-12,1517.0
2010-03-13,1480.0
2010-03-14,1462.0
2010-03-15,1490.0
2010-03-16,1485.0
2010-03-17,1467.0
2010-03-18,1484.0
2010-03-19,1549.0
2010-03-20,1816.0
2010-03-21,2362.0
2010-03-22,2564.0
2010-03-23,2605.0
2010-03-24,2910.0
2010-03-25,2969.0
2010-03-26,3207.0
2010-03-27,3334.0
2010-03-28,3306.0
2010-03-29,3770.0
2010-03-30,4394.0
2010-03-31,4355.0
2010-04-01,4286.0
2010-04-02,4129.0
2010-04-03,4017.0
2010-04-04,4066.0
2010-04-05,3948.0
2010-04-06,3941.0
2010-04-07,4169.0
2010-04-08,4322.0
2010-04-09,3701.0
2010-04-10,3686.0
2010-04-11,3999.0
2010-04-12,3961.0
2010-04-13,3758.0
2010-04-14,3597.0
2010-04-15,3500.0
2010-04-16,3494.0
2010-04-17,3477.0
2010-04-18,3471.0
2010-04-19,3457.0
2010-04-20,3639.0
2010-04-21,3853.0
2010-04-22,4288.0
2010-04-23,4692.0
2010-04-24,4934.0
2010-04-25,5347.0
2010-04-26,6216.0
2010-04-27,6544.0
2010-04-28,6827.0
2010-04-29,8234.0
2010-04-30,9163.0
2010-05-01,8291.0
2010-05-02,7891.0
2010-05-03,7489.0
2010-05-04,6726.0
2010-05-05,6635.0
2010-05-06,6461.0
2010-05-07,6212.0
2010-05-08,6000.0
2010-05-09,5927.0
2010-05-10,6468.0
2010-05-11,8958.0
2010-05-12,8889.0
2010-05-13,8629.0
2010-05-14,7997.0
2010-05-15,7354.0
2010-05-16,6882.0
2010-05-17,6450.0
2010-05-18,6429.0
2010-05-19,6384.0
2010-05-20,6120.0
2010-05-21,6591.0
2010-05-22,7159.0
2010-05-23,7835.0
2010-05-24,8533.0
2010-05-25,10359.0
2010-05-26,11173.0
2010-05-27,10922.0
2010-05-28,10173.0
2010-05-29,9865.0
2010-05-30,11740.0
2010-05-31,16735.0
2010-06-01,14140.0
2010-06-02,11642.0
2010-06-03,10752.0
2010-06-04,11391.0
2010-06-05,12818.0
2010-06-06,14519.0
2010-06-07,16107.0
2010-06-08,14305.0
2010-06-09,14227.0
2010-06-10,18010.0
2010-06-11,19801.0
2010-06-12,16213.0
2010-06-13,13793.0
2010-06-14,12968.0
2010-06-15,16032.0
2010-06-16,18566.0
2010-06-17,18884.0
2010-06-18,15101.0
2010-06-19,13249.0
2010-06-20,11870.0
2010-06-21,10646.0
2010-06-22,9383.0
2010-06-23,9154.0
2010-06-24,9103.0
2010-06-25,8985.0
2010-06-26,8838.0
2010-06-27,8988.0
2010-06-28,9152.0
2010-06-29,9233.0
2010-06-30,9112.0
2010-07-01,9928.0
2010-07-02,9213.0
2010-07-03,8407.0
2010-07-04,8574.0
2010-07-05,7947.0
2010-07-06,7543.0
2010-07-07,7170.0
2010-07-08,7129.0
2010-07-09,7184.0
2010-07-10,7195.0
2010-07-11,7083.0
2010-07-12,6853.0
2010-07-13,6493.0
2010-07-14,6394.0
2010-07-15,6120.0
2010-07-16,5734.0
2010-07-17,5478.0
2010-07-18,5207.0
2010-07-19,5209.0
2010-07-20,5115.0
2010-07-21,4967.0
2010-07-22,5505.0
2010-07-23,6165.0
2010-07-24,5278.0
2010-07-25,4795.0
2010-07-26,4430.0
2010-07-27,4174.0
2010-07-28,3996.0
2010-07-29,3871.0
2010-07-30,3718.0
2010-07-31,3554.0
2010-08-01,3500.0
2010-08-02,3522.0
2010-08-03,3511.0
2010-08-04,3112.0
2010-08-05,3049.0
2010-08-06,3149.0
2010-08-07,3013.0
2010-08-08,2936.0
2010-08-09,2848.0
2010-08-10,2780.0
2010-08-11,2726.0
2010-08-12,2726.0
2010-08-13,2635.0
2010-08-14,2663.0
2010-08-15,2652.0
2010-08-16,2587.0
2010-08-17,2504.0
2010-08-18,2450.0
2010-08-19,2405.0
2010-08-20,2460.0
2010-08-21,2383.0
2010-08-22,2322.0
2010-08-23,2268.0
2010-08-24,2326.0
2010-08-25,2236.0
2010-08-26,2228.0
2010-08-27,2198.0
2010-08-28,2165.0
2010-08-29,2132.0
2010-08-30,2099.0
2010-08-31,2235.0
2010-09-01,3010.0
2010-09-02,2450.0
2010-09-03,2079.0
2010-09-04,2031.0
2010-09-05,1984.0
2010-09-06,2015.0
2010-09-07,3558.0
2010-09-08,3979.0
2010-09-09,2759.0
2010-09-10,2354.0
2010-09-11,2233.0
2010-09-12,2135.0
2010-09-13,2087.0
2010-09-14,2054.0
2010-09-15,1998.0
2010-09-16,1957.0
2010-09-17,2033.0
2010-09-18,2028.0
2010-09-19,2002.0
2010-09-20,1912.0
2010-09-21,1935.0
2010-09-22,1948.0
2010-09-23,1927.0
2010-09-24,2046.0
2010-09-25,2006.0
2010-09-26,1963.0
2010-09-27,1940.0
2010-09-28,1947.0
2010-09-29,1888.0
2010-09-30,1845.0
2010-10-01,1829.0
2010-10-02,1810.0
2010-10-03,1781.0
2010-10-04,1913.0
2010-10-05,1965.0
2010-10-06,1922.0
2010-10-07,1926.0
2010-10-08,1887.0
2010-10-09,1855.0
2010-10-10,1859.0
2010-10-11,1851.0
2010-10-12,1769.0
2010-10-13,1750.0
2010-10-14,1730.0
2010-10-15,1725.0
2010-10-16,1719.0
2010-10-17,1715.0
2010-10-18,1711.0
2010-10-19,1706.0
2010-10-20,1702.0
2010-10-21,1698.0
2010-10-22,1693.0
2010-10-23,1689.0
2010-10-24,1685.0
2010-10-25,1680.0
2010-10-26,1715.0
2010-10-27,1733.0
2010-10-28,1666.0
2010-10-29,1677.0
2010-10-30,1707.0
2010-10-31,2422.0
2010-11-01,3860.0
2010-11-02,2987.0
2010-11-03,2602.0
2010-11-04,2437.0
2010-11-05,2321.0
2010-11-06,2242.0
2010-11-07,2212.0
2010-11-08,2216.0
2010-11-09,2158.0
2010-11-10,2184.0
2010-11-11,2160.0
2010-11-12,5115.0
2010-11-13,4550.0
2010-11-14,3815.0
2010-11-15,4530.0
2010-11-16,5098.0
2010-11-17,4485.0
2010-11-18,4215.0
2010-11-19,3885.0
2010-11-20,3666.0
2010-11-21,3517.0
2010-11-22,3367.0
2010-11-23,3218.0
2010-11-24,3096.0
2010-11-25,3032.0
2010-11-26,2915.0
2010-11-27,2789.0
2010-11-28,2736.0
2010-11-29,2648.0
2010-11-30,2552.0
2010-12-01,2468.0
2010-12-02,2387.0
2010-12-03,2305.0
2010-12-04,2162.0
2010-12-05,2172.0
2010-12-06,3070.0
2010-12-07,4727.0
2010-12-08,4530.0
2010-12-09,4359.0
2010-12-10,4002.0
2010-12-11,3653.0
2010-12-12,3418.0
2010-12-13,3225.0
2010-12-14,3046.0
2010-12-15,2926.0
2010-12-16,2838.0
2010-12-17,2848.0
2010-12-18,2756.0
2010-12-19,2658.0
2010-12-20,2559.0
2010-12-21,2531.0
2010-12-22,2656.0
2010-12-23,3076.0
2010-12-24,3133.0
2010-12-25,2948.0
2010-12-26,2773.0
2010-12-27,2636.0
2010-12-28,2573.0
2010-12-29,2488.0
2010-12-30,2401.0
2010-12-31,2327.0
2011-01-01,2292.0
2011-01-02,2262.0
2011-01-03,2169.0
2011-01-04,2145.0
2011-01-05,2163.0
2011-01-06,2164.0
2011-01-07,2278.0
2011-01-08,2276.0
2011-01-09,2385.0
2011-01-10,2668.0
2011-01-11,2544.0
2011-01-12,2463.0
2011-01-13,2424.0
2011-01-14,2410.0
2011-01-15,2381.0
2011-01-16,2382.0
2011-01-17,2398.0
2011-01-18,2376.0
2011-01-19,2341.0
2011-01-20,2286.0
2011-01-21,2279.0
2011-01-22,2192.0
2011-01-23,2169.0
2011-01-24,2158.0
2011-01-25,3220.0
2011-01-26,6726.0
2011-01-27,2131.0
2011-01-28,2094.0
2011-01-29,4477.0
2011-01-30,2012.0
2011-01-31,1998.0
2011-02-01,2006.0
2011-02-02,8842.0
2011-02-03,11045.0
2011-02-04,1908.0
2011-02-05,1929.0
2011-02-06,1907.0
2011-02-07,1883.0
2011-02-08,1859.0
2011-02-09,1835.0
2011-02-10,1823.0
2011-02-11,1856.0
2011-02-12,1734.0
2011-02-13,1838.0
2011-02-14,1812.0
2011-02-15,1822.0
2011-02-16,1776.0
2011-02-17,1741.0
2011-02-18,1775.0
2011-02-19,1786.0
2011-02-20,1775.0
2011-02-21,1744.0
2011-02-22,1731.0
2011-02-23,1720.0
2011-02-24,1703.0
2011-02-25,1698.0
2011-02-26,1698.0
2011-02-27,1750.0
2011-02-28,1720.0
2011-03-01,1690.0
2011-03-02,1641.0
2011-03-03,1635.0
2011-03-04,1649.0
2011-03-05,1733.0
2011-03-06,1716.0
2011-03-07,1685.0
2011-03-08,1699.0
2011-03-09,1693.0
2011-03-10,1731.0
2011-03-11,1781.0
2011-03-12,1760.0
2011-03-13,1717.0
2011-03-14,1678.0
2011-03-15,1658.0
2011-03-16,1679.0
2011-03-17,1752.0
2011-03-18,1738.0
2011-03-19,1742.0
2011-03-20,2096.0
2011-03-21,2470.0
2011-03-22,2455.0
2011-03-23,2418.0
2011-03-24,1848.0
2011-03-25,2364.0
2011-03-26,2461.0
2011-03-27,2534.0
2011-03-28,2508.0
2011-03-29,2544.0
2011-03-30,2598.0
2011-03-31,2602.0
2011-04-01,2605.0
2011-04-02,2868.0
2011-04-03,3205.0
2011-04-04,3502.0
2011-04-05,3491.0
2011-04-06,3563.0
2011-04-07,3780.0
2011-04-08,4063.0
2011-04-09,4412.0
2011-04-10,4703.0
2011-04-11,4882.0
2011-04-12,4910.0
2011-04-13,4888.0
2011-04-14,4698.0
2011-04-15,4562.0
2011-04-16,4401.0
2011-04-17,3804.0
2011-04-18,3780.0
2011-04-19,3843.0
2011-04-20,3855.0
2011-04-21,4797.0
2011-04-22,3829.0
2011-04-23,3406.0
2011-04-24,3516.0
2011-04-25,3801.0
2011-04-26,4092.0
2011-04-27,4179.0
2011-04-28,4047.0
2011-04-29,4088.0
2011-04-30,3807.0
2011-05-01,3661.0
2011-05-02,3571.0
2011-05-03,3533.0
2011-05-04,3545.0
2011-05-05,3583.0
2011-05-06,3568.0
2011-05-07,3654.0
2011-05-08,4000.0
2011-05-09,4167.0
2011-05-10,4411.0
2011-05-11,4576.0
2011-05-12,4630.0
2011-05-13,4727.0
2011-05-14,5067.0
2011-05-15,5012.0
2011-05-16,4518.0
2011-05-17,4297.0
2011-05-18,4350.0
2011-05-19,4333.0
2011-05-20,4399.0
2011-05-21,4426.0
2011-05-22,4349.0
2011-05-23,4418.0
2011-05-24,4512.0
2011-05-25,4703.0
2011-05-26,5037.0
2011-05-27,5334.0
2011-05-28,4977.0
2011-05-29,4726.0
2011-05-30,4665.0
2011-05-31,5306.0
2011-06-01,5555.0
2011-06-02,5215.0
2011-06-03,4928.0
2011-06-04,4840.0
2011-06-05,5083.0
2011-06-06,4875.0
2011-06-07,5010.0
2011-06-08,5371.0
2011-06-09,5169.0
2011-06-10,4874.0
2011-06-11,4722.0
2011-06-12,4567.0
2011-06-13,4483.0
2011-06-14,4276.0
2011-06-15,4153.0
2011-06-16,4456.0
2011-06-17,5145.0
2011-06-18,6061.0
2011-06-19,5854.0
2011-06-20,5257.0
2011-06-21,5044.0
2011-06-22,5189.0
2011-06-23,5221.0
2011-06-24,5003.0
2011-06-25,4840.0
2011-06-26,4763.0
2011-06-27,4612.0
2011-06-28,4630.0
2011-06-29,4535.0
2011-06-30,4419.0
2011-07-01,4212.0
2011-07-02,4116.0
2011-07-03,4056.0
2011-07-04,3659.0
2011-07-05,3315.0
2011-07-06,3243.0
2011-07-07,3081.0
2011-07-08,3244.0
2011-07-09,3413.0
2011-07-10,3456.0
2011-07-11,3477.0
2011-07-12,2699.0
2011-07-13,6702.0
2011-07-14,5985.0
2011-07-15,4901.0
2011-07-16,3978.0
2011-07-17,7557.0
2011-07-18,5161.0
2011-07-19,5080.0
2011-07-20,5314.0
2011-07-21,5452.0
2011-07-22,4092.0
2011-07-23,3941.0
2011-07-24,3493.0
2011-07-25,3215.0
2011-07-26,3960.0
2011-07-27,5139.0
2011-07-28,4097.0
2011-07-29,4278.0
2011-07-30,4087.0
2011-07-31,3666.0
2011-08-01,3806.0
2011-08-02,4358.0
2011-08-03,3261.0
2011-08-04,3670.0
2011-08-05,3464.0
2011-08-06,2840.0
2011-08-07,5222.0
2011-08-08,3570.0
2011-08-09,3064.0
2011-08-10,3318.0
2011-08-11,3538.0
2011-08-12,2713.0
2011-08-13,2266.0
2011-08-14,2696.0
2011-08-15,2697.0
2011-08-16,2705.0
2011-08-17,2724.0
2011-08-18,2588.0
2011-08-19,2670.0
2011-08-20,2638.0
2011-08-21,2560.0
2011-08-22,2482.0
2011-08-23,2292.0
2011-08-24,2389.0
2011-08-25,2514.0
2011-08-26,2540.0
2011-08-27,3002.0
2011-08-28,1949.0
2011-08-29,2193.0
2011-08-30,2462.0
2011-08-31,2256.0
2011-09-01,2585.0
2011-09-02,2154.0
2011-09-03,2462.0
2011-09-04,2649.0
2011-09-05,2597.0
2011-09-06,2284.0
2011-09-07,2459.0
2011-09-08,2455.0
2011-09-09,2538.0
2011-09-10,2386.0
2011-09-11,2355.0
2011-09-12,2343.0
2011-09-13,2498.0
2011-09-14,2392.0
2011-09-15,2431.0
2011-09-16,2607.0
2011-09-17,2501.0
2011-09-18,3939.0
2011-09-19,2969.0
2011-09-20,2663.0
2011-09-21,3013.0
2011-09-22,2453.0
2011-09-23,2558.0
2011-09-24,2984.0
2011-09-25,3211.0
2011-09-26,3033.0
2011-09-27,3019.0
2011-09-28,2492.0
2011-09-29,2461.0
2011-09-30,2675.0
2011-10-01,2729.0
2011-10-02,2641.0
2011-10-03,2652.0
2011-10-04,2738.0
2011-10-05,2679.0
2011-10-06,2837.0
2011-10-07,2708.0
2011-10-08,3191.0
2011-10-09,3711.0
2011-10-10,4417.0
2011-10-11,2927.0
2011-10-12,2298.0
2011-10-13,2395.0
2011-10-14,2488.0
2011-10-15,2511.0
2011-10-16,2843.0
2011-10-17,4606.0
2011-10-18,3797.0
2011-10-19,2886.0
2011-10-20,2375.0
2011-10-21,3114.0
2011-10-22,4205.0
2011-10-23,4250.0
2011-10-24,3959.0
2011-10-25,5235.0
2011-10-26,5231.0
2011-10-27,4820.0
2011-10-28,4325.0
2011-10-29,3654.0
2011-10-30,3704.0
2011-10-31,3623.0
2011-11-01,3595.0
2011-11-02,4617.0
2011-11-03,6140.0
2011-11-04,24474.0
2011-11-05,17779.0
2011-11-06,2230.0
2011-11-07,2204.0
2011-11-08,2478.0
2011-11-09,2758.0
2011-11-10,2681.0
2011-11-24,3239.0
2011-11-25,3124.0
2011-11-26,2939.0
2011-11-27,2813.0
2011-11-28,2723.0
2011-11-29,2595.0
2011-11-30,2467.0
2011-12-01,2428.0
2011-12-02,2403.0
2011-12-03,2353.0
2011-12-04,2244.0
2011-12-05,2509.0
2011-12-06,2305.0
2011-12-07,2447.0
2011-12-08,2440.0
2011-12-09,2356.0
2011-12-10,2216.0
2011-12-11,2164.0
2011-12-12,2253.0
2011-12-13,2285.0
2011-12-14,2310.0
2011-12-15,2385.0
2011-12-16,3185.0
2011-12-17,3225.0
2011-12-18,2809.0
2011-12-19,2587.0
2011-12-20,2403.0
2011-12-21,2332.0
2011-12-22,2396.0
2011-12-23,2511.0
2011-12-24,2494.0
2011-12-25,2375.0
2011-12-26,2312.0
2011-12-27,2263.0
2011-12-28,2292.0
2011-12-29,2336.0
2011-12-30,2364.0
2012-01-19,2234.0
2012-01-20,2261.0
2012-01-21,2224.0
2012-01-22,2202.0
2012-01-23,2228.0
2012-01-24,2252.0
2012-01-25,2205.0
2012-01-26,2150.0
2012-01-27,2117.0
2012-01-28,2108.0
2012-01-29,2097.0
2012-01-30,2083.0
2012-01-31,2069.0
2012-02-01,2011.0
2012-02-02,1936.0
2012-02-03,1922.0
2012-02-04,1915.0
2012-02-05,1870.0
2012-02-06,1834.0
2012-02-07,1852.0
2012-02-08,1853.0
2012-02-09,1815.0
2012-02-10,1755.0
2012-02-11,1709.0
2012-02-12,1678.0
2012-02-13,1647.0
2012-02-14,1616.0
2012-02-15,1586.0
2012-02-16,1555.0
2012-02-17,1576.0
2012-02-18,1604.0
2012-02-19,1587.0
2012-02-20,1634.0
2012-02-21,1650.0
2012-02-22,1599.0
2012-02-23,1578.0
2012-02-24,1621.0
2012-02-25,1789.0
2012-02-26,1847.0
2012-02-27,1789.0
2012-02-28,1812.0
2012-02-29,1897.0
2012-03-01,2052.0
2012-03-02,2182.0
2012-03-03,2306.0
2012-03-04,2329.0
2012-03-05,2257.0
2012-03-06,2185.0
2012-03-07,2112.0
2012-03-08,2071.0
2012-03-09,2062.0
2012-03-10,2075.0
2012-03-11,2111.0
2012-03-12,2134.0
2012-03-13,2157.0
2012-03-14,2182.0
2012-03-15,2249.0
2012-03-16,2351.0
2012-03-17,2353.0
2012-03-18,2394.0
2012-03-19,2311.0
2012-03-20,2270.0
2012-03-21,2270.0
2012-03-22,2270.0
2012-03-23,2270.0
2012-03-24,2207.0
2012-03-25,2169.0
2012-03-26,2219.0
2012-03-27,2236.0
2012-03-28,2300.0
2012-03-29,2400.0
2012-03-30,2517.0
2012-03-31,2662.0
2012-04-01,2841.0
2012-04-02,3415.0
2012-04-03,3738.0
2012-04-04,3731.0
2012-04-05,3776.0
2012-04-06,3967.0
2012-04-07,3923.0
2012-04-08,3822.0
2012-04-09,3743.0
2012-04-10,3737.0
2012-04-11,3955.0
2012-04-12,3931.0
2012-04-13,3922.0
2012-04-14,4028.0
2012-04-15,4038.0
2012-04-16,3985.0
2012-04-17,3978.0
2012-04-18,3884.0
2012-04-19,4039.0
2012-04-20,4034.0
2012-04-21,4105.0
2012-04-22,4196.0
2012-04-23,4221.0
2012-04-24,4342.0
2012-04-25,4229.0
2012-04-26,4343.0
2012-04-27,5204.0
2012-04-28,6753.0
2012-04-29,11837.0
2012-04-30,10378.0
2012-05-01,9264.0
2012-05-02,8140.0
2012-05-03,7508.0
2012-05-04,6369.0
2012-05-05,6868.0
2012-05-06,7631.0
2012-05-07,7349.0
2012-05-08,7312.0
2012-05-09,7367.0
2012-05-10,8357.0
2012-05-11,10490.0
2012-05-12,12383.0
2012-05-13,12088.0
2012-05-14,9406.0
2012-05-15,8059.0
2012-05-16,7685.0
2012-05-17,7606.0
2012-05-18,7859.0
2012-05-19,8151.0
2012-05-20,7860.0
2012-05-21,7765.0
2012-05-22,8039.0
2012-05-23,8049.0
2012-05-24,8844.0
2012-05-25,10384.0
2012-05-26,9955.0
2012-05-27,9721.0
2012-05-28,8918.0
2012-05-29,8705.0
2012-05-30,8473.0
2012-05-31,8306.0
2012-06-01,8542.0
2012-06-02,9147.0
2012-06-03,11576.0
2012-06-04,11382.0
2012-06-05,8599.0
2012-06-06,7719.0
2012-06-07,7352.0
2012-06-08,8568.0
2012-06-09,7845.0
2012-06-10,7983.0
2012-06-11,10703.0
2012-06-12,11242.0
2012-06-13,10039.0
2012-06-14,8956.0
2012-06-15,7922.0
2012-06-16,8096.0
2012-06-17,8112.0
2012-06-18,7748.0
2012-06-19,7198.0
2012-06-20,8565.0
2012-06-21,7598.0
2012-06-22,6817.0
2012-06-23,6322.0
2012-06-24,5983.0
2012-06-25,5887.0
2012-06-26,6078.0
2012-06-27,5876.0
2012-06-28,5495.0
2012-06-29,5428.0
2012-06-30,5305.0
2012-07-01,5757.0
2012-07-02,5566.0
2012-07-03,4888.0
2012-07-04,4498.0
2012-07-05,4386.0
2012-07-06,4210.0
2012-07-07,3931.0
2012-07-08,3759.0
2012-07-09,3546.0
2012-07-10,3550.0
2012-07-11,3357.0
2012-07-12,3118.0
2012-07-13,3039.0
2012-07-14,2835.0
2012-07-15,2740.0
2012-07-16,2685.0
2012-07-17,2631.0
2012-07-18,2532.0
2012-07-19,2440.0
2012-07-20,2439.0
2012-07-21,2389.0
2012-07-22,2339.0
2012-07-23,2289.0
2012-07-24,2239.0
2012-07-25,1919.0
2012-07-26,1823.0
2012-07-27,1740.0
2012-07-28,1684.0
2012-07-29,1601.0
2012-07-30,1545.0
2012-07-31,1537.0
2012-08-01,1520.0
2012-08-02,1511.0
2012-08-03,1487.0
2012-08-04,1469.0
2012-08-05,1724.0
2012-08-06,1828.0
2012-08-07,1706.0
2012-08-08,1600.0
2012-08-09,1592.0
2012-08-10,1593.0
2012-08-11,1597.0
2012-08-12,1965.0
2012-08-13,1900.0
2012-08-14,1655.0
2012-08-15,1546.0
2012-08-16,1519.0
2012-08-17,1447.0
2012-08-18,1374.0
2012-08-19,1716.0
2012-08-20,2176.0
2012-08-21,1727.0
2012-08-22,1570.0
2012-08-23,1749.0
2012-08-24,1693.0
2012-08-25,1668.0
2012-08-26,1581.0
2012-08-27,1490.0
2012-08-28,1447.0
2012-08-29,1435.0
2012-08-30,1463.0
2012-08-31,1427.0
2012-09-01,1416.0
2012-09-02,1402.0
2012-09-03,1406.0
2012-09-04,1397.0
2012-09-05,1389.0
2012-09-06,1376.0
2012-09-07,1407.0
2012-09-08,1409.0
2012-09-09,1417.0
2012-09-10,1386.0
2012-09-11,1371.0
2012-09-12,1448.0
2012-09-13,1408.0
2012-09-14,1373.0
2012-09-15,1364.0
2012-09-16,1347.0
2012-09-17,1333.0
2012-09-18,1349.0
2012-09-19,1335.0
2012-09-20,1317.0
2012-09-21,1331.0
2012-09-22,1337.0
2012-09-23,1326.0
2012-09-24,1705.0
2012-09-25,1476.0
2012-09-26,2133.0
2012-09-27,2748.0
2012-09-28,1862.0
2012-09-29,2133.0
2012-09-30,2205.0
2012-10-01,1912.0
2012-10-02,1794.0
2012-10-03,1747.0
2012-10-04,1696.0
2012-10-05,1653.0
2012-10-06,1609.0
2012-10-07,1567.0
2012-10-08,1567.0
2012-10-09,2298.0
2012-10-10,1789.0
2012-10-11,1703.0
2012-10-12,1806.0
2012-10-13,1762.0
2012-10-14,1778.0
2012-10-15,1886.0
2012-10-16,1948.0
2012-10-17,1818.0
2012-10-18,1800.0
2012-10-19,1820.0
2012-10-20,1779.0
2012-10-21,1759.0
2012-10-22,1736.0
2012-10-23,1720.0
2012-10-24,1710.0
2012-10-25,1649.0
2012-10-26,1812.0
2012-10-27,2118.0
2012-10-28,2021.0
2012-10-29,1971.0
2012-10-30,2114.0
2012-10-31,2055.0
2012-11-01,1993.0
2012-11-02,1960.0
2012-11-03,1941.0
2012-11-04,2967.0
2012-11-05,4318.0
2012-11-06,2888.0
2012-11-07,2505.0
2012-11-08,2352.0
2012-11-09,2323.0
2012-11-10,18622.0
2012-11-11,19024.0
2012-11-12,11145.0
2012-11-13,8623.0
2012-11-14,7562.0
2012-11-15,7555.0
2012-11-16,7369.0
2012-11-17,7113.0
2012-11-18,6717.0
2012-11-19,6256.0
2012-11-20,5991.0
2012-11-21,5606.0
2012-11-22,5553.0
2012-11-23,5356.0
2012-11-24,5105.0
2012-11-25,4862.0
2012-11-26,4802.0
2012-11-27,7577.0
2012-11-28,7192.0
2012-11-29,6827.0
2012-11-30,6485.0
2012-12-01,5936.0
2012-12-02,5610.0
2012-12-03,5494.0
2012-12-04,5572.0
2012-12-05,5262.0
2012-12-06,4926.0
2012-12-07,4782.0
2012-12-08,4560.0
2012-12-09,4351.0
2012-12-10,4152.0
2012-12-11,4039.0
2012-12-12,3918.0
2012-12-13,3519.0
2012-12-14,3579.0
2012-12-15,4887.0
2012-12-16,4893.0
2012-12-17,4765.0
2012-12-18,4477.0
2012-12-19,4197.0
2012-12-20,4128.0
2012-12-21,4017.0
2012-12-22,3908.0
2012-12-23,3997.0
2012-12-24,4762.0
2012-12-25,5433.0
2012-12-26,6058.0
2012-12-27,6048.0
2012-12-28,5928.0
2012-12-29,5708.0
2012-12-30,5322.0
2012-12-31,4906.0
2013-01-01,4613.0
2013-01-02,4364.0
2013-01-03,4125.0
2013-01-04,3910.0
2013-01-05,3807.0
2013-01-06,3719.0
2013-01-07,3645.0
2013-01-08,3623.0
2013-01-09,3604.0
2013-01-10,3530.0
2013-01-11,3459.0
2013-01-12,3375.0
2013-01-13,3254.0
2013-01-14,3196.0
2013-01-15,3118.0
2013-01-16,3011.0
2013-01-17,2933.0
2013-01-18,2915.0
2013-01-19,2960.0
2013-01-20,3561.0
2013-01-21,3299.0
2013-01-22,3056.0
2013-01-23,2965.0
2013-01-24,2876.0
2013-01-25,2786.0
2013-01-26,2696.0
2013-01-27,2699.0
2013-01-28,2689.0
2013-01-29,2645.0
2013-01-30,2656.0
2013-01-31,2668.0
2013-02-01,2766.0
2013-02-02,3211.0
2013-02-03,3018.0
2013-02-04,2892.0
2013-02-05,2817.0
2013-02-06,2789.0
2013-02-07,2706.0
2013-02-08,2630.0
2013-02-09,2567.0
2013-02-10,2546.0
2013-02-11,2607.0
2013-02-12,2570.0
2013-02-13,2423.0
2013-02-14,2308.0
2013-02-15,2286.0
2013-02-16,2205.0
2013-02-17,2210.0
2013-02-18,2161.0
2013-02-19,2122.0
2013-02-20,2099.0
2013-02-21,2086.0
2013-02-22,2083.0
2013-02-23,2071.0
2013-02-24,2045.0
2013-02-25,1995.0
2013-02-26,1963.0
2013-02-27,1975.0
2013-02-28,1962.0
2013-03-01,1944.0
2013-03-02,1946.0
2013-03-03,1957.0
2013-03-04,1990.0
2013-03-05,2005.0
2013-03-06,2075.0
2013-03-07,2133.0
2013-03-08,2481.0
2013-03-09,2592.0
2013-03-10,2550.0
2013-03-11,2520.0
2013-03-12,2558.0
2013-03-13,2501.0
2013-03-14,2448.0
2013-03-15,2379.0
2013-03-16,2321.0
2013-03-17,2382.0
2013-03-18,2510.0
2013-03-19,2446.0
2013-03-20,2447.0
2013-03-21,2429.0
2013-03-22,2454.0
2013-03-23,2530.0
2013-03-24,2693.0
2013-03-25,2732.0
2013-03-26,2723.0
2013-03-27,2789.0
2013-03-28,3115.0
2013-03-29,3701.0
2013-03-30,3895.0
2013-03-31,3787.0
2013-04-01,3735.0
2013-04-02,3635.0
2013-04-03,3541.0
2013-04-04,3502.0
2013-04-05,3430.0
2013-04-06,3373.0
2013-04-07,3368.0
2013-04-08,3320.0
2013-04-09,3298.0
2013-04-10,3275.0
2013-04-11,3344.0
2013-04-12,4101.0
2013-04-13,4023.0
2013-04-14,4444.0
2013-04-15,5825.0
2013-04-16,6969.0
2013-04-17,8591.0
2013-04-18,10361.0
2013-04-19,11252.0
2013-04-20,9467.0
2013-04-21,8610.0
2013-04-22,8074.0
2013-04-23,7796.0
2013-04-24,8212.0
2013-04-25,8874.0
2013-04-26,11734.0
2013-04-27,15470.0
2013-04-28,14680.0
2013-04-29,15958.0
2013-04-30,23946.0
2013-05-01,21639.0
2013-05-02,19584.0
2013-05-03,18527.0
2013-05-04,16850.0
2013-05-05,16351.0
2013-05-06,16065.0
2013-05-07,15015.0
2013-05-08,14353.0
2013-05-09,15356.0
2013-05-10,23749.0
2013-05-11,19404.0
2013-05-12,14427.0
2013-05-13,12660.0
2013-05-14,12605.0
2013-05-15,12533.0
2013-05-16,15045.0
2013-05-17,17292.0
2013-05-18,16196.0
2013-05-19,17750.0
2013-05-20,14979.0
2013-05-21,13519.0
2013-05-22,12753.0
2013-05-23,12099.0
2013-05-24,10962.0
2013-05-25,9732.0
2013-05-26,8659.0
2013-05-27,8170.0
2013-05-28,8467.0
2013-05-29,8488.0
2013-05-30,8078.0
2013-05-31,7799.0
2013-06-01,7643.0
2013-06-02,7934.0
2013-06-03,8540.0
2013-06-04,8871.0
2013-06-05,8763.0
2013-06-06,8806.0
2013-06-07,10017.0
2013-06-08,11094.0
2013-06-09,12623.0
2013-06-10,11543.0
2013-06-11,11110.0
2013-06-12,11980.0
2013-06-13,13571.0
2013-06-14,14422.0
2013-06-15,14520.0
2013-06-16,16052.0
2013-06-17,19313.0
2013-06-18,20380.0
2013-06-19,18193.0
2013-06-20,22537.0
2013-06-21,17106.0
2013-06-22,14927.0
2013-06-23,14651.0
2013-06-24,13579.0
2013-06-25,11702.0
2013-06-26,10904.0
2013-06-27,9465.0
2013-06-28,8282.0
2013-06-29,7730.0
2013-06-30,7569.0
2013-07-01,7714.0
2013-07-02,7724.0
2013-07-03,7803.0
2013-07-04,7596.0
2013-07-05,8127.0
2013-07-06,8235.0
2013-07-07,8461.0
2013-07-08,8553.0
2013-07-09,9426.0
2013-07-10,8894.0
2013-07-11,8109.0
2013-07-12,7723.0
2013-07-13,7775.0
2013-07-14,7362.0
2013-07-15,6910.0
2013-07-16,6849.0
2013-07-17,6885.0
2013-07-18,6733.0
2013-07-19,6172.0
2013-07-20,6477.0
2013-07-21,6644.0
2013-07-22,6918.0
2013-07-23,7899.0
2013-07-24,7468.0
2013-07-25,6549.0
2013-07-26,6258.0
2013-07-27,6143.0
2013-07-28,6366.0
2013-07-29,11430.0
2013-07-30,7205.0
2013-07-31,5385.0
2013-08-01,5146.0
2013-08-02,4928.0
2013-08-03,4780.0
2013-08-04,4525.0
2013-08-05,4277.0
2013-08-06,4011.0
2013-08-07,7220.0
2013-08-08,24127.0
2013-08-09,11685.0
2013-08-10,8677.0
2013-08-11,7843.0
2013-08-12,7601.0
2013-08-13,7188.0
2013-08-14,6723.0
2013-08-15,6403.0
2013-08-16,6096.0
2013-08-17,5550.0
2013-08-18,5529.0
2013-08-19,5246.0
2013-08-20,5023.0
2013-08-21,4988.0
2013-08-22,4936.0
2013-08-23,4635.0
2013-08-24,4636.0
2013-08-25,4496.0
2013-08-26,4328.0
2013-08-27,4143.0
2013-08-28,4096.0
2013-08-29,4018.0
2013-08-30,3747.0
2013-08-31,3538.0
2013-09-01,3516.0
2013-09-02,3334.0
2013-09-03,3255.0
2013-09-04,3172.0
2013-09-05,3152.0
2013-09-06,3048.0
2013-09-07,2982.0
2013-09-08,3517.0
2013-09-09,3674.0
2013-09-10,3245.0
2013-09-11,3065.0
2013-09-12,2949.0
2013-09-13,2828.0
2013-09-14,2684.0
2013-09-15,2722.0
2013-09-16,2704.0
2013-09-17,2735.0
2013-09-18,2961.0
2013-09-19,3134.0
2013-09-20,3094.0
2013-09-21,3055.0
2013-09-22,2921.0
2013-09-23,2880.0
2013-09-24,2853.0
2013-09-25,2795.0
2013-09-26,2762.0
2013-09-27,2695.0
2013-09-28,2604.0
2013-09-29,2769.0
2013-09-30,2745.0
2013-10-01,2710.0
2013-10-02,2654.0
2013-10-03,2598.0
2013-10-04,2838.0
2013-10-05,5573.0
2013-10-06,3720.0
2013-10-07,3385.0
2013-10-08,3227.0
2013-10-09,3176.0
2013-10-10,3124.0
2013-10-11,3073.0
2013-10-12,3066.0
2013-10-13,3106.0
2013-10-14,3145.0
2013-10-15,3300.0
2013-10-16,5164.0
2013-10-17,4939.0
2013-10-18,4424.0
2013-10-19,4125.0
2013-10-20,6142.0
2013-10-21,8138.0
2013-10-22,6279.0
2013-10-23,11849.0
2013-10-24,9813.0
2013-10-25,7832.0
2013-10-26,7089.0
2013-10-27,6731.0
2013-10-28,6574.0
2013-10-29,6377.0
2013-10-30,5961.0
2013-10-31,5776.0
2013-11-01,5490.0
2013-11-02,5807.0
2013-11-03,12609.0
2013-11-04,9581.0
2013-11-05,9454.0
2013-11-06,12055.0
2013-11-07,10598.0
2013-11-08,10201.0
2013-11-09,13868.0
2013-11-10,12733.0
2013-11-11,11398.0
2013-11-12,9670.0
2013-11-13,8937.0
2013-11-14,8244.0
2013-11-15,7704.0
2013-11-16,7208.0
2013-11-17,6742.0
2013-11-18,6386.0
2013-11-19,6038.0
2013-11-20,5679.0
2013-11-21,5319.0
2013-11-22,4984.0
2013-11-23,4717.0
2013-11-24,4468.0
2013-11-25,4258.0
2013-11-26,4039.0
2013-11-27,3833.0
2013-11-28,3604.0
2013-11-29,3518.0
2013-11-30,3446.0
2013-12-01,3413.0
2013-12-02,3343.0
2013-12-03,3252.0
2013-12-04,3149.0
2013-12-05,3072.0
2013-12-06,3004.0
2013-12-07,2933.0
2013-12-08,2855.0
2013-12-09,2756.0
2013-12-10,2617.0
2013-12-11,2543.0
2013-12-12,2484.0
2013-12-13,2421.0
2013-12-14,2344.0
2013-12-15,2296.0
2013-12-16,2273.0
2013-12-17,2333.0
2013-12-18,2372.0
2013-12-19,2365.0
2013-12-20,2504.0
2013-12-21,2431.0
2013-12-22,2436.0
2013-12-23,2437.0
2013-12-24,2428.0
2013-12-25,4077.0
2013-12-26,4437.0
2013-12-27,3534.0
2013-12-28,3506.0
2013-12-29,3410.0
2013-12-30,3272.0
2013-12-31,3119.0
2014-01-01,3043.0
2014-01-02,3035.0
2014-01-03,2961.0
2014-01-04,4265.0
2014-01-05,5782.0
2014-01-06,4699.0
2014-01-07,4284.0
2014-01-08,4040.0
2014-01-09,3875.0
2014-01-10,3699.0
2014-01-11,3510.0
2014-01-12,3438.0
2014-01-13,3460.0
2014-01-14,3396.0
2014-01-15,3262.0
2014-01-16,3254.0
2014-01-17,4165.0
2014-01-18,3905.0
2014-01-19,3903.0
2014-01-20,3801.0
2014-01-21,3646.0
2014-01-22,3500.0
2014-01-23,3367.0
2014-01-24,3359.0
2014-01-25,3280.0
2014-01-26,3116.0
2014-01-27,3114.0
2014-01-28,3043.0
2014-01-29,2815.0
2014-01-30,2797.0
2014-01-31,2768.0
2014-02-01,2733.0
2014-02-02,2697.0
2014-02-03,2661.0
2014-02-04,2618.0
2014-02-05,2630.0
2014-02-06,2537.0
2014-02-07,2982.0
2014-02-08,2996.0
2014-02-09,2958.0
2014-02-10,2959.0
2014-02-11,3028.0
2014-02-12,2933.0
2014-02-13,2700.0
2014-02-14,2539.0
2014-02-15,2835.0
2014-02-16,3047.0
2014-02-17,2965.0
2014-02-18,2955.0
2014-02-19,2921.0
2014-02-20,2848.0
2014-02-21,2944.0
2014-02-22,2894.0
2014-02-23,2854.0
2014-02-24,3095.0
2014-02-25,3382.0
2014-02-26,2975.0
2014-02-27,2777.0
2014-02-28,2752.0
2014-03-01,2710.0
2014-03-02,2591.0
2014-03-03,2591.0
2014-03-04,2521.0
2014-03-05,2454.0
2014-03-06,2431.0
2014-03-07,2406.0
2014-03-08,2441.0
2014-03-09,2514.0
2014-03-10,2550.0
2014-03-11,2565.0
2014-03-12,2599.0
2014-03-13,2756.0
2014-03-14,2928.0
2014-03-15,3041.0
2014-03-16,2975.0
2014-03-17,3089.0
2014-03-18,3399.0
2014-03-19,3555.0
2014-03-20,3616.0
2014-03-21,3731.0
2014-03-22,4110.0
2014-03-23,4020.0
2014-03-24,3747.0
2014-03-25,3579.0
2014-03-26,3460.0
2014-03-27,3386.0
2014-03-28,3317.0
2014-03-29,3278.0
2014-03-30,3269.0
2014-03-31,3638.0
2014-04-01,4021.0
2014-04-02,4212.0
2014-04-03,4448.0
2014-04-04,4474.0
2014-04-05,4617.0
2014-04-06,5173.0
2014-04-07,5678.0
2014-04-08,6181.0
2014-04-09,6017.0
2014-04-10,6001.0
2014-04-11,6104.0
2014-04-12,6236.0
2014-04-13,6450.0
2014-04-14,6688.0
2014-04-15,6858.0
2014-04-16,6729.0
2014-04-17,6605.0
2014-04-18,6506.0
2014-04-19,6131.0
2014-04-20,5831.0
2014-04-21,5823.0
2014-04-22,5652.0
2014-04-23,5789.0
2014-04-24,6163.0
2014-04-25,6520.0
2014-04-26,6876.0
2014-04-27,7288.0
2014-04-28,6641.0
2014-04-29,5842.0
2014-04-30,5661.0
2014-05-01,5452.0
2014-05-02,5640.0
2014-05-03,5509.0
2014-05-04,5554.0
2014-05-05,5244.0
2014-05-06,5138.0
2014-05-07,7167.0
2014-05-08,7382.0
2014-05-09,7286.0
2014-05-10,7384.0
2014-05-11,7747.0
2014-05-12,7740.0
2014-05-13,6909.0
2014-05-14,6270.0
2014-05-15,5883.0
2014-05-16,5591.0
2014-05-17,5630.0
2014-05-18,5657.0
2014-05-19,5627.0
2014-05-20,5940.0
2014-05-21,6480.0
2014-05-22,9046.0
2014-05-23,11677.0
2014-05-24,9495.0
2014-05-25,8304.0
2014-05-26,7707.0
2014-05-27,8104.0
2014-05-28,7872.0
2014-05-29,7758.0
2014-05-30,7649.0
2014-05-31,7559.0
2014-06-01,7569.0
2014-06-02,7662.0
2014-06-03,7597.0
2014-06-04,7400.0
2014-06-05,7081.0
2014-06-06,7521.0
2014-06-07,8685.0
2014-06-08,9876.0
2014-06-09,10664.0
2014-06-10,11369.0
2014-06-11,11056.0
2014-06-12,11012.0
2014-06-13,12045.0
2014-06-14,11149.0
2014-06-15,10242.0
2014-06-16,9023.0
2014-06-17,8684.0
2014-06-18,8296.0
2014-06-19,7664.0
2014-06-20,7390.0
2014-06-21,7591.0
2014-06-22,7866.0
2014-06-23,7986.0
2014-06-24,8137.0
2014-06-25,7993.0
2014-06-26,7201.0
2014-06-27,6781.0
2014-06-28,6626.0
2014-06-29,8327.0
2014-06-30,7117.0
2014-07-01,6549.0
2014-07-02,7365.0
2014-07-03,6815.0
2014-07-04,7399.0
2014-07-05,7703.0
2014-07-06,7065.0
2014-07-07,7703.0
2014-07-08,8894.0
2014-07-09,7694.0
2014-07-10,7236.0
2014-07-11,6791.0
2014-07-12,7458.0
2014-07-13,7423.0
2014-07-14,7103.0
2014-07-15,6636.0
2014-07-16,6347.0
2014-07-17,6153.0
2014-07-18,5981.0
2014-07-19,5770.0
2014-07-20,7086.0
2014-07-21,7375.0
2014-07-22,6340.0
2014-07-23,7163.0
2014-07-24,8179.0
2014-07-25,6367.0
2014-07-26,6048.0
2014-07-27,5592.0
2014-07-28,6875.0
2014-07-29,7334.0
2014-07-30,6446.0
2014-07-31,5981.0
2014-08-01,5726.0
2014-08-02,5630.0
2014-08-03,7470.0
2014-08-04,6111.0
2014-08-05,5412.0
2014-08-06,5134.0
2014-08-07,4889.0
2014-08-08,4837.0
2014-08-09,6017.0
2014-08-10,5158.0
2014-08-11,4875.0
2014-08-12,4652.0
2014-08-13,9602.0
2014-08-14,6789.0
2014-08-15,5613.0
2014-08-16,5120.0
2014-08-17,4856.0
2014-08-18,4747.0
2014-08-19,5438.0
2014-08-20,4911.0
2014-08-21,4768.0
2014-08-22,4523.0
2014-08-23,4341.0
2014-08-24,4181.0
2014-08-25,3947.0
2014-08-26,7255.0
2014-08-27,9438.0
2014-08-28,5829.0
2014-08-29,5216.0
2014-08-30,4933.0
2014-08-31,4698.0
2014-09-01,4591.0
2014-09-02,4459.0
2014-09-03,4337.0
2014-09-04,4178.0
2014-09-05,4035.0
2014-09-06,3864.0
2014-09-07,3683.0
2014-09-08,3572.0
2014-09-09,3634.0
2014-09-10,3616.0
2014-09-11,3456.0
2014-09-12,3352.0
2014-09-13,3240.0
2014-09-14,3136.0
2014-09-15,3087.0
2014-09-16,3127.0
2014-09-17,3024.0
2014-09-18,3347.0
2014-09-19,3250.0
2014-09-20,3552.0
2014-09-21,3284.0
2014-09-22,3144.0
2014-09-23,3034.0
2014-09-24,2963.0
2014-09-25,2878.0
2014-09-26,2787.0
2014-09-27,2698.0
2014-09-28,2628.0
2014-09-29,2571.0
2014-09-30,2549.0
2014-10-01,2499.0
2014-10-02,2460.0
2014-10-03,2432.0
2014-10-04,2397.0
2014-10-05,2359.0
2014-10-06,2321.0
2014-10-07,2301.0
2014-10-08,2262.0
2014-10-09,2208.0
2014-10-10,2152.0
2014-10-11,2280.0
2014-10-12,2228.0
2014-10-13,3947.0
2014-10-14,3357.0
2014-10-15,2913.0
2014-10-16,2768.0
2014-10-17,2646.0
2014-10-18,2525.0
2014-10-19,2422.0
2014-10-20,2479.0
2014-10-21,2691.0
2014-10-22,2605.0
2014-10-23,2407.0
2014-10-24,2378.0
2014-10-25,2347.0
2014-10-26,2329.0
2014-10-27,2375.0
2014-10-28,2342.0
2014-10-29,2296.0
2014-10-30,2250.0
2014-10-31,2163.0
2014-11-01,2068.0
2014-11-02,2032.0
2014-11-03,2003.0
2014-11-04,4329.0
2014-11-05,7099.0
2014-11-06,5088.0
2014-11-07,4572.0
2014-11-08,4231.0
2014-11-09,4328.0
2014-11-10,6301.0
2014-11-11,7337.0
2014-11-12,7053.0
2014-11-13,6718.0
2014-11-14,6285.0
2014-11-15,16063.0
2014-11-16,12405.0
2014-11-17,10456.0
2014-11-18,9095.0
2014-11-19,7974.0
2014-11-20,7511.0
2014-11-21,7440.0
2014-11-22,7266.0
2014-11-23,7144.0
2014-11-24,7192.0
2014-11-25,6692.0
2014-11-26,6561.0
2014-11-27,6374.0
2014-11-28,5934.0
2014-11-29,5459.0
2014-11-30,5156.0
2014-12-01,5019.0
2014-12-02,4791.0
2014-12-03,4559.0
2014-12-04,4363.0
2014-12-05,4178.0
2014-12-06,3992.0
2014-12-07,3813.0
2014-12-08,3650.0
2014-12-09,3570.0
2014-12-10,3432.0
2014-12-11,3357.0
2014-12-12,3286.0
2014-12-13,3185.0
2014-12-14,3064.0
2014-12-15,2981.0
2014-12-16,2904.0
2014-12-17,2827.0
2014-12-18,2720.0
2014-12-19,2603.0
2014-12-20,2529.0
2014-12-21,2467.0
2014-12-22,2409.0
2014-12-23,2341.0
2014-12-24,2265.0
2014-12-25,2190.0
2014-12-26,2114.0
2014-12-27,2049.0
2014-12-28,2002.0
2014-12-29,2043.0
2014-12-30,2080.0
2014-12-31,2217.0
2015-01-01,2214.0
2015-01-02,2186.0
2015-01-03,2180.0
2015-01-04,2227.0
2015-01-05,2176.0
2015-01-06,2100.0
2015-01-07,2063.0
2015-01-08,2030.0
2015-01-09,2002.0
2015-01-10,2018.0
2015-01-11,2036.0
2015-01-12,1999.0
2015-01-13,1945.0
2015-01-14,1885.0
2015-01-15,1804.0
2015-01-16,1940.0
2015-01-17,2263.0
2015-01-18,2152.0
2015-01-19,2052.0
2015-01-20,1983.0
2015-01-21,1940.0
2015-01-22,1897.0
2015-01-23,1909.0
2015-01-24,1889.0
2015-01-25,1847.0
2015-01-26,1814.0
2015-01-27,1795.0
2015-01-28,1764.0
2015-01-29,1797.0
2015-01-30,1796.0
2015-01-31,1788.0
2015-02-01,1754.0
2015-02-02,1721.0
2015-02-03,1674.0
2015-02-04,1634.0
2015-02-05,1604.0
2015-02-06,1575.0
2015-02-07,1565.0
2015-02-08,1557.0
2015-02-09,1530.0
2015-02-10,1530.0
2015-02-11,1554.0
2015-02-12,1602.0
2015-02-13,1640.0
2015-02-14,1719.0
2015-02-15,1699.0
2015-02-16,1705.0
2015-02-17,1727.0
2015-02-18,1744.0
2015-02-19,1768.0
2015-02-20,1784.0
2015-02-21,1849.0
2015-02-22,1835.0
2015-02-23,1814.0
2015-02-24,1795.0
2015-02-25,1948.0
2015-02-26,1896.0
2015-02-27,1705.0
2015-02-28,1681.0
2015-03-01,1697.0
2015-03-02,2500.0
2015-03-03,2347.0
2015-03-04,2225.0
2015-03-05,2164.0
2015-03-06,2059.0
2015-03-07,1982.0
2015-03-08,1971.0
2015-03-09,2004.0
2015-03-10,2061.0
2015-03-11,2196.0
2015-03-12,2269.0
2015-03-13,2268.0
2015-03-14,2295.0
2015-03-15,2228.0
2015-03-16,2181.0
2015-03-17,2144.0
2015-03-18,2295.0
2015-03-19,2365.0
2015-03-20,2282.0
2015-03-21,2349.0
2015-03-22,2410.0
2015-03-23,2278.0
2015-03-24,2301.0
2015-03-25,2397.0
2015-03-26,2488.0
2015-03-27,2740.0
2015-03-28,2718.0
2015-03-29,2779.0
2015-03-30,3554.0
2015-03-31,3856.0
2015-04-01,3905.0
2015-04-02,3655.0
2015-04-03,3538.0
2015-04-04,3505.0
2015-04-05,3485.0
2015-04-06,3416.0
2015-04-07,3356.0
2015-04-08,3308.0
2015-04-09,3379.0
2015-04-10,3521.0
2015-04-11,3567.0
2015-04-12,3636.0
2015-04-13,3793.0
2015-04-14,3992.0
2015-04-15,4173.0
2015-04-16,4449.0
2015-04-17,4615.0
2015-04-18,4765.0
2015-04-19,5193.0
2015-04-20,5219.0
2015-04-21,5216.0
2015-04-22,5371.0
2015-04-23,5497.0
2015-04-24,5598.0
2015-04-25,5916.0
2015-04-26,6010.0
2015-04-27,6420.0
2015-04-28,6208.0
2015-04-29,5707.0
2015-04-30,5218.0
2015-05-01,20564.0
2015-05-02,22553.0
2015-05-03,17773.0
2015-05-04,21403.0
2015-05-05,18506.0
2015-05-06,16304.0
2015-05-07,14667.0
2015-05-08,13717.0
2015-05-09,12531.0
2015-05-10,12055.0
2015-05-11,11832.0
2015-05-12,11817.0
2015-05-13,11569.0
2015-05-14,11231.0
2015-05-15,11150.0
2015-05-16,10203.0
2015-05-17,9793.0
2015-05-18,9944.0
2015-05-19,9817.0
2015-05-20,8795.0
2015-05-21,8046.0
2015-05-22,7420.0
2015-05-23,6987.0
2015-05-24,6677.0
2015-05-25,6418.0
2015-05-26,6274.0
2015-05-27,6131.0
2015-05-28,6135.0
2015-05-29,6228.0
2015-05-30,6220.0
2015-05-31,6317.0
2015-06-01,6277.0
2015-06-02,6458.0
2015-06-03,6643.0
2015-06-04,7921.0
2015-06-05,8554.0
2015-06-06,8283.0
2015-06-07,8539.0
2015-06-08,8833.0
2015-06-09,8715.0
2015-06-10,8141.0
2015-06-11,7569.0
2015-06-12,8991.0
2015-06-13,11511.0
2015-06-14,12133.0
2015-06-15,11576.0
2015-06-16,11149.0
2015-06-17,11285.0
2015-06-18,10208.0
2015-06-19,9623.0
2015-06-20,9035.0
2015-06-21,8240.0
2015-06-22,7723.0
2015-06-23,7426.0
2015-06-24,6959.0
2015-06-25,6665.0
2015-06-26,6360.0
2015-06-27,6180.0
2015-06-28,5978.0
2015-06-29,5800.0
2015-06-30,5689.0
2015-07-01,5597.0
2015-07-02,5473.0
2015-07-03,5044.0
2015-07-04,4875.0
2015-07-05,4822.0
2015-07-06,4759.0
2015-07-07,4627.0
2015-07-08,4476.0
2015-07-09,4328.0
2015-07-10,4175.0
2015-07-11,4100.0
2015-07-12,3980.0
2015-07-13,3650.0
2015-07-14,3465.0
2015-07-15,3399.0
2015-07-16,3327.0
2015-07-17,3240.0
2015-07-18,3201.0
2015-07-19,3134.0
2015-07-20,3101.0
2015-07-21,4351.0
2015-07-22,7810.0
2015-07-23,6181.0
2015-07-24,4955.0
2015-07-25,5159.0
2015-07-26,4426.0
2015-07-27,4620.0
2015-07-28,4062.0
2015-07-29,3446.0
2015-07-30,3340.0
2015-07-31,3316.0
2015-08-01,4135.0
2015-08-02,3425.0
2015-08-03,3125.0
2015-08-04,2996.0
2015-08-05,2899.0
2015-08-06,2802.0
2015-08-07,2705.0
2015-08-08,2616.0
2015-08-09,3207.0
2015-08-10,2966.0
2015-08-11,2601.0
2015-08-12,2503.0
2015-08-13,2452.0
2015-08-14,2553.0
2015-08-15,3083.0
2015-08-16,2938.0
2015-08-17,2879.0
2015-08-18,2908.0
2015-08-19,2867.0
2015-08-20,3034.0
2015-08-21,2968.0
2015-08-22,2715.0
2015-08-23,2841.0
2015-08-24,4472.0
2015-08-25,3578.0
2015-08-26,3044.0
2015-08-27,2844.0
2015-08-28,2776.0
2015-08-29,2708.0
2015-08-30,2640.0
2015-08-31,2581.0
2015-09-01,2706.0
2015-09-02,2675.0
2015-09-03,2512.0
2015-09-04,2408.0
2015-09-05,2369.0
2015-09-06,2412.0
2015-09-07,2404.0
2015-09-08,2392.0
2015-09-09,2375.0
2015-09-10,2339.0
2015-09-11,2296.0
2015-09-12,2263.0
2015-09-13,3894.0
2015-09-14,8782.0
2015-09-15,3594.0
2015-09-16,2952.0
2015-09-17,4785.0
2015-09-18,3850.0
2015-09-19,3455.0
2015-09-20,3299.0
2015-09-21,3177.0
2015-09-22,3119.0
2015-09-23,3124.0
2015-09-24,3091.0
2015-09-25,3072.0
2015-09-26,3031.0
2015-09-27,2983.0
2015-09-28,2944.0
2015-09-29,2954.0
2015-09-30,2856.0
2015-10-01,2802.0
2015-10-02,2755.0
2015-10-03,3772.0
2015-10-04,4154.0
2015-10-05,4280.0
2015-10-06,6290.0
2015-10-07,7095.0
2015-10-08,5483.0
2015-10-09,4802.0
2015-10-10,4353.0
2015-10-11,4008.0
2015-10-12,3939.0
2015-10-13,5196.0
2015-10-14,5440.0
2015-10-15,5438.0
2015-10-16,5175.0
2015-10-17,4543.0
2015-10-18,4345.0
2015-10-19,4159.0
2015-10-20,4046.0
2015-10-21,3907.0
2015-10-22,3770.0
2015-10-23,3654.0
2015-10-24,3564.0
2015-10-25,3481.0
2015-10-26,3405.0
2015-10-27,3359.0
2015-10-28,4433.0
2015-10-29,4078.0
2015-10-30,3537.0
2015-10-31,3357.0
2015-11-01,3210.0
2015-11-02,3076.0
2015-11-03,3263.0
2015-11-04,3376.0
2015-11-05,3284.0
2015-11-06,3216.0
2015-11-07,3162.0
2015-11-08,3092.0
2015-11-09,3022.0
2015-11-10,2952.0
2015-11-11,2882.0
2015-11-12,2846.0
2015-11-13,2756.0
2015-11-14,2681.0
2015-11-15,2619.0
2015-11-16,2551.0
2015-11-17,2489.0
2015-11-18,2432.0
2015-11-19,2387.0
2015-11-20,2634.0
2015-11-21,4869.0
2015-11-22,3434.0
2015-11-23,3140.0
2015-11-24,2966.0
2015-11-25,2874.0
2015-11-26,2776.0
2015-11-27,2687.0
2015-11-28,2598.0
2015-11-29,2510.0
2015-11-30,2343.0
2015-12-01,2240.0
2015-12-02,2185.0
2015-12-03,2125.0
2015-12-04,2078.0
2015-12-05,2043.0
2015-12-06,2006.0
2015-12-07,1969.0
2015-12-08,1929.0
2015-12-09,1889.0
2015-12-10,1846.0
2015-12-11,1954.0
2015-12-12,1790.0
2015-12-13,1760.0
2015-12-14,1720.0
2015-12-15,1690.0
2015-12-16,1660.0
2015-12-17,1630.0
2015-12-18,1600.0
2015-12-19,1560.0
2015-12-20,1530.0
2015-12-21,1500.0
2015-12-22,1460.0
2015-12-23,1430.0
2015-12-24,1400.0
2015-12-25,1370.0
2015-12-26,1340.0
2015-12-27,1310.0
2015-12-28,1280.0
2015-12-29,1250.0
2015-12-30,1472.0
2015-12-31,1481.0
2016-01-01,1487.0
2016-01-02,1521.0
2016-01-03,1459.0
2016-01-04,1581.0
2016-01-05,1605.0
2016-01-06,1579.0
2016-01-07,1848.0
2016-01-08,2046.0
2016-01-09,2399.0
2016-01-10,2512.0
2016-01-11,2815.0
2016-01-12,2709.0
2016-01-13,2544.0
2016-01-14,2470.0
2016-01-15,2360.0
2016-01-16,2254.0
2016-01-17,2149.0
2016-01-18,2070.0
2016-01-19,2005.0
2016-01-20,1940.0
2016-01-21,1874.0
2016-01-22,1822.0
2016-01-23,1803.0
2016-01-24,1789.0
2016-01-25,1823.0
2016-01-26,1874.0
2016-01-27,1914.0
2016-01-28,1934.0
2016-01-29,1913.0
2016-01-30,1924.0
2016-01-31,2296.0
2016-02-01,2479.0
2016-02-02,2400.0
2016-02-03,2354.0
2016-02-04,2239.0
2016-02-05,2199.0
2016-02-06,2170.0
2016-02-07,2285.0
2016-02-08,2539.0
2016-02-09,2818.0
2016-02-10,2756.0
2016-02-11,2599.0
2016-02-12,2541.0
2016-02-13,2418.0
2016-02-14,2476.0
2016-02-15,2437.0
2016-02-16,2361.0
2016-02-17,2301.0
2016-02-18,2246.0
2016-02-19,2187.0
2016-02-20,2132.0
2016-02-21,2174.0
2016-02-22,2468.0
2016-02-23,3080.0
2016-02-24,2859.0
2016-02-25,2762.0
2016-02-26,2679.0
2016-02-27,2600.0
2016-02-28,2523.0
2016-02-29,2540.0
2016-03-01,2614.0
2016-03-02,2588.0
2016-03-03,2552.0
2016-03-04,2495.0
2016-03-05,2647.0
2016-03-06,2556.0
2016-03-07,2487.0
2016-03-08,2366.0
2016-03-09,2214.0
2016-03-10,2170.0
2016-03-11,2157.0
2016-03-12,2150.0
2016-03-13,2183.0
2016-03-14,2211.0
2016-03-15,2184.0
2016-03-16,2179.0
2016-03-17,2120.0
2016-03-18,2078.0
2016-03-19,2100.0
2016-03-20,2125.0
2016-03-21,2111.0
2016-03-22,2170.0
2016-03-23,2232.0
2016-03-24,2151.0
2016-03-25,2151.0
2016-03-26,2137.0
2016-03-27,2199.0
2016-03-28,2131.0
2016-03-29,2103.0
2016-03-30,2071.0
2016-03-31,2158.0
2016-04-01,2322.0
2016-04-02,2663.0
2016-04-03,3830.0
2016-04-04,5030.0
2016-04-05,5092.0
2016-04-06,5857.0
2016-04-07,6132.0
2016-04-08,5802.0
2016-04-09,5151.0
2016-04-10,4855.0
2016-04-11,4878.0
2016-04-12,4856.0
2016-04-13,4987.0
2016-04-14,4920.0
2016-04-15,4841.0
2016-04-16,5018.0
2016-04-17,5902.0
2016-04-18,5781.0
2016-04-19,5605.0
2016-04-20,5677.0
2016-04-21,5697.0
2016-04-22,6016.0
2016-04-23,6057.0
2016-04-24,5900.0
2016-04-25,5502.0
2016-04-26,4653.0
2016-04-27,4063.0
2016-04-28,3793.0
2016-04-29,3790.0
2016-04-30,3880.0
2016-05-01,3697.0
2016-05-02,3564.0
2016-05-03,3551.0
2016-05-04,3632.0
2016-05-05,3921.0
2016-05-06,4347.0
2016-05-07,4497.0
2016-05-08,4430.0
2016-05-09,4765.0
2016-05-10,8923.0
2016-05-11,11601.0
2016-05-12,10962.0
2016-05-13,8875.0
2016-05-14,7406.0
2016-05-15,7282.0
2016-05-16,7216.0
2016-05-17,7352.0
2016-05-18,7413.0
2016-05-19,7631.0
2016-05-20,6649.0
2016-05-21,6872.0
2016-05-22,7964.0
2016-05-23,8382.0
2016-05-24,7163.0
2016-05-25,6535.0
2016-05-26,6516.0
2016-05-27,8116.0
2016-05-28,9972.0
2016-05-29,11702.0
2016-05-30,10646.0
2016-05-31,9784.0
2016-06-01,9291.0
2016-06-02,9027.0
2016-06-03,8683.0
2016-06-04,8929.0
2016-06-05,9454.0
2016-06-06,9751.0
2016-06-07,9726.0
2016-06-08,10075.0
2016-06-09,9936.0
2016-06-10,9734.0
2016-06-11,9233.0
2016-06-12,8845.0
2016-06-13,8310.0
2016-06-14,8304.0
2016-06-15,7781.0
2016-06-16,14154.0
2016-06-17,13305.0
2016-06-18,10956.0
2016-06-19,10964.0
2016-06-20,10252.0
2016-06-21,10230.0
2016-06-22,10742.0
2016-06-23,11239.0
2016-06-24,11592.0
2016-06-25,11122.0
2016-06-26,9940.0
2016-06-27,9070.0
2016-06-28,8879.0
2016-06-29,8518.0
2016-06-30,8199.0
2016-07-01,8087.0
2016-07-02,8130.0
2016-07-03,7676.0
2016-07-04,7296.0
2016-07-05,7041.0
2016-07-06,6631.0
2016-07-07,6206.0
2016-07-08,6142.0
2016-07-09,5971.0
2016-07-10,5952.0
2016-07-11,6130.0
2016-07-12,8780.0
2016-07-13,7094.0
2016-07-14,5761.0
2016-07-15,5311.0
2016-07-16,4974.0
2016-07-17,4917.0
2016-07-18,4940.0
2016-07-19,4880.0
2016-07-20,4691.0
2016-07-21,4704.0
2016-07-22,8382.0
2016-07-23,6283.0
2016-07-24,5793.0
2016-07-25,5441.0
2016-07-26,5072.0
2016-07-27,4593.0
2016-07-28,4343.0
2016-07-29,4164.0
2016-07-30,4073.0
2016-07-31,5315.0
2016-08-01,4202.0
2016-08-02,3764.0
2016-08-03,3587.0
2016-08-04,3717.0
2016-08-05,5135.0
2016-08-06,3710.0
2016-08-07,3508.0
2016-08-08,3358.0
2016-08-09,3261.0
2016-08-10,3090.0
2016-08-11,2990.0
2016-08-12,2867.0
2016-08-13,2763.0
2016-08-14,2684.0
2016-08-15,2603.0
2016-08-16,2523.0
2016-08-17,2478.0
2016-08-18,2414.0
2016-08-19,2352.0
2016-08-20,2424.0
2016-08-21,2332.0
2016-08-22,2241.0
2016-08-23,2166.0
2016-08-24,2096.0
2016-08-25,2025.0
2016-08-26,1966.0
2016-08-27,1950.0
2016-08-28,1908.0
2016-08-29,1863.0
2016-08-30,1856.0
2016-08-31,1838.0
2016-09-01,1777.0
2016-09-02,1733.0
2016-09-03,1684.0
2016-09-04,1659.0
2016-09-05,1624.0
2016-09-06,1597.0
2016-09-07,1607.0
2016-09-08,2397.0
2016-09-09,1878.0
2016-09-10,1702.0
2016-09-11,1683.0
2016-09-12,1685.0
2016-09-13,1770.0
2016-09-14,1616.0
2016-09-15,1756.0
2016-09-16,1502.0
2016-09-17,1546.0
2016-09-18,1598.0
2016-09-19,1506.0
2016-09-20,1469.0
2016-09-21,1477.0
2016-09-22,1495.0
2016-09-23,1393.0
2016-09-24,1293.0
2016-09-25,1278.0
2016-09-26,1254.0
2016-09-27,1361.0
2016-09-28,1403.0
2016-09-29,1395.0
2016-09-30,1323.0
2016-10-01,1364.0
2016-10-02,1295.0
2016-10-03,1288.0
2016-10-04,1327.0
2016-10-05,1299.0
2016-10-06,1273.0
2016-10-07,1276.0
2016-10-08,1290.0
2016-10-09,1274.0
2016-10-10,1258.0
2016-10-11,1242.0
2016-10-12,1228.0
2016-10-13,1400.0
2016-10-14,6221.0
2016-10-15,4037.0
2016-10-16,2348.0
2016-10-17,2223.0
2016-10-18,2028.0
2016-10-19,2010.0
2016-10-20,2019.0
2016-10-21,1908.0
2016-10-22,1800.0
2016-10-23,1762.0
2016-10-24,1746.0
2016-10-25,3763.0
2016-10-26,3872.0
2016-10-27,3051.0
2016-10-28,2859.0
2016-10-29,2741.0
2016-10-30,2575.0
2016-10-31,2281.0
2016-11-01,2098.0
2016-11-02,2908.0
2016-11-03,3207.0
2016-11-04,3164.0
2016-11-05,5074.0
2016-11-06,6889.0
2016-11-07,5003.0
2016-11-08,4465.0
2016-11-09,4206.0
2016-11-10,4050.0
2016-11-11,4095.0
2016-11-12,3911.0
2016-11-13,3848.0
2016-11-14,3815.0
2016-11-15,3789.0
2016-11-16,3811.0
2016-11-17,3862.0
2016-11-18,4140.0
2016-11-19,5415.0
2016-11-20,4793.0
2016-11-21,7180.0
2016-11-22,12466.0
2016-11-23,10638.0
2016-11-24,9814.0
2016-11-25,9752.0
2016-11-26,8868.0
2016-11-27,8185.0
2016-11-28,7696.0
2016-11-29,7232.0
2016-11-30,6788.0
2016-12-01,6692.0
2016-12-02,6400.0
2016-12-03,6120.0
2016-12-04,5842.0
2016-12-05,5549.0
2016-12-06,5255.0
2016-12-07,5020.0
2016-12-08,4795.0
2016-12-09,4648.0
2016-12-10,4536.0
2016-12-11,4320.0
2016-12-12,4206.0
2016-12-13,3913.0
2016-12-14,3461.0
2016-12-15,2910.0
2016-12-16,2474.0
2016-12-17,2335.0
2016-12-18,2199.0
2016-12-19,2150.0
2016-12-20,2119.0
2016-12-21,2042.0
2016-12-22,2001.0
